const uint8_t ems_zh_24_vlw[] PROGMEM = {
  0x00, 0x00, 0x00, 0xe6, 0x00, 0x00, 0x00, 0x00, 0x00, 0x00, 0x00, 0x18,
  0x00, 0x00, 0x00, 0x00, 0x00, 0x00, 0x00, 0x18, 0x00, 0x00, 0x00, 0x07,
  0x00, 0x00, 0x00, 0x20, 0x00, 0x00, 0x00, 0x00, 0x00, 0x00, 0x00, 0x00,
  0x00, 0x00, 0x00, 0x0c, 0x00, 0x00, 0x00, 0x00, 0x00, 0x00, 0x00, 0x00,
  0x00, 0x00, 0x00, 0x00, 0x00, 0x00, 0x00, 0x21, 0x00, 0x00, 0x00, 0x12,
  0x00, 0x00, 0x00, 0x06, 0x00, 0x00, 0x00, 0x0c, 0x00, 0x00, 0x00, 0x12,
  0x00, 0x00, 0x00, 0x03, 0x00, 0x00, 0x00, 0x00, 0x00, 0x00, 0x00, 0x22,
  0x00, 0x00, 0x00, 0x08, 0x00, 0x00, 0x00, 0x08, 0x00, 0x00, 0x00, 0x0c,
  0x00, 0x00, 0x00, 0x13, 0x00, 0x00, 0x00, 0x02, 0x00, 0x00, 0x00, 0x00,
  0x00, 0x00, 0x00, 0x23, 0x00, 0x00, 0x00, 0x14, 0x00, 0x00, 0x00, 0x0c,
  0x00, 0x00, 0x00, 0x0c, 0x00, 0x00, 0x00, 0x12, 0x00, 0x00, 0x00, 0x00,
  0x00, 0x00, 0x00, 0x00, 0x00, 0x00, 0x00, 0x24, 0x00, 0x00, 0x00, 0x17,
  0x00, 0x00, 0x00, 0x0a, 0x00, 0x00, 0x00, 0x0c, 0x00, 0x00, 0x00, 0x15,
  0x00, 0x00, 0x00, 0x01, 0x00, 0x00, 0x00, 0x00, 0x00, 0x00, 0x00, 0x25,
  0x00, 0x00, 0x00, 0x12, 0x00, 0x00, 0x00, 0x0c, 0x00, 0x00, 0x00, 0x0c,
  0x00, 0x00, 0x00, 0x12, 0x00, 0x00, 0x00, 0x00, 0x00, 0x00, 0x00, 0x00,
  0x00, 0x00, 0x00, 0x26, 0x00, 0x00, 0x00, 0x12, 0x00, 0x00, 0x00, 0x0d,
  0x00, 0x00, 0x00, 0x0c, 0x00, 0x00, 0x00, 0x12, 0x00, 0x00, 0x00, 0x00,
  0x00, 0x00, 0x00, 0x00, 0x00, 0x00, 0x00, 0x27, 0x00, 0x00, 0x00, 0x08,
  0x00, 0x00, 0x00, 0x04, 0x00, 0x00, 0x00, 0x0c, 0x00, 0x00, 0x00, 0x13,
  0x00, 0x00, 0x00, 0x04, 0x00, 0x00, 0x00, 0x00, 0x00, 0x00, 0x00, 0x28,
  0x00, 0x00, 0x00, 0x19, 0x00, 0x00, 0x00, 0x09, 0x00, 0x00, 0x00, 0x0c,
  0x00, 0x00, 0x00, 0x15, 0x00, 0x00, 0x00, 0x03, 0x00, 0x00, 0x00, 0x00,
  0x00, 0x00, 0x00, 0x29, 0x00, 0x00, 0x00, 0x19, 0x00, 0x00, 0x00, 0x09,
  0x00, 0x00, 0x00, 0x0c, 0x00, 0x00, 0x00, 0x15, 0x00, 0x00, 0x00, 0x00,
  0x00, 0x00, 0x00, 0x00, 0x00, 0x00, 0x00, 0x2a, 0x00, 0x00, 0x00, 0x0a,
  0x00, 0x00, 0x00, 0x0c, 0x00, 0x00, 0x00, 0x0c, 0x00, 0x00, 0x00, 0x13,
  0x00, 0x00, 0x00, 0x00, 0x00, 0x00, 0x00, 0x00, 0x00, 0x00, 0x00, 0x2b,
  0x00, 0x00, 0x00, 0x0a, 0x00, 0x00, 0x00, 0x0a, 0x00, 0x00, 0x00, 0x0c,
  0x00, 0x00, 0x00, 0x0d, 0x00, 0x00, 0x00, 0x01, 0x00, 0x00, 0x00, 0x00,
  0x00, 0x00, 0x00, 0x2c, 0x00, 0x00, 0x00, 0x0a, 0x00, 0x00, 0x00, 0x06,
  0x00, 0x00, 0x00, 0x0c, 0x00, 0x00, 0x00, 0x05, 0x00, 0x00, 0x00, 0x03,
  0x00, 0x00, 0x00, 0x00, 0x00, 0x00, 0x00, 0x2d, 0x00, 0x00, 0x00, 0x03,
  0x00, 0x00, 0x00, 0x0a, 0x00, 0x00, 0x00, 0x0c, 0x00, 0x00, 0x00, 0x0a,
  0x00, 0x00, 0x00, 0x01, 0x00, 0x00, 0x00, 0x00, 0x00, 0x00, 0x00, 0x2e,
  0x00, 0x00, 0x00, 0x05, 0x00, 0x00, 0x00, 0x06, 0x00, 0x00, 0x00, 0x0c,
  0x00, 0x00, 0x00, 0x05, 0x00, 0x00, 0x00, 0x03, 0x00, 0x00, 0x00, 0x00,
  0x00, 0x00, 0x00, 0x2f, 0x00, 0x00, 0x00, 0x18, 0x00, 0x00, 0x00, 0x0c,
  0x00, 0x00, 0x00, 0x0c, 0x00, 0x00, 0x00, 0x15, 0x00, 0x00, 0x00, 0x00,
  0x00, 0x00, 0x00, 0x00, 0x00, 0x00, 0x00, 0x30, 0x00, 0x00, 0x00, 0x12,
  0x00, 0x00, 0x00, 0x0c, 0x00, 0x00, 0x00, 0x0c, 0x00, 0x00, 0x00, 0x12,
  0x00, 0x00, 0x00, 0x00, 0x00, 0x00, 0x00, 0x00, 0x00, 0x00, 0x00, 0x31,
  0x00, 0x00, 0x00, 0x12, 0x00, 0x00, 0x00, 0x08, 0x00, 0x00, 0x00, 0x0c,
  0x00, 0x00, 0x00, 0x12, 0x00, 0x00, 0x00, 0x01, 0x00, 0x00, 0x00, 0x00,
  0x00, 0x00, 0x00, 0x32, 0x00, 0x00, 0x00, 0x12, 0x00, 0x00, 0x00, 0x0a,
  0x00, 0x00, 0x00, 0x0c, 0x00, 0x00, 0x00, 0x12, 0x00, 0x00, 0x00, 0x01,
  0x00, 0x00, 0x00, 0x00, 0x00, 0x00, 0x00, 0x33, 0x00, 0x00, 0x00, 0x12,
  0x00, 0x00, 0x00, 0x0c, 0x00, 0x00, 0x00, 0x0c, 0x00, 0x00, 0x00, 0x12,
  0x00, 0x00, 0x00, 0x00, 0x00, 0x00, 0x00, 0x00, 0x00, 0x00, 0x00, 0x34,
  0x00, 0x00, 0x00, 0x12, 0x00, 0x00, 0x00, 0x0b, 0x00, 0x00, 0x00, 0x0c,
  0x00, 0x00, 0x00, 0x12, 0x00, 0x00, 0x00, 0x00, 0x00, 0x00, 0x00, 0x00,
  0x00, 0x00, 0x00, 0x35, 0x00, 0x00, 0x00, 0x12, 0x00, 0x00, 0x00, 0x0b,
  0x00, 0x00, 0x00, 0x0c, 0x00, 0x00, 0x00, 0x12, 0x00, 0x00, 0x00, 0x01,
  0x00, 0x00, 0x00, 0x00, 0x00, 0x00, 0x00, 0x36, 0x00, 0x00, 0x00, 0x12,
  0x00, 0x00, 0x00, 0x0c, 0x00, 0x00, 0x00, 0x0c, 0x00, 0x00, 0x00, 0x12,
  0x00, 0x00, 0x00, 0x00, 0x00, 0x00, 0x00, 0x00, 0x00, 0x00, 0x00, 0x37,
  0x00, 0x00, 0x00, 0x12, 0x00, 0x00, 0x00, 0x0a, 0x00, 0x00, 0x00, 0x0c,
  0x00, 0x00, 0x00, 0x12, 0x00, 0x00, 0x00, 0x01, 0x00, 0x00, 0x00, 0x00,
  0x00, 0x00, 0x00, 0x38, 0x00, 0x00, 0x00, 0x12, 0x00, 0x00, 0x00, 0x0c,
  0x00, 0x00, 0x00, 0x0c, 0x00, 0x00, 0x00, 0x12, 0x00, 0x00, 0x00, 0x00,
  0x00, 0x00, 0x00, 0x00, 0x00, 0x00, 0x00, 0x39, 0x00, 0x00, 0x00, 0x12,
  0x00, 0x00, 0x00, 0x0c, 0x00, 0x00, 0x00, 0x0c, 0x00, 0x00, 0x00, 0x12,
  0x00, 0x00, 0x00, 0x00, 0x00, 0x00, 0x00, 0x00, 0x00, 0x00, 0x00, 0x3a,
  0x00, 0x00, 0x00, 0x0d, 0x00, 0x00, 0x00, 0x06, 0x00, 0x00, 0x00, 0x0c,
  0x00, 0x00, 0x00, 0x0d, 0x00, 0x00, 0x00, 0x03, 0x00, 0x00, 0x00, 0x00,
  0x00, 0x00, 0x00, 0x3b, 0x00, 0x00, 0x00, 0x13, 0x00, 0x00, 0x00, 0x06,
  0x00, 0x00, 0x00, 0x0c, 0x00, 0x00, 0x00, 0x0d, 0x00, 0x00, 0x00, 0x03,
  0x00, 0x00, 0x00, 0x00, 0x00, 0x00, 0x00, 0x3c, 0x00, 0x00, 0x00, 0x0c,
  0x00, 0x00, 0x00, 0x0b, 0x00, 0x00, 0x00, 0x0c, 0x00, 0x00, 0x00, 0x0e,
  0x00, 0x00, 0x00, 0x01, 0x00, 0x00, 0x00, 0x00, 0x00, 0x00, 0x00, 0x3d,
  0x00, 0x00, 0x00, 0x07, 0x00, 0x00, 0x00, 0x0a, 0x00, 0x00, 0x00, 0x0c,
  0x00, 0x00, 0x00, 0x0c, 0x00, 0x00, 0x00, 0x01, 0x00, 0x00, 0x00, 0x00,
  0x00, 0x00, 0x00, 0x3e, 0x00, 0x00, 0x00, 0x0c, 0x00, 0x00, 0x00, 0x0b,
  0x00, 0x00, 0x00, 0x0c, 0x00, 0x00, 0x00, 0x0e, 0x00, 0x00, 0x00, 0x00,
  0x00, 0x00, 0x00, 0x00, 0x00, 0x00, 0x00, 0x3f, 0x00, 0x00, 0x00, 0x12,
  0x00, 0x00, 0x00, 0x0a, 0x00, 0x00, 0x00, 0x0c, 0x00, 0x00, 0x00, 0x12,
  0x00, 0x00, 0x00, 0x01, 0x00, 0x00, 0x00, 0x00, 0x00, 0x00, 0x00, 0x40,
  0x00, 0x00, 0x00, 0x15, 0x00, 0x00, 0x00, 0x0a, 0x00, 0x00, 0x00, 0x0c,
  0x00, 0x00, 0x00, 0x12, 0x00, 0x00, 0x00, 0x01, 0x00, 0x00, 0x00, 0x00,
  0x00, 0x00, 0x00, 0x41, 0x00, 0x00, 0x00, 0x12, 0x00, 0x00, 0x00, 0x0c,
  0x00, 0x00, 0x00, 0x0c, 0x00, 0x00, 0x00, 0x12, 0x00, 0x00, 0x00, 0x00,
  0x00, 0x00, 0x00, 0x00, 0x00, 0x00, 0x00, 0x42, 0x00, 0x00, 0x00, 0x12,
  0x00, 0x00, 0x00, 0x0b, 0x00, 0x00, 0x00, 0x0c, 0x00, 0x00, 0x00, 0x12,
  0x00, 0x00, 0x00, 0x01, 0x00, 0x00, 0x00, 0x00, 0x00, 0x00, 0x00, 0x43,
  0x00, 0x00, 0x00, 0x12, 0x00, 0x00, 0x00, 0x0b, 0x00, 0x00, 0x00, 0x0c,
  0x00, 0x00, 0x00, 0x12, 0x00, 0x00, 0x00, 0x00, 0x00, 0x00, 0x00, 0x00,
  0x00, 0x00, 0x00, 0x44, 0x00, 0x00, 0x00, 0x12, 0x00, 0x00, 0x00, 0x0b,
  0x00, 0x00, 0x00, 0x0c, 0x00, 0x00, 0x00, 0x12, 0x00, 0x00, 0x00, 0x01,
  0x00, 0x00, 0x00, 0x00, 0x00, 0x00, 0x00, 0x45, 0x00, 0x00, 0x00, 0x12,
  0x00, 0x00, 0x00, 0x0a, 0x00, 0x00, 0x00, 0x0c, 0x00, 0x00, 0x00, 0x12,
  0x00, 0x00, 0x00, 0x01, 0x00, 0x00, 0x00, 0x00, 0x00, 0x00, 0x00, 0x46,
  0x00, 0x00, 0x00, 0x12, 0x00, 0x00, 0x00, 0x0a, 0x00, 0x00, 0x00, 0x0c,
  0x00, 0x00, 0x00, 0x12, 0x00, 0x00, 0x00, 0x01, 0x00, 0x00, 0x00, 0x00,
  0x00, 0x00, 0x00, 0x47, 0x00, 0x00, 0x00, 0x12, 0x00, 0x00, 0x00, 0x0b,
  0x00, 0x00, 0x00, 0x0c, 0x00, 0x00, 0x00, 0x12, 0x00, 0x00, 0x00, 0x00,
  0x00, 0x00, 0x00, 0x00, 0x00, 0x00, 0x00, 0x48, 0x00, 0x00, 0x00, 0x12,
  0x00, 0x00, 0x00, 0x0a, 0x00, 0x00, 0x00, 0x0c, 0x00, 0x00, 0x00, 0x12,
  0x00, 0x00, 0x00, 0x01, 0x00, 0x00, 0x00, 0x00, 0x00, 0x00, 0x00, 0x49,
  0x00, 0x00, 0x00, 0x12, 0x00, 0x00, 0x00, 0x0a, 0x00, 0x00, 0x00, 0x0c,
  0x00, 0x00, 0x00, 0x12, 0x00, 0x00, 0x00, 0x01, 0x00, 0x00, 0x00, 0x00,
  0x00, 0x00, 0x00, 0x4a, 0x00, 0x00, 0x00, 0x12, 0x00, 0x00, 0x00, 0x0b,
  0x00, 0x00, 0x00, 0x0c, 0x00, 0x00, 0x00, 0x12, 0x00, 0x00, 0x00, 0x00,
  0x00, 0x00, 0x00, 0x00, 0x00, 0x00, 0x00, 0x4b, 0x00, 0x00, 0x00, 0x12,
  0x00, 0x00, 0x00, 0x0b, 0x00, 0x00, 0x00, 0x0c, 0x00, 0x00, 0x00, 0x12,
  0x00, 0x00, 0x00, 0x01, 0x00, 0x00, 0x00, 0x00, 0x00, 0x00, 0x00, 0x4c,
  0x00, 0x00, 0x00, 0x12, 0x00, 0x00, 0x00, 0x0b, 0x00, 0x00, 0x00, 0x0c,
  0x00, 0x00, 0x00, 0x12, 0x00, 0x00, 0x00, 0x01, 0x00, 0x00, 0x00, 0x00,
  0x00, 0x00, 0x00, 0x4d, 0x00, 0x00, 0x00, 0x12, 0x00, 0x00, 0x00, 0x0c,
  0x00, 0x00, 0x00, 0x0c, 0x00, 0x00, 0x00, 0x12, 0x00, 0x00, 0x00, 0x00,
  0x00, 0x00, 0x00, 0x00, 0x00, 0x00, 0x00, 0x4e, 0x00, 0x00, 0x00, 0x12,
  0x00, 0x00, 0x00, 0x0a, 0x00, 0x00, 0x00, 0x0c, 0x00, 0x00, 0x00, 0x12,
  0x00, 0x00, 0x00, 0x01, 0x00, 0x00, 0x00, 0x00, 0x00, 0x00, 0x00, 0x4f,
  0x00, 0x00, 0x00, 0x12, 0x00, 0x00, 0x00, 0x0c, 0x00, 0x00, 0x00, 0x0c,
  0x00, 0x00, 0x00, 0x12, 0x00, 0x00, 0x00, 0x00, 0x00, 0x00, 0x00, 0x00,
  0x00, 0x00, 0x00, 0x50, 0x00, 0x00, 0x00, 0x12, 0x00, 0x00, 0x00, 0x0b,
  0x00, 0x00, 0x00, 0x0c, 0x00, 0x00, 0x00, 0x12, 0x00, 0x00, 0x00, 0x01,
  0x00, 0x00, 0x00, 0x00, 0x00, 0x00, 0x00, 0x51, 0x00, 0x00, 0x00, 0x16,
  0x00, 0x00, 0x00, 0x0c, 0x00, 0x00, 0x00, 0x0c, 0x00, 0x00, 0x00, 0x12,
  0x00, 0x00, 0x00, 0x00, 0x00, 0x00, 0x00, 0x00, 0x00, 0x00, 0x00, 0x52,
  0x00, 0x00, 0x00, 0x12, 0x00, 0x00, 0x00, 0x0b, 0x00, 0x00, 0x00, 0x0c,
  0x00, 0x00, 0x00, 0x12, 0x00, 0x00, 0x00, 0x01, 0x00, 0x00, 0x00, 0x00,
  0x00, 0x00, 0x00, 0x53, 0x00, 0x00, 0x00, 0x12, 0x00, 0x00, 0x00, 0x0c,
  0x00, 0x00, 0x00, 0x0c, 0x00, 0x00, 0x00, 0x12, 0x00, 0x00, 0x00, 0x00,
  0x00, 0x00, 0x00, 0x00, 0x00, 0x00, 0x00, 0x54, 0x00, 0x00, 0x00, 0x12,
  0x00, 0x00, 0x00, 0x0c, 0x00, 0x00, 0x00, 0x0c, 0x00, 0x00, 0x00, 0x12,
  0x00, 0x00, 0x00, 0x00, 0x00, 0x00, 0x00, 0x00, 0x00, 0x00, 0x00, 0x55,
  0x00, 0x00, 0x00, 0x12, 0x00, 0x00, 0x00, 0x0a, 0x00, 0x00, 0x00, 0x0c,
  0x00, 0x00, 0x00, 0x12, 0x00, 0x00, 0x00, 0x01, 0x00, 0x00, 0x00, 0x00,
  0x00, 0x00, 0x00, 0x56, 0x00, 0x00, 0x00, 0x12, 0x00, 0x00, 0x00, 0x0c,
  0x00, 0x00, 0x00, 0x0c, 0x00, 0x00, 0x00, 0x12, 0x00, 0x00, 0x00, 0x00,
  0x00, 0x00, 0x00, 0x00, 0x00, 0x00, 0x00, 0x57, 0x00, 0x00, 0x00, 0x12,
  0x00, 0x00, 0x00, 0x0c, 0x00, 0x00, 0x00, 0x0c, 0x00, 0x00, 0x00, 0x12,
  0x00, 0x00, 0x00, 0x00, 0x00, 0x00, 0x00, 0x00, 0x00, 0x00, 0x00, 0x58,
  0x00, 0x00, 0x00, 0x12, 0x00, 0x00, 0x00, 0x0c, 0x00, 0x00, 0x00, 0x0c,
  0x00, 0x00, 0x00, 0x12, 0x00, 0x00, 0x00, 0x00, 0x00, 0x00, 0x00, 0x00,
  0x00, 0x00, 0x00, 0x59, 0x00, 0x00, 0x00, 0x12, 0x00, 0x00, 0x00, 0x0c,
  0x00, 0x00, 0x00, 0x0c, 0x00, 0x00, 0x00, 0x12, 0x00, 0x00, 0x00, 0x00,
  0x00, 0x00, 0x00, 0x00, 0x00, 0x00, 0x00, 0x5a, 0x00, 0x00, 0x00, 0x12,
  0x00, 0x00, 0x00, 0x0a, 0x00, 0x00, 0x00, 0x0c, 0x00, 0x00, 0x00, 0x12,
  0x00, 0x00, 0x00, 0x01, 0x00, 0x00, 0x00, 0x00, 0x00, 0x00, 0x00, 0x5b,
  0x00, 0x00, 0x00, 0x18, 0x00, 0x00, 0x00, 0x09, 0x00, 0x00, 0x00, 0x0c,
  0x00, 0x00, 0x00, 0x15, 0x00, 0x00, 0x00, 0x02, 0x00, 0x00, 0x00, 0x00,
  0x00, 0x00, 0x00, 0x5c, 0x00, 0x00, 0x00, 0x18, 0x00, 0x00, 0x00, 0x0c,
  0x00, 0x00, 0x00, 0x0c, 0x00, 0x00, 0x00, 0x15, 0x00, 0x00, 0x00, 0x00,
  0x00, 0x00, 0x00, 0x00, 0x00, 0x00, 0x00, 0x5d, 0x00, 0x00, 0x00, 0x18,
  0x00, 0x00, 0x00, 0x09, 0x00, 0x00, 0x00, 0x0c, 0x00, 0x00, 0x00, 0x15,
  0x00, 0x00, 0x00, 0x01, 0x00, 0x00, 0x00, 0x00, 0x00, 0x00, 0x00, 0x5e,
  0x00, 0x00, 0x00, 0x07, 0x00, 0x00, 0x00, 0x0c, 0x00, 0x00, 0x00, 0x0c,
  0x00, 0x00, 0x00, 0x13, 0x00, 0x00, 0x00, 0x00, 0x00, 0x00, 0x00, 0x00,
  0x00, 0x00, 0x00, 0x5f, 0x00, 0x00, 0x00, 0x03, 0x00, 0x00, 0x00, 0x0a,
  0x00, 0x00, 0x00, 0x0c, 0x00, 0x00, 0x00, 0x01, 0x00, 0x00, 0x00, 0x01,
  0x00, 0x00, 0x00, 0x00, 0x00, 0x00, 0x00, 0x60, 0x00, 0x00, 0x00, 0x08,
  0x00, 0x00, 0x00, 0x08, 0x00, 0x00, 0x00, 0x0c, 0x00, 0x00, 0x00, 0x14,
  0x00, 0x00, 0x00, 0x01, 0x00, 0x00, 0x00, 0x00, 0x00, 0x00, 0x00, 0x61,
  0x00, 0x00, 0x00, 0x0d, 0x00, 0x00, 0x00, 0x0b, 0x00, 0x00, 0x00, 0x0c,
  0x00, 0x00, 0x00, 0x0d, 0x00, 0x00, 0x00, 0x00, 0x00, 0x00, 0x00, 0x00,
  0x00, 0x00, 0x00, 0x62, 0x00, 0x00, 0x00, 0x12, 0x00, 0x00, 0x00, 0x0b,
  0x00, 0x00, 0x00, 0x0c, 0x00, 0x00, 0x00, 0x12, 0x00, 0x00, 0x00, 0x01,
  0x00, 0x00, 0x00, 0x00, 0x00, 0x00, 0x00, 0x63, 0x00, 0x00, 0x00, 0x0d,
  0x00, 0x00, 0x00, 0x0b, 0x00, 0x00, 0x00, 0x0c, 0x00, 0x00, 0x00, 0x0d,
  0x00, 0x00, 0x00, 0x00, 0x00, 0x00, 0x00, 0x00, 0x00, 0x00, 0x00, 0x64,
  0x00, 0x00, 0x00, 0x12, 0x00, 0x00, 0x00, 0x0b, 0x00, 0x00, 0x00, 0x0c,
  0x00, 0x00, 0x00, 0x12, 0x00, 0x00, 0x00, 0x00, 0x00, 0x00, 0x00, 0x00,
  0x00, 0x00, 0x00, 0x65, 0x00, 0x00, 0x00, 0x0d, 0x00, 0x00, 0x00, 0x0c,
  0x00, 0x00, 0x00, 0x0c, 0x00, 0x00, 0x00, 0x0d, 0x00, 0x00, 0x00, 0x00,
  0x00, 0x00, 0x00, 0x00, 0x00, 0x00, 0x00, 0x66, 0x00, 0x00, 0x00, 0x12,
  0x00, 0x00, 0x00, 0x0b, 0x00, 0x00, 0x00, 0x0c, 0x00, 0x00, 0x00, 0x12,
  0x00, 0x00, 0x00, 0x01, 0x00, 0x00, 0x00, 0x00, 0x00, 0x00, 0x00, 0x67,
  0x00, 0x00, 0x00, 0x12, 0x00, 0x00, 0x00, 0x0b, 0x00, 0x00, 0x00, 0x0c,
  0x00, 0x00, 0x00, 0x0d, 0x00, 0x00, 0x00, 0x00, 0x00, 0x00, 0x00, 0x00,
  0x00, 0x00, 0x00, 0x68, 0x00, 0x00, 0x00, 0x12, 0x00, 0x00, 0x00, 0x0a,
  0x00, 0x00, 0x00, 0x0c, 0x00, 0x00, 0x00, 0x12, 0x00, 0x00, 0x00, 0x01,
  0x00, 0x00, 0x00, 0x00, 0x00, 0x00, 0x00, 0x69, 0x00, 0x00, 0x00, 0x13,
  0x00, 0x00, 0x00, 0x0a, 0x00, 0x00, 0x00, 0x0c, 0x00, 0x00, 0x00, 0x13,
  0x00, 0x00, 0x00, 0x01, 0x00, 0x00, 0x00, 0x00, 0x00, 0x00, 0x00, 0x6a,
  0x00, 0x00, 0x00, 0x18, 0x00, 0x00, 0x00, 0x09, 0x00, 0x00, 0x00, 0x0c,
  0x00, 0x00, 0x00, 0x13, 0x00, 0x00, 0x00, 0x00, 0x00, 0x00, 0x00, 0x00,
  0x00, 0x00, 0x00, 0x6b, 0x00, 0x00, 0x00, 0x12, 0x00, 0x00, 0x00, 0x0b,
  0x00, 0x00, 0x00, 0x0c, 0x00, 0x00, 0x00, 0x12, 0x00, 0x00, 0x00, 0x01,
  0x00, 0x00, 0x00, 0x00, 0x00, 0x00, 0x00, 0x6c, 0x00, 0x00, 0x00, 0x12,
  0x00, 0x00, 0x00, 0x0a, 0x00, 0x00, 0x00, 0x0c, 0x00, 0x00, 0x00, 0x12,
  0x00, 0x00, 0x00, 0x01, 0x00, 0x00, 0x00, 0x00, 0x00, 0x00, 0x00, 0x6d,
  0x00, 0x00, 0x00, 0x0d, 0x00, 0x00, 0x00, 0x0c, 0x00, 0x00, 0x00, 0x0c,
  0x00, 0x00, 0x00, 0x0d, 0x00, 0x00, 0x00, 0x00, 0x00, 0x00, 0x00, 0x00,
  0x00, 0x00, 0x00, 0x6e, 0x00, 0x00, 0x00, 0x0d, 0x00, 0x00, 0x00, 0x0a,
  0x00, 0x00, 0x00, 0x0c, 0x00, 0x00, 0x00, 0x0d, 0x00, 0x00, 0x00, 0x01,
  0x00, 0x00, 0x00, 0x00, 0x00, 0x00, 0x00, 0x6f, 0x00, 0x00, 0x00, 0x0d,
  0x00, 0x00, 0x00, 0x0c, 0x00, 0x00, 0x00, 0x0c, 0x00, 0x00, 0x00, 0x0d,
  0x00, 0x00, 0x00, 0x00, 0x00, 0x00, 0x00, 0x00, 0x00, 0x00, 0x00, 0x70,
  0x00, 0x00, 0x00, 0x12, 0x00, 0x00, 0x00, 0x0b, 0x00, 0x00, 0x00, 0x0c,
  0x00, 0x00, 0x00, 0x0d, 0x00, 0x00, 0x00, 0x01, 0x00, 0x00, 0x00, 0x00,
  0x00, 0x00, 0x00, 0x71, 0x00, 0x00, 0x00, 0x12, 0x00, 0x00, 0x00, 0x0b,
  0x00, 0x00, 0x00, 0x0c, 0x00, 0x00, 0x00, 0x0d, 0x00, 0x00, 0x00, 0x00,
  0x00, 0x00, 0x00, 0x00, 0x00, 0x00, 0x00, 0x72, 0x00, 0x00, 0x00, 0x0d,
  0x00, 0x00, 0x00, 0x0a, 0x00, 0x00, 0x00, 0x0c, 0x00, 0x00, 0x00, 0x0d,
  0x00, 0x00, 0x00, 0x02, 0x00, 0x00, 0x00, 0x00, 0x00, 0x00, 0x00, 0x73,
  0x00, 0x00, 0x00, 0x0d, 0x00, 0x00, 0x00, 0x0c, 0x00, 0x00, 0x00, 0x0c,
  0x00, 0x00, 0x00, 0x0d, 0x00, 0x00, 0x00, 0x00, 0x00, 0x00, 0x00, 0x00,
  0x00, 0x00, 0x00, 0x74, 0x00, 0x00, 0x00, 0x12, 0x00, 0x00, 0x00, 0x0b,
  0x00, 0x00, 0x00, 0x0c, 0x00, 0x00, 0x00, 0x12, 0x00, 0x00, 0x00, 0x01,
  0x00, 0x00, 0x00, 0x00, 0x00, 0x00, 0x00, 0x75, 0x00, 0x00, 0x00, 0x0d,
  0x00, 0x00, 0x00, 0x0a, 0x00, 0x00, 0x00, 0x0c, 0x00, 0x00, 0x00, 0x0d,
  0x00, 0x00, 0x00, 0x01, 0x00, 0x00, 0x00, 0x00, 0x00, 0x00, 0x00, 0x76,
  0x00, 0x00, 0x00, 0x0d, 0x00, 0x00, 0x00, 0x0c, 0x00, 0x00, 0x00, 0x0c,
  0x00, 0x00, 0x00, 0x0d, 0x00, 0x00, 0x00, 0x00, 0x00, 0x00, 0x00, 0x00,
  0x00, 0x00, 0x00, 0x77, 0x00, 0x00, 0x00, 0x0d, 0x00, 0x00, 0x00, 0x0c,
  0x00, 0x00, 0x00, 0x0c, 0x00, 0x00, 0x00, 0x0d, 0x00, 0x00, 0x00, 0x00,
  0x00, 0x00, 0x00, 0x00, 0x00, 0x00, 0x00, 0x78, 0x00, 0x00, 0x00, 0x0d,
  0x00, 0x00, 0x00, 0x0c, 0x00, 0x00, 0x00, 0x0c, 0x00, 0x00, 0x00, 0x0d,
  0x00, 0x00, 0x00, 0x00, 0x00, 0x00, 0x00, 0x00, 0x00, 0x00, 0x00, 0x79,
  0x00, 0x00, 0x00, 0x12, 0x00, 0x00, 0x00, 0x0c, 0x00, 0x00, 0x00, 0x0c,
  0x00, 0x00, 0x00, 0x0d, 0x00, 0x00, 0x00, 0x00, 0x00, 0x00, 0x00, 0x00,
  0x00, 0x00, 0x00, 0x7a, 0x00, 0x00, 0x00, 0x0d, 0x00, 0x00, 0x00, 0x0a,
  0x00, 0x00, 0x00, 0x0c, 0x00, 0x00, 0x00, 0x0d, 0x00, 0x00, 0x00, 0x01,
  0x00, 0x00, 0x00, 0x00, 0x00, 0x00, 0x00, 0x7b, 0x00, 0x00, 0x00, 0x18,
  0x00, 0x00, 0x00, 0x0a, 0x00, 0x00, 0x00, 0x0c, 0x00, 0x00, 0x00, 0x14,
  0x00, 0x00, 0x00, 0x01, 0x00, 0x00, 0x00, 0x00, 0x00, 0x00, 0x00, 0x7c,
  0x00, 0x00, 0x00, 0x17, 0x00, 0x00, 0x00, 0x04, 0x00, 0x00, 0x00, 0x0c,
  0x00, 0x00, 0x00, 0x14, 0x00, 0x00, 0x00, 0x04, 0x00, 0x00, 0x00, 0x00,
  0x00, 0x00, 0x00, 0x7d, 0x00, 0x00, 0x00, 0x18, 0x00, 0x00, 0x00, 0x0a,
  0x00, 0x00, 0x00, 0x0c, 0x00, 0x00, 0x00, 0x14, 0x00, 0x00, 0x00, 0x01,
  0x00, 0x00, 0x00, 0x00, 0x00, 0x00, 0x00, 0x7e, 0x00, 0x00, 0x00, 0x07,
  0x00, 0x00, 0x00, 0x0e, 0x00, 0x00, 0x00, 0x0c, 0x00, 0x00, 0x00, 0x0b,
  0xff, 0xff, 0xff, 0xff, 0x00, 0x00, 0x00, 0x00, 0x00, 0x00, 0x00, 0xd7,
  0x00, 0x00, 0x00, 0x0c, 0x00, 0x00, 0x00, 0x0c, 0x00, 0x00, 0x00, 0x0c,
  0x00, 0x00, 0x00, 0x0e, 0x00, 0x00, 0x00, 0x00, 0x00, 0x00, 0x00, 0x00,
  0x00, 0x00, 0x20, 0x14, 0x00, 0x00, 0x00, 0x03, 0x00, 0x00, 0x00, 0x18,
  0x00, 0x00, 0x00, 0x18, 0x00, 0x00, 0x00, 0x0a, 0x00, 0x00, 0x00, 0x00,
  0x00, 0x00, 0x00, 0x00, 0x00, 0x00, 0x30, 0x00, 0x00, 0x00, 0x00, 0x00,
  0x00, 0x00, 0x00, 0x00, 0x00, 0x00, 0x00, 0x18, 0x00, 0x00, 0x00, 0x00,
  0x00, 0x00, 0x00, 0x00, 0x00, 0x00, 0x00, 0x00, 0x00, 0x00, 0x4e, 0x00,
  0x00, 0x00, 0x00, 0x04, 0x00, 0x00, 0x00, 0x18, 0x00, 0x00, 0x00, 0x18,
  0x00, 0x00, 0x00, 0x0b, 0x00, 0x00, 0x00, 0x00, 0x00, 0x00, 0x00, 0x00,
  0x00, 0x00, 0x4e, 0x0a, 0x00, 0x00, 0x00, 0x16, 0x00, 0x00, 0x00, 0x16,
  0x00, 0x00, 0x00, 0x18, 0x00, 0x00, 0x00, 0x15, 0x00, 0x00, 0x00, 0x01,
  0x00, 0x00, 0x00, 0x00, 0x00, 0x00, 0x4e, 0x0b, 0x00, 0x00, 0x00, 0x15,
  0x00, 0x00, 0x00, 0x16, 0x00, 0x00, 0x00, 0x18, 0x00, 0x00, 0x00, 0x13,
  0x00, 0x00, 0x00, 0x01, 0x00, 0x00, 0x00, 0x00, 0x00, 0x00, 0x4e, 0x0d,
  0x00, 0x00, 0x00, 0x16, 0x00, 0x00, 0x00, 0x18, 0x00, 0x00, 0x00, 0x18,
  0x00, 0x00, 0x00, 0x14, 0x00, 0x00, 0x00, 0x00, 0x00, 0x00, 0x00, 0x00,
  0x00, 0x00, 0x4e, 0x26, 0x00, 0x00, 0x00, 0x16, 0x00, 0x00, 0x00, 0x16,
  0x00, 0x00, 0x00, 0x18, 0x00, 0x00, 0x00, 0x15, 0x00, 0x00, 0x00, 0x01,
  0x00, 0x00, 0x00, 0x00, 0x00, 0x00, 0x4e, 0x3b, 0x00, 0x00, 0x00, 0x16,
  0x00, 0x00, 0x00, 0x16, 0x00, 0x00, 0x00, 0x18, 0x00, 0x00, 0x00, 0x15,
  0x00, 0x00, 0x00, 0x01, 0x00, 0x00, 0x00, 0x00, 0x00, 0x00, 0x4e, 0x8b,
  0x00, 0x00, 0x00, 0x17, 0x00, 0x00, 0x00, 0x18, 0x00, 0x00, 0x00, 0x18,
  0x00, 0x00, 0x00, 0x15, 0x00, 0x00, 0x00, 0x00, 0x00, 0x00, 0x00, 0x00,
  0x00, 0x00, 0x4e, 0xf6, 0x00, 0x00, 0x00, 0x17, 0x00, 0x00, 0x00, 0x18,
  0x00, 0x00, 0x00, 0x18, 0x00, 0x00, 0x00, 0x15, 0x00, 0x00, 0x00, 0x00,
  0x00, 0x00, 0x00, 0x00, 0x00, 0x00, 0x4f, 0x5c, 0x00, 0x00, 0x00, 0x17,
  0x00, 0x00, 0x00, 0x18, 0x00, 0x00, 0x00, 0x18, 0x00, 0x00, 0x00, 0x15,
  0x00, 0x00, 0x00, 0x00, 0x00, 0x00, 0x00, 0x00, 0x00, 0x00, 0x4f, 0xee,
  0x00, 0x00, 0x00, 0x17, 0x00, 0x00, 0x00, 0x18, 0x00, 0x00, 0x00, 0x18,
  0x00, 0x00, 0x00, 0x15, 0x00, 0x00, 0x00, 0x00, 0x00, 0x00, 0x00, 0x00,
  0x00, 0x00, 0x50, 0x12, 0x00, 0x00, 0x00, 0x17, 0x00, 0x00, 0x00, 0x17,
  0x00, 0x00, 0x00, 0x18, 0x00, 0x00, 0x00, 0x15, 0x00, 0x00, 0x00, 0x00,
  0x00, 0x00, 0x00, 0x00, 0x00, 0x00, 0x50, 0x5c, 0x00, 0x00, 0x00, 0x17,
  0x00, 0x00, 0x00, 0x18, 0x00, 0x00, 0x00, 0x18, 0x00, 0x00, 0x00, 0x15,
  0x00, 0x00, 0x00, 0x00, 0x00, 0x00, 0x00, 0x00, 0x00, 0x00, 0x50, 0x99,
  0x00, 0x00, 0x00, 0x17, 0x00, 0x00, 0x00, 0x17, 0x00, 0x00, 0x00, 0x18,
  0x00, 0x00, 0x00, 0x15, 0x00, 0x00, 0x00, 0x00, 0x00, 0x00, 0x00, 0x00,
  0x00, 0x00, 0x51, 0x65, 0x00, 0x00, 0x00, 0x16, 0x00, 0x00, 0x00, 0x18,
  0x00, 0x00, 0x00, 0x18, 0x00, 0x00, 0x00, 0x14, 0x00, 0x00, 0x00, 0x00,
  0x00, 0x00, 0x00, 0x00, 0x00, 0x00, 0x51, 0x71, 0x00, 0x00, 0x00, 0x17,
  0x00, 0x00, 0x00, 0x16, 0x00, 0x00, 0x00, 0x18, 0x00, 0x00, 0x00, 0x15,
  0x00, 0x00, 0x00, 0x01, 0x00, 0x00, 0x00, 0x00, 0x00, 0x00, 0x51, 0x8d,
  0x00, 0x00, 0x00, 0x16, 0x00, 0x00, 0x00, 0x18, 0x00, 0x00, 0x00, 0x18,
  0x00, 0x00, 0x00, 0x14, 0x00, 0x00, 0x00, 0x00, 0x00, 0x00, 0x00, 0x00,
  0x00, 0x00, 0x52, 0x06, 0x00, 0x00, 0x00, 0x16, 0x00, 0x00, 0x00, 0x18,
  0x00, 0x00, 0x00, 0x18, 0x00, 0x00, 0x00, 0x14, 0x00, 0x00, 0x00, 0x00,
  0x00, 0x00, 0x00, 0x00, 0x00, 0x00, 0x52, 0x4d, 0x00, 0x00, 0x00, 0x17,
  0x00, 0x00, 0x00, 0x16, 0x00, 0x00, 0x00, 0x18, 0x00, 0x00, 0x00, 0x15,
  0x00, 0x00, 0x00, 0x01, 0x00, 0x00, 0x00, 0x00, 0x00, 0x00, 0x52, 0x9f,
  0x00, 0x00, 0x00, 0x17, 0x00, 0x00, 0x00, 0x17, 0x00, 0x00, 0x00, 0x18,
  0x00, 0x00, 0x00, 0x15, 0x00, 0x00, 0x00, 0x00, 0x00, 0x00, 0x00, 0x00,
  0x00, 0x00, 0x53, 0xd6, 0x00, 0x00, 0x00, 0x16, 0x00, 0x00, 0x00, 0x18,
  0x00, 0x00, 0x00, 0x18, 0x00, 0x00, 0x00, 0x14, 0x00, 0x00, 0x00, 0x00,
  0x00, 0x00, 0x00, 0x00, 0x00, 0x00, 0x53, 0xef, 0x00, 0x00, 0x00, 0x15,
  0x00, 0x00, 0x00, 0x16, 0x00, 0x00, 0x00, 0x18, 0x00, 0x00, 0x00, 0x14,
  0x00, 0x00, 0x00, 0x01, 0x00, 0x00, 0x00, 0x00, 0x00, 0x00, 0x53, 0xf2,
  0x00, 0x00, 0x00, 0x17, 0x00, 0x00, 0x00, 0x18, 0x00, 0x00, 0x00, 0x18,
  0x00, 0x00, 0x00, 0x15, 0x00, 0x00, 0x00, 0x00, 0x00, 0x00, 0x00, 0x00,
  0x00, 0x00, 0x55, 0x5f, 0x00, 0x00, 0x00, 0x17, 0x00, 0x00, 0x00, 0x18,
  0x00, 0x00, 0x00, 0x18, 0x00, 0x00, 0x00, 0x15, 0x00, 0x00, 0x00, 0x00,
  0x00, 0x00, 0x00, 0x00, 0x00, 0x00, 0x55, 0xae, 0x00, 0x00, 0x00, 0x16,
  0x00, 0x00, 0x00, 0x16, 0x00, 0x00, 0x00, 0x18, 0x00, 0x00, 0x00, 0x14,
  0x00, 0x00, 0x00, 0x01, 0x00, 0x00, 0x00, 0x00, 0x00, 0x00, 0x56, 0xde,
  0x00, 0x00, 0x00, 0x16, 0x00, 0x00, 0x00, 0x16, 0x00, 0x00, 0x00, 0x18,
  0x00, 0x00, 0x00, 0x14, 0x00, 0x00, 0x00, 0x01, 0x00, 0x00, 0x00, 0x00,
  0x00, 0x00, 0x59, 0x4f, 0x00, 0x00, 0x00, 0x17, 0x00, 0x00, 0x00, 0x18,
  0x00, 0x00, 0x00, 0x18, 0x00, 0x00, 0x00, 0x15, 0x00, 0x00, 0x00, 0x00,
  0x00, 0x00, 0x00, 0x00, 0x00, 0x00, 0x59, 0x82, 0x00, 0x00, 0x00, 0x17,
  0x00, 0x00, 0x00, 0x17, 0x00, 0x00, 0x00, 0x18, 0x00, 0x00, 0x00, 0x15,
  0x00, 0x00, 0x00, 0x00, 0x00, 0x00, 0x00, 0x00, 0x00, 0x00, 0x59, 0xcb,
  0x00, 0x00, 0x00, 0x17, 0x00, 0x00, 0x00, 0x18, 0x00, 0x00, 0x00, 0x18,
  0x00, 0x00, 0x00, 0x15, 0x00, 0x00, 0x00, 0x00, 0x00, 0x00, 0x00, 0x00,
  0x00, 0x00, 0x5b, 0x58, 0x00, 0x00, 0x00, 0x17, 0x00, 0x00, 0x00, 0x18,
  0x00, 0x00, 0x00, 0x18, 0x00, 0x00, 0x00, 0x15, 0x00, 0x00, 0x00, 0x00,
  0x00, 0x00, 0x00, 0x00, 0x00, 0x00, 0x5b, 0x8c, 0x00, 0x00, 0x00, 0x17,
  0x00, 0x00, 0x00, 0x18, 0x00, 0x00, 0x00, 0x18, 0x00, 0x00, 0x00, 0x15,
  0x00, 0x00, 0x00, 0x00, 0x00, 0x00, 0x00, 0x00, 0x00, 0x00, 0x5b, 0x9a,
  0x00, 0x00, 0x00, 0x17, 0x00, 0x00, 0x00, 0x18, 0x00, 0x00, 0x00, 0x18,
  0x00, 0x00, 0x00, 0x15, 0x00, 0x00, 0x00, 0x00, 0x00, 0x00, 0x00, 0x00,
  0x00, 0x00, 0x5b, 0xe6, 0x00, 0x00, 0x00, 0x17, 0x00, 0x00, 0x00, 0x16,
  0x00, 0x00, 0x00, 0x18, 0x00, 0x00, 0x00, 0x15, 0x00, 0x00, 0x00, 0x01,
  0x00, 0x00, 0x00, 0x00, 0x00, 0x00, 0x5c, 0x07, 0x00, 0x00, 0x00, 0x17,
  0x00, 0x00, 0x00, 0x18, 0x00, 0x00, 0x00, 0x18, 0x00, 0x00, 0x00, 0x15,
  0x00, 0x00, 0x00, 0x00, 0x00, 0x00, 0x00, 0x00, 0x00, 0x00, 0x5c, 0x1a,
  0x00, 0x00, 0x00, 0x17, 0x00, 0x00, 0x00, 0x14, 0x00, 0x00, 0x00, 0x18,
  0x00, 0x00, 0x00, 0x15, 0x00, 0x00, 0x00, 0x02, 0x00, 0x00, 0x00, 0x00,
  0x00, 0x00, 0x5d, 0xf2, 0x00, 0x00, 0x00, 0x15, 0x00, 0x00, 0x00, 0x16,
  0x00, 0x00, 0x00, 0x18, 0x00, 0x00, 0x00, 0x14, 0x00, 0x00, 0x00, 0x02,
  0x00, 0x00, 0x00, 0x00, 0x00, 0x00, 0x5e, 0xfa, 0x00, 0x00, 0x00, 0x17,
  0x00, 0x00, 0x00, 0x18, 0x00, 0x00, 0x00, 0x18, 0x00, 0x00, 0x00, 0x15,
  0x00, 0x00, 0x00, 0x00, 0x00, 0x00, 0x00, 0x00, 0x00, 0x00, 0x5f, 0x0f,
  0x00, 0x00, 0x00, 0x17, 0x00, 0x00, 0x00, 0x17, 0x00, 0x00, 0x00, 0x18,
  0x00, 0x00, 0x00, 0x15, 0x00, 0x00, 0x00, 0x01, 0x00, 0x00, 0x00, 0x00,
  0x00, 0x00, 0x5f, 0x71, 0x00, 0x00, 0x00, 0x17, 0x00, 0x00, 0x00, 0x17,
  0x00, 0x00, 0x00, 0x18, 0x00, 0x00, 0x00, 0x15, 0x00, 0x00, 0x00, 0x01,
  0x00, 0x00, 0x00, 0x00, 0x00, 0x00, 0x5f, 0x80, 0x00, 0x00, 0x00, 0x17,
  0x00, 0x00, 0x00, 0x18, 0x00, 0x00, 0x00, 0x18, 0x00, 0x00, 0x00, 0x15,
  0x00, 0x00, 0x00, 0x00, 0x00, 0x00, 0x00, 0x00, 0x00, 0x00, 0x5f, 0x85,
  0x00, 0x00, 0x00, 0x17, 0x00, 0x00, 0x00, 0x18, 0x00, 0x00, 0x00, 0x18,
  0x00, 0x00, 0x00, 0x15, 0x00, 0x00, 0x00, 0x00, 0x00, 0x00, 0x00, 0x00,
  0x00, 0x00, 0x5f, 0x8c, 0x00, 0x00, 0x00, 0x17, 0x00, 0x00, 0x00, 0x18,
  0x00, 0x00, 0x00, 0x18, 0x00, 0x00, 0x00, 0x15, 0x00, 0x00, 0x00, 0x00,
  0x00, 0x00, 0x00, 0x00, 0x00, 0x00, 0x5f, 0xeb, 0x00, 0x00, 0x00, 0x17,
  0x00, 0x00, 0x00, 0x18, 0x00, 0x00, 0x00, 0x18, 0x00, 0x00, 0x00, 0x15,
  0x00, 0x00, 0x00, 0x00, 0x00, 0x00, 0x00, 0x00, 0x00, 0x00, 0x62, 0x10,
  0x00, 0x00, 0x00, 0x17, 0x00, 0x00, 0x00, 0x18, 0x00, 0x00, 0x00, 0x18,
  0x00, 0x00, 0x00, 0x15, 0x00, 0x00, 0x00, 0x00, 0x00, 0x00, 0x00, 0x00,
  0x00, 0x00, 0x62, 0x33, 0x00, 0x00, 0x00, 0x17, 0x00, 0x00, 0x00, 0x18,
  0x00, 0x00, 0x00, 0x18, 0x00, 0x00, 0x00, 0x15, 0x00, 0x00, 0x00, 0x00,
  0x00, 0x00, 0x00, 0x00, 0x00, 0x00, 0x62, 0x4b, 0x00, 0x00, 0x00, 0x16,
  0x00, 0x00, 0x00, 0x16, 0x00, 0x00, 0x00, 0x18, 0x00, 0x00, 0x00, 0x14,
  0x00, 0x00, 0x00, 0x01, 0x00, 0x00, 0x00, 0x00, 0x00, 0x00, 0x63, 0x09,
  0x00, 0x00, 0x00, 0x17, 0x00, 0x00, 0x00, 0x18, 0x00, 0x00, 0x00, 0x18,
  0x00, 0x00, 0x00, 0x15, 0x00, 0x00, 0x00, 0x00, 0x00, 0x00, 0x00, 0x00,
  0x00, 0x00, 0x63, 0xa5, 0x00, 0x00, 0x00, 0x17, 0x00, 0x00, 0x00, 0x18,
  0x00, 0x00, 0x00, 0x18, 0x00, 0x00, 0x00, 0x15, 0x00, 0x00, 0x00, 0x00,
  0x00, 0x00, 0x00, 0x00, 0x00, 0x00, 0x63, 0xd0, 0x00, 0x00, 0x00, 0x17,
  0x00, 0x00, 0x00, 0x18, 0x00, 0x00, 0x00, 0x18, 0x00, 0x00, 0x00, 0x15,
  0x00, 0x00, 0x00, 0x00, 0x00, 0x00, 0x00, 0x00, 0x00, 0x00, 0x64, 0xa4,
  0x00, 0x00, 0x00, 0x17, 0x00, 0x00, 0x00, 0x18, 0x00, 0x00, 0x00, 0x18,
  0x00, 0x00, 0x00, 0x15, 0x00, 0x00, 0x00, 0x00, 0x00, 0x00, 0x00, 0x00,
  0x00, 0x00, 0x64, 0xc7, 0x00, 0x00, 0x00, 0x17, 0x00, 0x00, 0x00, 0x18,
  0x00, 0x00, 0x00, 0x18, 0x00, 0x00, 0x00, 0x15, 0x00, 0x00, 0x00, 0x00,
  0x00, 0x00, 0x00, 0x00, 0x00, 0x00, 0x64, 0xca, 0x00, 0x00, 0x00, 0x18,
  0x00, 0x00, 0x00, 0x18, 0x00, 0x00, 0x00, 0x18, 0x00, 0x00, 0x00, 0x15,
  0x00, 0x00, 0x00, 0x00, 0x00, 0x00, 0x00, 0x00, 0x00, 0x00, 0x64, 0xcd,
  0x00, 0x00, 0x00, 0x17, 0x00, 0x00, 0x00, 0x18, 0x00, 0x00, 0x00, 0x18,
  0x00, 0x00, 0x00, 0x15, 0x00, 0x00, 0x00, 0x00, 0x00, 0x00, 0x00, 0x00,
  0x00, 0x00, 0x65, 0x39, 0x00, 0x00, 0x00, 0x17, 0x00, 0x00, 0x00, 0x18,
  0x00, 0x00, 0x00, 0x18, 0x00, 0x00, 0x00, 0x15, 0x00, 0x00, 0x00, 0x00,
  0x00, 0x00, 0x00, 0x00, 0x00, 0x00, 0x65, 0x74, 0x00, 0x00, 0x00, 0x16,
  0x00, 0x00, 0x00, 0x18, 0x00, 0x00, 0x00, 0x18, 0x00, 0x00, 0x00, 0x15,
  0x00, 0x00, 0x00, 0x00, 0x00, 0x00, 0x00, 0x00, 0x00, 0x00, 0x65, 0x78,
  0x00, 0x00, 0x00, 0x17, 0x00, 0x00, 0x00, 0x18, 0x00, 0x00, 0x00, 0x18,
  0x00, 0x00, 0x00, 0x15, 0x00, 0x00, 0x00, 0x00, 0x00, 0x00, 0x00, 0x00,
  0x00, 0x00, 0x65, 0xb0, 0x00, 0x00, 0x00, 0x17, 0x00, 0x00, 0x00, 0x18,
  0x00, 0x00, 0x00, 0x18, 0x00, 0x00, 0x00, 0x15, 0x00, 0x00, 0x00, 0x00,
  0x00, 0x00, 0x00, 0x00, 0x00, 0x00, 0x66, 0x42, 0x00, 0x00, 0x00, 0x17,
  0x00, 0x00, 0x00, 0x17, 0x00, 0x00, 0x00, 0x18, 0x00, 0x00, 0x00, 0x15,
  0x00, 0x00, 0x00, 0x01, 0x00, 0x00, 0x00, 0x00, 0x00, 0x00, 0x66, 0xab,
  0x00, 0x00, 0x00, 0x17, 0x00, 0x00, 0x00, 0x16, 0x00, 0x00, 0x00, 0x18,
  0x00, 0x00, 0x00, 0x15, 0x00, 0x00, 0x00, 0x01, 0x00, 0x00, 0x00, 0x00,
  0x00, 0x00, 0x67, 0x2a, 0x00, 0x00, 0x00, 0x17, 0x00, 0x00, 0x00, 0x18,
  0x00, 0x00, 0x00, 0x18, 0x00, 0x00, 0x00, 0x15, 0x00, 0x00, 0x00, 0x00,
  0x00, 0x00, 0x00, 0x00, 0x00, 0x00, 0x67, 0x2c, 0x00, 0x00, 0x00, 0x17,
  0x00, 0x00, 0x00, 0x18, 0x00, 0x00, 0x00, 0x18, 0x00, 0x00, 0x00, 0x15,
  0x00, 0x00, 0x00, 0x00, 0x00, 0x00, 0x00, 0x00, 0x00, 0x00, 0x67, 0x5f,
  0x00, 0x00, 0x00, 0x17, 0x00, 0x00, 0x00, 0x18, 0x00, 0x00, 0x00, 0x18,
  0x00, 0x00, 0x00, 0x15, 0x00, 0x00, 0x00, 0x00, 0x00, 0x00, 0x00, 0x00,
  0x00, 0x00, 0x67, 0xe5, 0x00, 0x00, 0x00, 0x16, 0x00, 0x00, 0x00, 0x17,
  0x00, 0x00, 0x00, 0x18, 0x00, 0x00, 0x00, 0x15, 0x00, 0x00, 0x00, 0x00,
  0x00, 0x00, 0x00, 0x00, 0x00, 0x00, 0x68, 0x48, 0x00, 0x00, 0x00, 0x17,
  0x00, 0x00, 0x00, 0x16, 0x00, 0x00, 0x00, 0x18, 0x00, 0x00, 0x00, 0x15,
  0x00, 0x00, 0x00, 0x01, 0x00, 0x00, 0x00, 0x00, 0x00, 0x00, 0x6a, 0x21,
  0x00, 0x00, 0x00, 0x17, 0x00, 0x00, 0x00, 0x18, 0x00, 0x00, 0x00, 0x18,
  0x00, 0x00, 0x00, 0x15, 0x00, 0x00, 0x00, 0x00, 0x00, 0x00, 0x00, 0x00,
  0x00, 0x00, 0x6a, 0x5f, 0x00, 0x00, 0x00, 0x17, 0x00, 0x00, 0x00, 0x18,
  0x00, 0x00, 0x00, 0x18, 0x00, 0x00, 0x00, 0x15, 0x00, 0x00, 0x00, 0x00,
  0x00, 0x00, 0x00, 0x00, 0x00, 0x00, 0x6a, 0xa2, 0x00, 0x00, 0x00, 0x17,
  0x00, 0x00, 0x00, 0x18, 0x00, 0x00, 0x00, 0x18, 0x00, 0x00, 0x00, 0x15,
  0x00, 0x00, 0x00, 0x00, 0x00, 0x00, 0x00, 0x00, 0x00, 0x00, 0x6b, 0x21,
  0x00, 0x00, 0x00, 0x17, 0x00, 0x00, 0x00, 0x17, 0x00, 0x00, 0x00, 0x18,
  0x00, 0x00, 0x00, 0x15, 0x00, 0x00, 0x00, 0x01, 0x00, 0x00, 0x00, 0x00,
  0x00, 0x00, 0x6b, 0x77, 0x00, 0x00, 0x00, 0x16, 0x00, 0x00, 0x00, 0x17,
  0x00, 0x00, 0x00, 0x18, 0x00, 0x00, 0x00, 0x14, 0x00, 0x00, 0x00, 0x00,
  0x00, 0x00, 0x00, 0x00, 0x00, 0x00, 0x6b, 0xb5, 0x00, 0x00, 0x00, 0x17,
  0x00, 0x00, 0x00, 0x18, 0x00, 0x00, 0x00, 0x18, 0x00, 0x00, 0x00, 0x15,
  0x00, 0x00, 0x00, 0x00, 0x00, 0x00, 0x00, 0x00, 0x00, 0x00, 0x6c, 0x23,
  0x00, 0x00, 0x00, 0x17, 0x00, 0x00, 0x00, 0x18, 0x00, 0x00, 0x00, 0x18,
  0x00, 0x00, 0x00, 0x15, 0x00, 0x00, 0x00, 0x00, 0x00, 0x00, 0x00, 0x00,
  0x00, 0x00, 0x6d, 0x88, 0x00, 0x00, 0x00, 0x17, 0x00, 0x00, 0x00, 0x17,
  0x00, 0x00, 0x00, 0x18, 0x00, 0x00, 0x00, 0x15, 0x00, 0x00, 0x00, 0x00,
  0x00, 0x00, 0x00, 0x00, 0x00, 0x00, 0x6e, 0x96, 0x00, 0x00, 0x00, 0x17,
  0x00, 0x00, 0x00, 0x17, 0x00, 0x00, 0x00, 0x18, 0x00, 0x00, 0x00, 0x15,
  0x00, 0x00, 0x00, 0x00, 0x00, 0x00, 0x00, 0x00, 0x00, 0x00, 0x71, 0x21,
  0x00, 0x00, 0x00, 0x17, 0x00, 0x00, 0x00, 0x18, 0x00, 0x00, 0x00, 0x18,
  0x00, 0x00, 0x00, 0x15, 0x00, 0x00, 0x00, 0x00, 0x00, 0x00, 0x00, 0x00,
  0x00, 0x00, 0x72, 0x48, 0x00, 0x00, 0x00, 0x17, 0x00, 0x00, 0x00, 0x18,
  0x00, 0x00, 0x00, 0x18, 0x00, 0x00, 0x00, 0x15, 0x00, 0x00, 0x00, 0x00,
  0x00, 0x00, 0x00, 0x00, 0x00, 0x00, 0x72, 0x69, 0x00, 0x00, 0x00, 0x17,
  0x00, 0x00, 0x00, 0x18, 0x00, 0x00, 0x00, 0x18, 0x00, 0x00, 0x00, 0x15,
  0x00, 0x00, 0x00, 0x00, 0x00, 0x00, 0x00, 0x00, 0x00, 0x00, 0x75, 0x31,
  0x00, 0x00, 0x00, 0x17, 0x00, 0x00, 0x00, 0x14, 0x00, 0x00, 0x00, 0x18,
  0x00, 0x00, 0x00, 0x15, 0x00, 0x00, 0x00, 0x02, 0x00, 0x00, 0x00, 0x00,
  0x00, 0x00, 0x76, 0x7b, 0x00, 0x00, 0x00, 0x16, 0x00, 0x00, 0x00, 0x18,
  0x00, 0x00, 0x00, 0x18, 0x00, 0x00, 0x00, 0x15, 0x00, 0x00, 0x00, 0x00,
  0x00, 0x00, 0x00, 0x00, 0x00, 0x00, 0x77, 0x0b, 0x00, 0x00, 0x00, 0x16,
  0x00, 0x00, 0x00, 0x17, 0x00, 0x00, 0x00, 0x18, 0x00, 0x00, 0x00, 0x14,
  0x00, 0x00, 0x00, 0x00, 0x00, 0x00, 0x00, 0x00, 0x00, 0x00, 0x78, 0xba,
  0x00, 0x00, 0x00, 0x17, 0x00, 0x00, 0x00, 0x17, 0x00, 0x00, 0x00, 0x18,
  0x00, 0x00, 0x00, 0x15, 0x00, 0x00, 0x00, 0x00, 0x00, 0x00, 0x00, 0x00,
  0x00, 0x00, 0x79, 0x3a, 0x00, 0x00, 0x00, 0x16, 0x00, 0x00, 0x00, 0x18,
  0x00, 0x00, 0x00, 0x18, 0x00, 0x00, 0x00, 0x14, 0x00, 0x00, 0x00, 0x00,
  0x00, 0x00, 0x00, 0x00, 0x00, 0x00, 0x79, 0xd2, 0x00, 0x00, 0x00, 0x17,
  0x00, 0x00, 0x00, 0x18, 0x00, 0x00, 0x00, 0x18, 0x00, 0x00, 0x00, 0x15,
  0x00, 0x00, 0x00, 0x00, 0x00, 0x00, 0x00, 0x00, 0x00, 0x00, 0x7a, 0xcb,
  0x00, 0x00, 0x00, 0x16, 0x00, 0x00, 0x00, 0x16, 0x00, 0x00, 0x00, 0x18,
  0x00, 0x00, 0x00, 0x15, 0x00, 0x00, 0x00, 0x01, 0x00, 0x00, 0x00, 0x00,
  0x00, 0x00, 0x7b, 0x46, 0x00, 0x00, 0x00, 0x17, 0x00, 0x00, 0x00, 0x18,
  0x00, 0x00, 0x00, 0x18, 0x00, 0x00, 0x00, 0x15, 0x00, 0x00, 0x00, 0x00,
  0x00, 0x00, 0x00, 0x00, 0x00, 0x00, 0x7b, 0xc0, 0x00, 0x00, 0x00, 0x17,
  0x00, 0x00, 0x00, 0x17, 0x00, 0x00, 0x00, 0x18, 0x00, 0x00, 0x00, 0x15,
  0x00, 0x00, 0x00, 0x00, 0x00, 0x00, 0x00, 0x00, 0x00, 0x00, 0x7c, 0x21,
  0x00, 0x00, 0x00, 0x18, 0x00, 0x00, 0x00, 0x18, 0x00, 0x00, 0x00, 0x18,
  0x00, 0x00, 0x00, 0x15, 0x00, 0x00, 0x00, 0x00, 0x00, 0x00, 0x00, 0x00,
  0x00, 0x00, 0x7c, 0xfb, 0x00, 0x00, 0x00, 0x17, 0x00, 0x00, 0x00, 0x17,
  0x00, 0x00, 0x00, 0x18, 0x00, 0x00, 0x00, 0x15, 0x00, 0x00, 0x00, 0x00,
  0x00, 0x00, 0x00, 0x00, 0x00, 0x00, 0x7d, 0x00, 0x00, 0x00, 0x00, 0x17,
  0x00, 0x00, 0x00, 0x18, 0x00, 0x00, 0x00, 0x18, 0x00, 0x00, 0x00, 0x15,
  0x00, 0x00, 0x00, 0x00, 0x00, 0x00, 0x00, 0x00, 0x00, 0x00, 0x7d, 0x14,
  0x00, 0x00, 0x00, 0x17, 0x00, 0x00, 0x00, 0x18, 0x00, 0x00, 0x00, 0x18,
  0x00, 0x00, 0x00, 0x15, 0x00, 0x00, 0x00, 0x00, 0x00, 0x00, 0x00, 0x00,
  0x00, 0x00, 0x7d, 0x50, 0x00, 0x00, 0x00, 0x18, 0x00, 0x00, 0x00, 0x17,
  0x00, 0x00, 0x00, 0x18, 0x00, 0x00, 0x00, 0x15, 0x00, 0x00, 0x00, 0x00,
  0x00, 0x00, 0x00, 0x00, 0x00, 0x00, 0x7d, 0x66, 0x00, 0x00, 0x00, 0x18,
  0x00, 0x00, 0x00, 0x18, 0x00, 0x00, 0x00, 0x18, 0x00, 0x00, 0x00, 0x15,
  0x00, 0x00, 0x00, 0x00, 0x00, 0x00, 0x00, 0x00, 0x00, 0x00, 0x7d, 0x71,
  0x00, 0x00, 0x00, 0x17, 0x00, 0x00, 0x00, 0x18, 0x00, 0x00, 0x00, 0x18,
  0x00, 0x00, 0x00, 0x15, 0x00, 0x00, 0x00, 0x00, 0x00, 0x00, 0x00, 0x00,
  0x00, 0x00, 0x7d, 0xf4, 0x00, 0x00, 0x00, 0x17, 0x00, 0x00, 0x00, 0x18,
  0x00, 0x00, 0x00, 0x18, 0x00, 0x00, 0x00, 0x15, 0x00, 0x00, 0x00, 0x00,
  0x00, 0x00, 0x00, 0x00, 0x00, 0x00, 0x7e, 0x3d, 0x00, 0x00, 0x00, 0x17,
  0x00, 0x00, 0x00, 0x18, 0x00, 0x00, 0x00, 0x18, 0x00, 0x00, 0x00, 0x15,
  0x00, 0x00, 0x00, 0x00, 0x00, 0x00, 0x00, 0x00, 0x00, 0x00, 0x7e, 0x7c,
  0x00, 0x00, 0x00, 0x17, 0x00, 0x00, 0x00, 0x18, 0x00, 0x00, 0x00, 0x18,
  0x00, 0x00, 0x00, 0x15, 0x00, 0x00, 0x00, 0x00, 0x00, 0x00, 0x00, 0x00,
  0x00, 0x00, 0x7e, 0x8c, 0x00, 0x00, 0x00, 0x17, 0x00, 0x00, 0x00, 0x18,
  0x00, 0x00, 0x00, 0x18, 0x00, 0x00, 0x00, 0x15, 0x00, 0x00, 0x00, 0x00,
  0x00, 0x00, 0x00, 0x00, 0x00, 0x00, 0x80, 0xfd, 0x00, 0x00, 0x00, 0x17,
  0x00, 0x00, 0x00, 0x18, 0x00, 0x00, 0x00, 0x18, 0x00, 0x00, 0x00, 0x15,
  0x00, 0x00, 0x00, 0x00, 0x00, 0x00, 0x00, 0x00, 0x00, 0x00, 0x85, 0xe5,
  0x00, 0x00, 0x00, 0x17, 0x00, 0x00, 0x00, 0x17, 0x00, 0x00, 0x00, 0x18,
  0x00, 0x00, 0x00, 0x15, 0x00, 0x00, 0x00, 0x00, 0x00, 0x00, 0x00, 0x00,
  0x00, 0x00, 0x88, 0x68, 0x00, 0x00, 0x00, 0x17, 0x00, 0x00, 0x00, 0x18,
  0x00, 0x00, 0x00, 0x18, 0x00, 0x00, 0x00, 0x15, 0x00, 0x00, 0x00, 0x00,
  0x00, 0x00, 0x00, 0x00, 0x00, 0x00, 0x88, 0xdc, 0x00, 0x00, 0x00, 0x17,
  0x00, 0x00, 0x00, 0x18, 0x00, 0x00, 0x00, 0x18, 0x00, 0x00, 0x00, 0x15,
  0x00, 0x00, 0x00, 0x00, 0x00, 0x00, 0x00, 0x00, 0x00, 0x00, 0x89, 0x81,
  0x00, 0x00, 0x00, 0x16, 0x00, 0x00, 0x00, 0x16, 0x00, 0x00, 0x00, 0x18,
  0x00, 0x00, 0x00, 0x14, 0x00, 0x00, 0x00, 0x01, 0x00, 0x00, 0x00, 0x00,
  0x00, 0x00, 0x89, 0xbd, 0x00, 0x00, 0x00, 0x17, 0x00, 0x00, 0x00, 0x18,
  0x00, 0x00, 0x00, 0x18, 0x00, 0x00, 0x00, 0x15, 0x00, 0x00, 0x00, 0x00,
  0x00, 0x00, 0x00, 0x00, 0x00, 0x00, 0x8a, 0x13, 0x00, 0x00, 0x00, 0x17,
  0x00, 0x00, 0x00, 0x17, 0x00, 0x00, 0x00, 0x18, 0x00, 0x00, 0x00, 0x15,
  0x00, 0x00, 0x00, 0x00, 0x00, 0x00, 0x00, 0x00, 0x00, 0x00, 0x8a, 0x2d,
  0x00, 0x00, 0x00, 0x17, 0x00, 0x00, 0x00, 0x18, 0x00, 0x00, 0x00, 0x18,
  0x00, 0x00, 0x00, 0x15, 0x00, 0x00, 0x00, 0x00, 0x00, 0x00, 0x00, 0x00,
  0x00, 0x00, 0x8a, 0x8d, 0x00, 0x00, 0x00, 0x17, 0x00, 0x00, 0x00, 0x18,
  0x00, 0x00, 0x00, 0x18, 0x00, 0x00, 0x00, 0x15, 0x00, 0x00, 0x00, 0x00,
  0x00, 0x00, 0x00, 0x00, 0x00, 0x00, 0x8a, 0xbf, 0x00, 0x00, 0x00, 0x17,
  0x00, 0x00, 0x00, 0x17, 0x00, 0x00, 0x00, 0x18, 0x00, 0x00, 0x00, 0x15,
  0x00, 0x00, 0x00, 0x00, 0x00, 0x00, 0x00, 0x00, 0x00, 0x00, 0x8a, 0xcb,
  0x00, 0x00, 0x00, 0x17, 0x00, 0x00, 0x00, 0x18, 0x00, 0x00, 0x00, 0x18,
  0x00, 0x00, 0x00, 0x15, 0x00, 0x00, 0x00, 0x00, 0x00, 0x00, 0x00, 0x00,
  0x00, 0x00, 0x8e, 0xf8, 0x00, 0x00, 0x00, 0x17, 0x00, 0x00, 0x00, 0x17,
  0x00, 0x00, 0x00, 0x18, 0x00, 0x00, 0x00, 0x15, 0x00, 0x00, 0x00, 0x00,
  0x00, 0x00, 0x00, 0x00, 0x00, 0x00, 0x8f, 0xd4, 0x00, 0x00, 0x00, 0x17,
  0x00, 0x00, 0x00, 0x18, 0x00, 0x00, 0x00, 0x18, 0x00, 0x00, 0x00, 0x15,
  0x00, 0x00, 0x00, 0x00, 0x00, 0x00, 0x00, 0x00, 0x00, 0x00, 0x90, 0x1a,
  0x00, 0x00, 0x00, 0x17, 0x00, 0x00, 0x00, 0x18, 0x00, 0x00, 0x00, 0x18,
  0x00, 0x00, 0x00, 0x15, 0x00, 0x00, 0x00, 0x00, 0x00, 0x00, 0x00, 0x00,
  0x00, 0x00, 0x90, 0x1f, 0x00, 0x00, 0x00, 0x17, 0x00, 0x00, 0x00, 0x18,
  0x00, 0x00, 0x00, 0x18, 0x00, 0x00, 0x00, 0x15, 0x00, 0x00, 0x00, 0x00,
  0x00, 0x00, 0x00, 0x00, 0x00, 0x00, 0x90, 0x78, 0x00, 0x00, 0x00, 0x17,
  0x00, 0x00, 0x00, 0x18, 0x00, 0x00, 0x00, 0x18, 0x00, 0x00, 0x00, 0x15,
  0x00, 0x00, 0x00, 0x00, 0x00, 0x00, 0x00, 0x00, 0x00, 0x00, 0x91, 0xcd,
  0x00, 0x00, 0x00, 0x15, 0x00, 0x00, 0x00, 0x16, 0x00, 0x00, 0x00, 0x18,
  0x00, 0x00, 0x00, 0x14, 0x00, 0x00, 0x00, 0x01, 0x00, 0x00, 0x00, 0x00,
  0x00, 0x00, 0x91, 0xcf, 0x00, 0x00, 0x00, 0x15, 0x00, 0x00, 0x00, 0x16,
  0x00, 0x00, 0x00, 0x18, 0x00, 0x00, 0x00, 0x14, 0x00, 0x00, 0x00, 0x01,
  0x00, 0x00, 0x00, 0x00, 0x00, 0x00, 0x92, 0xb7, 0x00, 0x00, 0x00, 0x17,
  0x00, 0x00, 0x00, 0x18, 0x00, 0x00, 0x00, 0x18, 0x00, 0x00, 0x00, 0x15,
  0x00, 0x00, 0x00, 0x00, 0x00, 0x00, 0x00, 0x00, 0x00, 0x00, 0x93, 0x04,
  0x00, 0x00, 0x00, 0x17, 0x00, 0x00, 0x00, 0x18, 0x00, 0x00, 0x00, 0x18,
  0x00, 0x00, 0x00, 0x15, 0x00, 0x00, 0x00, 0x00, 0x00, 0x00, 0x00, 0x00,
  0x00, 0x00, 0x93, 0x75, 0x00, 0x00, 0x00, 0x17, 0x00, 0x00, 0x00, 0x18,
  0x00, 0x00, 0x00, 0x18, 0x00, 0x00, 0x00, 0x15, 0x00, 0x00, 0x00, 0x00,
  0x00, 0x00, 0x00, 0x00, 0x00, 0x00, 0x93, 0x96, 0x00, 0x00, 0x00, 0x17,
  0x00, 0x00, 0x00, 0x18, 0x00, 0x00, 0x00, 0x18, 0x00, 0x00, 0x00, 0x15,
  0x00, 0x00, 0x00, 0x00, 0x00, 0x00, 0x00, 0x00, 0x00, 0x00, 0x94, 0x18,
  0x00, 0x00, 0x00, 0x16, 0x00, 0x00, 0x00, 0x18, 0x00, 0x00, 0x00, 0x18,
  0x00, 0x00, 0x00, 0x15, 0x00, 0x00, 0x00, 0x00, 0x00, 0x00, 0x00, 0x00,
  0x00, 0x00, 0x95, 0x77, 0x00, 0x00, 0x00, 0x16, 0x00, 0x00, 0x00, 0x17,
  0x00, 0x00, 0x00, 0x18, 0x00, 0x00, 0x00, 0x14, 0x00, 0x00, 0x00, 0x01,
  0x00, 0x00, 0x00, 0x00, 0x00, 0x00, 0x95, 0x89, 0x00, 0x00, 0x00, 0x16,
  0x00, 0x00, 0x00, 0x16, 0x00, 0x00, 0x00, 0x18, 0x00, 0x00, 0x00, 0x14,
  0x00, 0x00, 0x00, 0x01, 0x00, 0x00, 0x00, 0x00, 0x00, 0x00, 0x95, 0x8b,
  0x00, 0x00, 0x00, 0x16, 0x00, 0x00, 0x00, 0x16, 0x00, 0x00, 0x00, 0x18,
  0x00, 0x00, 0x00, 0x14, 0x00, 0x00, 0x00, 0x01, 0x00, 0x00, 0x00, 0x00,
  0x00, 0x00, 0x95, 0x93, 0x00, 0x00, 0x00, 0x17, 0x00, 0x00, 0x00, 0x16,
  0x00, 0x00, 0x00, 0x18, 0x00, 0x00, 0x00, 0x14, 0x00, 0x00, 0x00, 0x01,
  0x00, 0x00, 0x00, 0x00, 0x00, 0x00, 0x95, 0xdc, 0x00, 0x00, 0x00, 0x16,
  0x00, 0x00, 0x00, 0x16, 0x00, 0x00, 0x00, 0x18, 0x00, 0x00, 0x00, 0x14,
  0x00, 0x00, 0x00, 0x01, 0x00, 0x00, 0x00, 0x00, 0x00, 0x00, 0x96, 0x8e,
  0x00, 0x00, 0x00, 0x17, 0x00, 0x00, 0x00, 0x17, 0x00, 0x00, 0x00, 0x18,
  0x00, 0x00, 0x00, 0x15, 0x00, 0x00, 0x00, 0x01, 0x00, 0x00, 0x00, 0x00,
  0x00, 0x00, 0x96, 0xfb, 0x00, 0x00, 0x00, 0x15, 0x00, 0x00, 0x00, 0x17,
  0x00, 0x00, 0x00, 0x18, 0x00, 0x00, 0x00, 0x14, 0x00, 0x00, 0x00, 0x01,
  0x00, 0x00, 0x00, 0x00, 0x00, 0x00, 0x97, 0xf3, 0x00, 0x00, 0x00, 0x17,
  0x00, 0x00, 0x00, 0x16, 0x00, 0x00, 0x00, 0x18, 0x00, 0x00, 0x00, 0x15,
  0x00, 0x00, 0x00, 0x01, 0x00, 0x00, 0x00, 0x00, 0x00, 0x00, 0x97, 0xff,
  0x00, 0x00, 0x00, 0x17, 0x00, 0x00, 0x00, 0x18, 0x00, 0x00, 0x00, 0x18,
  0x00, 0x00, 0x00, 0x15, 0x00, 0x00, 0x00, 0x00, 0x00, 0x00, 0x00, 0x00,
  0x00, 0x00, 0xff, 0x08, 0x00, 0x00, 0x00, 0x18, 0x00, 0x00, 0x00, 0x08,
  0x00, 0x00, 0x00, 0x18, 0x00, 0x00, 0x00, 0x15, 0x00, 0x00, 0x00, 0x0f,
  0x00, 0x00, 0x00, 0x00, 0x00, 0x00, 0xff, 0x09, 0x00, 0x00, 0x00, 0x18,
  0x00, 0x00, 0x00, 0x08, 0x00, 0x00, 0x00, 0x18, 0x00, 0x00, 0x00, 0x15,
  0x00, 0x00, 0x00, 0x01, 0x00, 0x00, 0x00, 0x00, 0x00, 0x00, 0xff, 0x0f,
  0x00, 0x00, 0x00, 0x18, 0x00, 0x00, 0x00, 0x18, 0x00, 0x00, 0x00, 0x18,
  0x00, 0x00, 0x00, 0x15, 0x00, 0x00, 0x00, 0x00, 0x00, 0x00, 0x00, 0x00,
  0x00, 0x00, 0xff, 0x1f, 0x00, 0x00, 0x00, 0x13, 0x00, 0x00, 0x00, 0x0e,
  0x00, 0x00, 0x00, 0x18, 0x00, 0x00, 0x00, 0x13, 0x00, 0x00, 0x00, 0x05,
  0x00, 0x00, 0x00, 0x00, 0x00, 0x00, 0xff, 0x5c, 0x00, 0x00, 0x00, 0x18,
  0x00, 0x00, 0x00, 0x02, 0x00, 0x00, 0x00, 0x18, 0x00, 0x00, 0x00, 0x15,
  0x00, 0x00, 0x00, 0x0b, 0x00, 0x00, 0x00, 0x00, 0x00, 0x63, 0xff, 0xff,
  0x63, 0x00, 0x00, 0x63, 0xff, 0xff, 0x63, 0x00, 0x00, 0x63, 0xff, 0xff,
  0x63, 0x00, 0x00, 0x63, 0xff, 0xff, 0x63, 0x00, 0x00, 0x63, 0xff, 0xff,
  0x63, 0x00, 0x00, 0x63, 0xff, 0xff, 0x63, 0x00, 0x00, 0x63, 0xff, 0xff,
  0x63, 0x00, 0x00, 0x63, 0xff, 0xff, 0x63, 0x00, 0x00, 0x63, 0xff, 0xff,
  0x63, 0x00, 0x00, 0x63, 0xff, 0xff, 0x63, 0x00, 0x00, 0x63, 0xff, 0xff,
  0x63, 0x00, 0x00, 0x00, 0x00, 0x00, 0x00, 0x00, 0x00, 0x00, 0x00, 0x00,
  0x00, 0x00, 0x00, 0x00, 0x00, 0x00, 0x00, 0x00, 0x00, 0x71, 0xe4, 0xe4,
  0x6f, 0x00, 0x06, 0xf8, 0xff, 0xff, 0xf6, 0x06, 0x07, 0xf8, 0xff, 0xff,
  0xf6, 0x06, 0x00, 0x72, 0xe6, 0xe6, 0x70, 0x00, 0xed, 0xff, 0xff, 0x1b,
  0x1d, 0xff, 0xff, 0xeb, 0xe6, 0xff, 0xff, 0x14, 0x16, 0xff, 0xff, 0xe4,
  0xdf, 0xff, 0xff, 0x0d, 0x0f, 0xff, 0xff, 0xdd, 0xd8, 0xff, 0xff, 0x06,
  0x08, 0xff, 0xff, 0xd6, 0xd1, 0xff, 0xff, 0x00, 0x01, 0xff, 0xff, 0xcf,
  0xca, 0xff, 0xf8, 0x00, 0x00, 0xfa, 0xff, 0xc8, 0xc3, 0xff, 0xf1, 0x00,
  0x00, 0xf3, 0xff, 0xc1, 0xbb, 0xff, 0xea, 0x00, 0x00, 0xeb, 0xff, 0xba,
  0x00, 0x00, 0xa3, 0xff, 0x93, 0x00, 0x00, 0x93, 0xff, 0xa3, 0x00, 0x00,
  0x00, 0x00, 0xa3, 0xff, 0x93, 0x00, 0x00, 0x93, 0xff, 0xa3, 0x00, 0x00,
  0x00, 0x00, 0xa3, 0xff, 0x93, 0x00, 0x00, 0x93, 0xff, 0xa3, 0x00, 0x00,
  0x00, 0x00, 0xa3, 0xff, 0x93, 0x00, 0x00, 0x93, 0xff, 0xa3, 0x00, 0x00,
  0x00, 0x00, 0xa3, 0xff, 0x93, 0x00, 0x00, 0x93, 0xff, 0xa3, 0x00, 0x00,
  0xc7, 0xff, 0xff, 0xff, 0xff, 0xff, 0xff, 0xff, 0xff, 0xff, 0xff, 0xc7,
  0xc7, 0xff, 0xff, 0xff, 0xff, 0xff, 0xff, 0xff, 0xff, 0xff, 0xff, 0xc7,
  0x54, 0x6b, 0xca, 0xff, 0xc1, 0x6b, 0x6b, 0xc1, 0xff, 0xca, 0x6b, 0x54,
  0x00, 0x00, 0xa3, 0xff, 0x93, 0x00, 0x00, 0x93, 0xff, 0xa3, 0x00, 0x00,
  0x00, 0x00, 0xa3, 0xff, 0x93, 0x00, 0x00, 0x93, 0xff, 0xa3, 0x00, 0x00,
  0x00, 0x00, 0xa3, 0xff, 0x93, 0x00, 0x00, 0x93, 0xff, 0xa3, 0x00, 0x00,
  0x00, 0x00, 0xa3, 0xff, 0x93, 0x00, 0x00, 0x93, 0xff, 0xa3, 0x00, 0x00,
  0x00, 0x00, 0xa3, 0xff, 0x93, 0x00, 0x00, 0x93, 0xff, 0xa3, 0x00, 0x00,
  0xc7, 0xff, 0xff, 0xff, 0xff, 0xff, 0xff, 0xff, 0xff, 0xff, 0xff, 0xc7,
  0xc7, 0xff, 0xff, 0xff, 0xff, 0xff, 0xff, 0xff, 0xff, 0xff, 0xff, 0xc7,
  0x54, 0x6b, 0xca, 0xff, 0xc1, 0x6b, 0x6b, 0xc1, 0xff, 0xca, 0x6b, 0x54,
  0x00, 0x00, 0xa3, 0xff, 0x93, 0x00, 0x00, 0x93, 0xff, 0xa3, 0x00, 0x00,
  0x00, 0x00, 0xa3, 0xff, 0x93, 0x00, 0x00, 0x93, 0xff, 0xa3, 0x00, 0x00,
  0x00, 0x00, 0xa3, 0xff, 0x93, 0x00, 0x00, 0x93, 0xff, 0xa3, 0x00, 0x00,
  0x00, 0x00, 0xa3, 0xff, 0x93, 0x00, 0x00, 0x93, 0xff, 0xa3, 0x00, 0x00,
  0x00, 0x00, 0x00, 0x4b, 0xff, 0xff, 0x4b, 0x00, 0x00, 0x00, 0x00, 0x00,
  0x00, 0x4b, 0xff, 0xff, 0x4b, 0x00, 0x00, 0x00, 0x00, 0x00, 0x00, 0x4b,
  0xff, 0xff, 0x4b, 0x00, 0x00, 0x00, 0x00, 0x00, 0x27, 0xa2, 0xff, 0xff,
  0xa4, 0x2f, 0x00, 0x00, 0x00, 0x6f, 0xfb, 0xff, 0xff, 0xff, 0xff, 0xfe,
  0x83, 0x00, 0x38, 0xfe, 0xff, 0xf4, 0xff, 0xff, 0xf3, 0xff, 0xff, 0x4c,
  0x9f, 0xff, 0xfb, 0x45, 0xff, 0xff, 0x3e, 0xf8, 0xff, 0xb1, 0xcb, 0xff,
  0xca, 0x1b, 0xff, 0xff, 0x1b, 0x99, 0xc7, 0xa8, 0xbf, 0xff, 0xe5, 0x1e,
  0xff, 0xff, 0x1b, 0x00, 0x00, 0x00, 0x79, 0xff, 0xff, 0xa5, 0xff, 0xff,
  0x1b, 0x00, 0x00, 0x00, 0x0d, 0xdf, 0xff, 0xff, 0xff, 0xff, 0x30, 0x00,
  0x00, 0x00, 0x00, 0x20, 0xc8, 0xff, 0xff, 0xff, 0xfc, 0x9d, 0x0d, 0x00,
  0x00, 0x00, 0x01, 0x54, 0xff, 0xff, 0xff, 0xff, 0xc6, 0x04, 0x00, 0x00,
  0x00, 0x1b, 0xff, 0xff, 0xc1, 0xff, 0xff, 0x67, 0x00, 0x00, 0x00, 0x1b,
  0xff, 0xff, 0x25, 0xed, 0xff, 0xb8, 0x98, 0xb3, 0x89, 0x1b, 0xff, 0xff,
  0x1b, 0xc8, 0xff, 0xcc, 0xba, 0xff, 0xf5, 0x33, 0xff, 0xff, 0x31, 0xf4,
  0xff, 0xaa, 0x60, 0xff, 0xff, 0xe3, 0xff, 0xff, 0xe3, 0xff, 0xff, 0x4d,
  0x01, 0xa7, 0xff, 0xff, 0xff, 0xff, 0xff, 0xff, 0x95, 0x00, 0x00, 0x01,
  0x54, 0xc0, 0xff, 0xff, 0xbf, 0x4d, 0x00, 0x00, 0x00, 0x00, 0x00, 0x4b,
  0xff, 0xff, 0x4b, 0x00, 0x00, 0x00, 0x00, 0x00, 0x00, 0x4b, 0xff, 0xff,
  0x4b, 0x00, 0x00, 0x00, 0x00, 0x00, 0x00, 0x4b, 0xff, 0xff, 0x4b, 0x00,
  0x00, 0x00, 0x00, 0x7a, 0xe4, 0xf5, 0xc5, 0x35, 0x00, 0x00, 0x5d, 0xff,
  0xff, 0x3f, 0x56, 0xff, 0xfc, 0xe9, 0xff, 0xe5, 0x04, 0x00, 0xa0, 0xff,
  0xe7, 0x02, 0x91, 0xff, 0x72, 0x03, 0xd5, 0xff, 0x28, 0x00, 0xe3, 0xff,
  0x92, 0x00, 0x97, 0xff, 0x5b, 0x00, 0xbf, 0xff, 0x2f, 0x26, 0xff, 0xff,
  0x3b, 0x00, 0x97, 0xff, 0x5b, 0x00, 0xbf, 0xff, 0x2f, 0x69, 0xff, 0xe3,
  0x01, 0x00, 0x97, 0xff, 0x5b, 0x00, 0xbf, 0xff, 0x2f, 0xac, 0xff, 0x8d,
  0x00, 0x00, 0x91, 0xff, 0x72, 0x03, 0xd6, 0xff, 0x2a, 0xec, 0xff, 0x36,
  0x00, 0x00, 0x59, 0xff, 0xfc, 0xe9, 0xff, 0xe8, 0x05, 0x00, 0x00, 0x00,
  0x00, 0x00, 0x00, 0x81, 0xe7, 0xf7, 0xca, 0x39, 0x00, 0x00, 0x00, 0x00,
  0x00, 0x00, 0x00, 0x00, 0x00, 0x00, 0x00, 0x00, 0x37, 0xc5, 0xf5, 0xe4,
  0x7d, 0x00, 0x00, 0x00, 0x00, 0x00, 0x00, 0x05, 0xe6, 0xff, 0xe9, 0xfc,
  0xff, 0x57, 0x00, 0x00, 0x33, 0xff, 0xf1, 0x2c, 0xff, 0xd5, 0x02, 0x6d,
  0xff, 0x93, 0x00, 0x00, 0x8a, 0xff, 0xb0, 0x2f, 0xff, 0xbf, 0x00, 0x53,
  0xff, 0x9b, 0x00, 0x00, 0xe0, 0xff, 0x6c, 0x2f, 0xff, 0xbf, 0x00, 0x53,
  0xff, 0x9b, 0x00, 0x38, 0xff, 0xff, 0x28, 0x2f, 0xff, 0xbf, 0x00, 0x53,
  0xff, 0x9b, 0x00, 0x8f, 0xff, 0xe5, 0x00, 0x27, 0xff, 0xd5, 0x02, 0x6b,
  0xff, 0x93, 0x01, 0xe4, 0xff, 0xa0, 0x00, 0x04, 0xe6, 0xff, 0xe7, 0xfb,
  0xff, 0x57, 0x3c, 0xff, 0xff, 0x5d, 0x00, 0x00, 0x37, 0xc6, 0xf6, 0xe4,
  0x7d, 0x00, 0x00, 0x00, 0x02, 0x75, 0xd0, 0xf4, 0xdc, 0x9b, 0x13, 0x00,
  0x00, 0x00, 0x00, 0x00, 0x00, 0x8c, 0xff, 0xff, 0xff, 0xff, 0xff, 0xce,
  0x05, 0x00, 0x00, 0x00, 0x00, 0x16, 0xfb, 0xff, 0xea, 0x7c, 0xcb, 0xff,
  0xff, 0x5a, 0x00, 0x00, 0x00, 0x00, 0x4c, 0xff, 0xff, 0x64, 0x00, 0x1c,
  0xff, 0xff, 0x93, 0x00, 0x00, 0x00, 0x00, 0x4d, 0xff, 0xff, 0x49, 0x00,
  0x0a, 0xfe, 0xff, 0x92, 0x00, 0x00, 0x00, 0x00, 0x1c, 0xfe, 0xff, 0x83,
  0x00, 0x50, 0xff, 0xff, 0x5a, 0x00, 0x00, 0x00, 0x00, 0x00, 0xad, 0xff,
  0xf0, 0x2c, 0xde, 0xff, 0xde, 0x07, 0x00, 0x00, 0x00, 0x00, 0x00, 0x2c,
  0xfb, 0xff, 0xf9, 0xff, 0xf1, 0x34, 0x00, 0x00, 0x00, 0x00, 0x00, 0x00,
  0x00, 0xa9, 0xff, 0xff, 0xec, 0x32, 0x00, 0x00, 0x00, 0x00, 0x00, 0x00,
  0x00, 0x5d, 0xfd, 0xff, 0xff, 0xf1, 0x19, 0x37, 0xff, 0xff, 0x03, 0x00,
  0x00, 0x24, 0xf9, 0xff, 0xde, 0xff, 0xff, 0xa9, 0x37, 0xff, 0xff, 0x03,
  0x00, 0x00, 0xa9, 0xff, 0xf4, 0x24, 0x9f, 0xff, 0xff, 0x81, 0xff, 0xff,
  0x03, 0x00, 0x00, 0xef, 0xff, 0xa6, 0x00, 0x12, 0xe9, 0xff, 0xf8, 0xff,
  0xff, 0x03, 0x00, 0x00, 0xfc, 0xff, 0x9b, 0x00, 0x00, 0x59, 0xff, 0xff,
  0xff, 0xf5, 0x00, 0x00, 0x00, 0xd8, 0xff, 0xe5, 0x0e, 0x00, 0x00, 0xb6,
  0xff, 0xff, 0xc3, 0x00, 0x00, 0x00, 0x7c, 0xff, 0xff, 0xdb, 0x7f, 0x7a,
  0xd0, 0xff, 0xff, 0xc8, 0x00, 0x00, 0x00, 0x08, 0xc4, 0xff, 0xff, 0xff,
  0xff, 0xff, 0xff, 0xff, 0xff, 0x50, 0x00, 0x00, 0x00, 0x07, 0x7c, 0xd3,
  0xf7, 0xf2, 0xce, 0x74, 0xf5, 0xff, 0xd7, 0x03, 0x85, 0xff, 0xff, 0x83,
  0x7e, 0xff, 0xff, 0x7c, 0x77, 0xff, 0xff, 0x75, 0x70, 0xff, 0xff, 0x6e,
  0x69, 0xff, 0xff, 0x67, 0x62, 0xff, 0xff, 0x60, 0x5b, 0xff, 0xff, 0x59,
  0x53, 0xff, 0xff, 0x52, 0x00, 0x00, 0x00, 0x00, 0x00, 0x00, 0x0a, 0x00,
  0x00, 0x00, 0x00, 0x00, 0x00, 0x00, 0x5b, 0xe8, 0x42, 0x00, 0x00, 0x00,
  0x00, 0x04, 0x95, 0xff, 0xff, 0xd3, 0x03, 0x00, 0x00, 0x00, 0x9e, 0xff,
  0xff, 0xed, 0x58, 0x00, 0x00, 0x00, 0x73, 0xff, 0xff, 0xe4, 0x28, 0x00,
  0x00, 0x00, 0x21, 0xf6, 0xff, 0xf6, 0x31, 0x00, 0x00, 0x00, 0x00, 0x9a,
  0xff, 0xff, 0x78, 0x00, 0x00, 0x00, 0x00, 0x0e, 0xf7, 0xff, 0xea, 0x07,
  0x00, 0x00, 0x00, 0x00, 0x51, 0xff, 0xff, 0x8d, 0x00, 0x00, 0x00, 0x00,
  0x00, 0x8e, 0xff, 0xff, 0x47, 0x00, 0x00, 0x00, 0x00, 0x00, 0xb5, 0xff,
  0xff, 0x17, 0x00, 0x00, 0x00, 0x00, 0x00, 0xcf, 0xff, 0xf8, 0x00, 0x00,
  0x00, 0x00, 0x00, 0x00, 0xdb, 0xff, 0xeb, 0x00, 0x00, 0x00, 0x00, 0x00,
  0x00, 0xd8, 0xff, 0xee, 0x00, 0x00, 0x00, 0x00, 0x00, 0x00, 0xc9, 0xff,
  0xfc, 0x04, 0x00, 0x00, 0x00, 0x00, 0x00, 0xa8, 0xff, 0xff, 0x23, 0x00,
  0x00, 0x00, 0x00, 0x00, 0x7e, 0xff, 0xff, 0x5c, 0x00, 0x00, 0x00, 0x00,
  0x00, 0x3b, 0xff, 0xff, 0xaa, 0x00, 0x00, 0x00, 0x00, 0x00, 0x03, 0xe3,
  0xff, 0xfa, 0x1c, 0x00, 0x00, 0x00, 0x00, 0x00, 0x76, 0xff, 0xff, 0xa9,
  0x00, 0x00, 0x00, 0x00, 0x00, 0x09, 0xdc, 0xff, 0xff, 0x68, 0x00, 0x00,
  0x00, 0x00, 0x00, 0x3d, 0xf9, 0xff, 0xfc, 0x69, 0x00, 0x00, 0x00, 0x00,
  0x00, 0x59, 0xfc, 0xff, 0xff, 0xad, 0x03, 0x00, 0x00, 0x00, 0x00, 0x48,
  0xef, 0xff, 0xa4, 0x00, 0x00, 0x00, 0x00, 0x00, 0x00, 0x19, 0x9f, 0x1c,
  0x00, 0x00, 0x00, 0x0a, 0x00, 0x00, 0x00, 0x00, 0x00, 0x00, 0x00, 0x41,
  0xe8, 0x5b, 0x00, 0x00, 0x00, 0x00, 0x00, 0x02, 0xd2, 0xff, 0xff, 0x92,
  0x03, 0x00, 0x00, 0x00, 0x00, 0x56, 0xed, 0xff, 0xff, 0x9b, 0x00, 0x00,
  0x00, 0x00, 0x00, 0x28, 0xe4, 0xff, 0xff, 0x71, 0x00, 0x00, 0x00, 0x00,
  0x00, 0x31, 0xf6, 0xff, 0xf5, 0x21, 0x00, 0x00, 0x00, 0x00, 0x00, 0x79,
  0xff, 0xff, 0x99, 0x00, 0x00, 0x00, 0x00, 0x00, 0x07, 0xea, 0xff, 0xf7,
  0x0f, 0x00, 0x00, 0x00, 0x00, 0x00, 0x8c, 0xff, 0xff, 0x53, 0x00, 0x00,
  0x00, 0x00, 0x00, 0x44, 0xff, 0xff, 0x92, 0x00, 0x00, 0x00, 0x00, 0x00,
  0x13, 0xff, 0xff, 0xba, 0x00, 0x00, 0x00, 0x00, 0x00, 0x00, 0xf2, 0xff,
  0xd5, 0x00, 0x00, 0x00, 0x00, 0x00, 0x00, 0xe4, 0xff, 0xe2, 0x00, 0x00,
  0x00, 0x00, 0x00, 0x00, 0xe8, 0xff, 0xde, 0x00, 0x00, 0x00, 0x00, 0x00,
  0x02, 0xf8, 0xff, 0xd0, 0x00, 0x00, 0x00, 0x00, 0x00, 0x1f, 0xff, 0xff,
  0xad, 0x00, 0x00, 0x00, 0x00, 0x00, 0x5a, 0xff, 0xff, 0x81, 0x00, 0x00,
  0x00, 0x00, 0x00, 0xaa, 0xff, 0xff, 0x3c, 0x00, 0x00, 0x00, 0x00, 0x1d,
  0xfa, 0xff, 0xe3, 0x03, 0x00, 0x00, 0x00, 0x00, 0xa9, 0xff, 0xff, 0x75,
  0x00, 0x00, 0x00, 0x00, 0x68, 0xff, 0xff, 0xdc, 0x09, 0x00, 0x00, 0x00,
  0x69, 0xfc, 0xff, 0xf9, 0x3c, 0x00, 0x00, 0x02, 0xab, 0xff, 0xff, 0xfc,
  0x56, 0x00, 0x00, 0x00, 0x00, 0xa3, 0xff, 0xef, 0x45, 0x00, 0x00, 0x00,
  0x00, 0x00, 0x1b, 0x9f, 0x19, 0x00, 0x00, 0x00, 0x00, 0x00, 0x00, 0x00,
  0x00, 0x00, 0x5d, 0xff, 0xff, 0x5c, 0x00, 0x00, 0x00, 0x00, 0x00, 0x00,
  0x00, 0x00, 0x50, 0xff, 0xff, 0x4f, 0x00, 0x00, 0x00, 0x00, 0x00, 0x4a,
  0x4d, 0x04, 0x42, 0xff, 0xff, 0x41, 0x04, 0x4d, 0x4a, 0x00, 0x00, 0xcd,
  0xff, 0xe7, 0xab, 0xff, 0xff, 0xab, 0xe7, 0xff, 0xcc, 0x00, 0x14, 0xdb,
  0xff, 0xff, 0xff, 0xff, 0xff, 0xff, 0xff, 0xff, 0xdb, 0x14, 0x00, 0x00,
  0x20, 0x68, 0xf6, 0xff, 0xff, 0xf6, 0x68, 0x20, 0x00, 0x00, 0x00, 0x00,
  0x00, 0x80, 0xff, 0xff, 0xff, 0xff, 0x81, 0x00, 0x00, 0x00, 0x00, 0x00,
  0x4d, 0xfe, 0xff, 0xb5, 0xb5, 0xff, 0xfe, 0x51, 0x00, 0x00, 0x00, 0x01,
  0xc5, 0xff, 0xf3, 0x1e, 0x1d, 0xf2, 0xff, 0xca, 0x02, 0x00, 0x00, 0x00,
  0x05, 0x7b, 0x68, 0x00, 0x00, 0x66, 0x7e, 0x06, 0x00, 0x00, 0x00, 0x00,
  0x00, 0x4b, 0xff, 0xff, 0x4b, 0x00, 0x00, 0x00, 0x00, 0x00, 0x00, 0x4b,
  0xff, 0xff, 0x4b, 0x00, 0x00, 0x00, 0x00, 0x00, 0x00, 0x4b, 0xff, 0xff,
  0x4b, 0x00, 0x00, 0x00, 0x59, 0x6b, 0x6b, 0x97, 0xff, 0xff, 0x97, 0x6b,
  0x6b, 0x59, 0xd3, 0xff, 0xff, 0xff, 0xff, 0xff, 0xff, 0xff, 0xff, 0xd3,
  0xd3, 0xff, 0xff, 0xff, 0xff, 0xff, 0xff, 0xff, 0xff, 0xd3, 0x00, 0x00,
  0x00, 0x4b, 0xff, 0xff, 0x4b, 0x00, 0x00, 0x00, 0x00, 0x00, 0x00, 0x4b,
  0xff, 0xff, 0x4b, 0x00, 0x00, 0x00, 0x00, 0x00, 0x00, 0x4b, 0xff, 0xff,
  0x4b, 0x00, 0x00, 0x00, 0x00, 0x00, 0x00, 0x4b, 0xff, 0xff, 0x4b, 0x00,
  0x00, 0x00, 0x00, 0x7f, 0xed, 0xed, 0x7e, 0x00, 0x2c, 0xff, 0xff, 0xff,
  0xff, 0x2c, 0x4a, 0xff, 0xff, 0xff, 0xff, 0x4e, 0x18, 0xf3, 0xff, 0xff,
  0xff, 0x3b, 0x00, 0x39, 0xd4, 0xff, 0xfc, 0x0d, 0x00, 0x07, 0xe7, 0xff,
  0xba, 0x00, 0x00, 0x6f, 0xff, 0xff, 0x4e, 0x00, 0x2c, 0xf6, 0xff, 0xbd,
  0x00, 0x00, 0x24, 0xcd, 0xed, 0x1c, 0x00, 0x00, 0x00, 0x06, 0x30, 0x00,
  0x00, 0x00, 0x59, 0x6b, 0x6b, 0x6b, 0x6b, 0x6b, 0x6b, 0x6b, 0x6b, 0x59,
  0xd3, 0xff, 0xff, 0xff, 0xff, 0xff, 0xff, 0xff, 0xff, 0xd3, 0xd3, 0xff,
  0xff, 0xff, 0xff, 0xff, 0xff, 0xff, 0xff, 0xd3, 0x00, 0x78, 0xec, 0xec,
  0x76, 0x00, 0x26, 0xff, 0xff, 0xff, 0xff, 0x26, 0x4d, 0xff, 0xff, 0xff,
  0xff, 0x4d, 0x27, 0xff, 0xff, 0xff, 0xff, 0x27, 0x00, 0x79, 0xed, 0xec,
  0x77, 0x00, 0x00, 0x00, 0x00, 0x00, 0x00, 0x00, 0x00, 0x00, 0x6f, 0x7f,
  0x7b, 0x00, 0x00, 0x00, 0x00, 0x00, 0x00, 0x00, 0x00, 0x1c, 0xff, 0xff,
  0xbc, 0x00, 0x00, 0x00, 0x00, 0x00, 0x00, 0x00, 0x00, 0x6a, 0xff, 0xff,
  0x6d, 0x00, 0x00, 0x00, 0x00, 0x00, 0x00, 0x00, 0x00, 0xb9, 0xff, 0xff,
  0x1f, 0x00, 0x00, 0x00, 0x00, 0x00, 0x00, 0x00, 0x0e, 0xf9, 0xff, 0xd0,
  0x00, 0x00, 0x00, 0x00, 0x00, 0x00, 0x00, 0x00, 0x57, 0xff, 0xff, 0x81,
  0x00, 0x00, 0x00, 0x00, 0x00, 0x00, 0x00, 0x00, 0xa6, 0xff, 0xff, 0x32,
  0x00, 0x00, 0x00, 0x00, 0x00, 0x00, 0x00, 0x05, 0xef, 0xff, 0xe3, 0x00,
  0x00, 0x00, 0x00, 0x00, 0x00, 0x00, 0x00, 0x44, 0xff, 0xff, 0x94, 0x00,
  0x00, 0x00, 0x00, 0x00, 0x00, 0x00, 0x00, 0x93, 0xff, 0xff, 0x46, 0x00,
  0x00, 0x00, 0x00, 0x00, 0x00, 0x00, 0x00, 0xe1, 0xff, 0xf1, 0x06, 0x00,
  0x00, 0x00, 0x00, 0x00, 0x00, 0x00, 0x31, 0xff, 0xff, 0xa8, 0x00, 0x00,
  0x00, 0x00, 0x00, 0x00, 0x00, 0x00, 0x80, 0xff, 0xff, 0x59, 0x00, 0x00,
  0x00, 0x00, 0x00, 0x00, 0x00, 0x00, 0xcf, 0xff, 0xfb, 0x10, 0x00, 0x00,
  0x00, 0x00, 0x00, 0x00, 0x00, 0x1e, 0xff, 0xff, 0xbc, 0x00, 0x00, 0x00,
  0x00, 0x00, 0x00, 0x00, 0x00, 0x6d, 0xff, 0xff, 0x6d, 0x00, 0x00, 0x00,
  0x00, 0x00, 0x00, 0x00, 0x00, 0xbc, 0xff, 0xff, 0x1f, 0x00, 0x00, 0x00,
  0x00, 0x00, 0x00, 0x00, 0x10, 0xfa, 0xff, 0xcf, 0x00, 0x00, 0x00, 0x00,
  0x00, 0x00, 0x00, 0x00, 0x5a, 0xff, 0xff, 0x80, 0x00, 0x00, 0x00, 0x00,
  0x00, 0x00, 0x00, 0x00, 0xa9, 0xff, 0xff, 0x32, 0x00, 0x00, 0x00, 0x00,
  0x00, 0x00, 0x00, 0x06, 0xf1, 0xff, 0xe2, 0x00, 0x00, 0x00, 0x00, 0x00,
  0x00, 0x00, 0x00, 0x47, 0xff, 0xff, 0x94, 0x00, 0x00, 0x00, 0x00, 0x00,
  0x00, 0x00, 0x00, 0x96, 0xff, 0xff, 0x45, 0x00, 0x00, 0x00, 0x00, 0x00,
  0x00, 0x00, 0x00, 0xe3, 0xff, 0xf1, 0x05, 0x00, 0x00, 0x00, 0x00, 0x00,
  0x00, 0x00, 0x00, 0x00, 0x09, 0x81, 0xd2, 0xf2, 0xf1, 0xd2, 0x81, 0x09,
  0x00, 0x00, 0x00, 0x09, 0xbd, 0xff, 0xff, 0xff, 0xff, 0xff, 0xff, 0xbd,
  0x09, 0x00, 0x00, 0x81, 0xff, 0xff, 0xec, 0x86, 0x85, 0xea, 0xff, 0xff,
  0x80, 0x00, 0x00, 0xd6, 0xff, 0xfe, 0x2e, 0x00, 0x00, 0x29, 0xfd, 0xff,
  0xd3, 0x00, 0x00, 0xf6, 0xff, 0xd5, 0x00, 0x00, 0x00, 0x00, 0xd3, 0xff,
  0xf4, 0x00, 0x03, 0xff, 0xff, 0xc3, 0x00, 0x00, 0x00, 0x00, 0xc4, 0xff,
  0xff, 0x03, 0x03, 0xff, 0xff, 0xc3, 0x00, 0x00, 0x00, 0x5b, 0xf6, 0xff,
  0xff, 0x03, 0x03, 0xff, 0xff, 0xc3, 0x00, 0x04, 0x90, 0xff, 0xff, 0xff,
  0xff, 0x03, 0x03, 0xff, 0xff, 0xc3, 0x17, 0xc1, 0xff, 0xea, 0xe4, 0xff,
  0xff, 0x03, 0x03, 0xff, 0xff, 0xe1, 0xe4, 0xff, 0xca, 0x1d, 0xc3, 0xff,
  0xff, 0x03, 0x03, 0xff, 0xff, 0xff, 0xff, 0x9b, 0x07, 0x00, 0xc3, 0xff,
  0xff, 0x03, 0x03, 0xff, 0xff, 0xf8, 0x64, 0x00, 0x00, 0x00, 0xc3, 0xff,
  0xff, 0x03, 0x03, 0xff, 0xff, 0xc3, 0x00, 0x00, 0x00, 0x00, 0xc3, 0xff,
  0xff, 0x03, 0x00, 0xf6, 0xff, 0xd4, 0x00, 0x00, 0x00, 0x00, 0xd2, 0xff,
  0xf4, 0x00, 0x00, 0xd6, 0xff, 0xfd, 0x2b, 0x00, 0x00, 0x26, 0xfc, 0xff,
  0xd3, 0x00, 0x00, 0x81, 0xff, 0xff, 0xea, 0x83, 0x83, 0xe8, 0xff, 0xff,
  0x7f, 0x00, 0x00, 0x09, 0xbe, 0xff, 0xff, 0xff, 0xff, 0xff, 0xff, 0xbd,
  0x09, 0x00, 0x00, 0x00, 0x09, 0x73, 0xd0, 0xf2, 0xf2, 0xd0, 0x73, 0x09,
  0x00, 0x00, 0x00, 0x00, 0x00, 0x4b, 0xf4, 0xff, 0xff, 0x1b, 0x00, 0x00,
  0x69, 0xfc, 0xff, 0xff, 0xff, 0x1b, 0x01, 0x89, 0xff, 0xff, 0xfd, 0xff,
  0xff, 0x1b, 0x78, 0xff, 0xff, 0x8b, 0xaf, 0xff, 0xff, 0x1b, 0x0c, 0xc0,
  0x5a, 0x00, 0xab, 0xff, 0xff, 0x1b, 0x00, 0x00, 0x00, 0x00, 0xab, 0xff,
  0xff, 0x1b, 0x00, 0x00, 0x00, 0x00, 0xab, 0xff, 0xff, 0x1b, 0x00, 0x00,
  0x00, 0x00, 0xab, 0xff, 0xff, 0x1b, 0x00, 0x00, 0x00, 0x00, 0xab, 0xff,
  0xff, 0x1b, 0x00, 0x00, 0x00, 0x00, 0xab, 0xff, 0xff, 0x1b, 0x00, 0x00,
  0x00, 0x00, 0xab, 0xff, 0xff, 0x1b, 0x00, 0x00, 0x00, 0x00, 0xab, 0xff,
  0xff, 0x1b, 0x00, 0x00, 0x00, 0x00, 0xab, 0xff, 0xff, 0x1b, 0x00, 0x00,
  0x00, 0x00, 0xab, 0xff, 0xff, 0x1b, 0x00, 0x00, 0x00, 0x00, 0xab, 0xff,
  0xff, 0x1b, 0x00, 0x00, 0x00, 0x00, 0xab, 0xff, 0xff, 0x1b, 0x00, 0x00,
  0x00, 0x00, 0xab, 0xff, 0xff, 0x1b, 0x00, 0x00, 0x00, 0x00, 0xab, 0xff,
  0xff, 0x1b, 0x00, 0x03, 0x71, 0xce, 0xf6, 0xf6, 0xce, 0x73, 0x05, 0x00,
  0x03, 0xb2, 0xff, 0xff, 0xff, 0xff, 0xff, 0xff, 0xb7, 0x02, 0x61, 0xff,
  0xff, 0xea, 0x84, 0x87, 0xf1, 0xff, 0xff, 0x62, 0xb9, 0xff, 0xff, 0x36,
  0x00, 0x00, 0x45, 0xff, 0xff, 0xb7, 0x8e, 0xa7, 0xa2, 0x00, 0x00, 0x00,
  0x00, 0xef, 0xff, 0xe0, 0x00, 0x00, 0x00, 0x00, 0x00, 0x00, 0x00, 0xe7,
  0xff, 0xe2, 0x00, 0x00, 0x00, 0x00, 0x00, 0x00, 0x22, 0xff, 0xff, 0xbc,
  0x00, 0x00, 0x00, 0x00, 0x00, 0x00, 0xa6, 0xff, 0xff, 0x67, 0x00, 0x00,
  0x00, 0x00, 0x02, 0x8e, 0xff, 0xff, 0xd0, 0x07, 0x00, 0x00, 0x00, 0x10,
  0xba, 0xff, 0xff, 0xd1, 0x1b, 0x00, 0x00, 0x00, 0x1b, 0xd3, 0xff, 0xff,
  0xba, 0x0e, 0x00, 0x00, 0x00, 0x09, 0xd1, 0xff, 0xff, 0x93, 0x03, 0x00,
  0x00, 0x00, 0x00, 0x95, 0xff, 0xff, 0x98, 0x00, 0x00, 0x00, 0x00, 0x00,
  0x1b, 0xf9, 0xff, 0xe1, 0x09, 0x00, 0x00, 0x00, 0x00, 0x00, 0x76, 0xff,
  0xff, 0x74, 0x00, 0x00, 0x00, 0x00, 0x00, 0x00, 0xa8, 0xff, 0xff, 0x8a,
  0x6b, 0x6b, 0x6b, 0x6b, 0x6b, 0x59, 0xc7, 0xff, 0xff, 0xff, 0xff, 0xff,
  0xff, 0xff, 0xff, 0xd3, 0xcf, 0xff, 0xff, 0xff, 0xff, 0xff, 0xff, 0xff,
  0xff, 0xd3, 0x00, 0x00, 0x00, 0x64, 0xc9, 0xf4, 0xf7, 0xd0, 0x74, 0x04,
  0x00, 0x00, 0x00, 0x00, 0x99, 0xff, 0xff, 0xff, 0xff, 0xff, 0xff, 0xb0,
  0x01, 0x00, 0x00, 0x3d, 0xff, 0xff, 0xf2, 0x89, 0x81, 0xec, 0xff, 0xff,
  0x54, 0x00, 0x00, 0x8f, 0xff, 0xff, 0x5c, 0x00, 0x00, 0x42, 0xff, 0xff,
  0xab, 0x00, 0x00, 0x5c, 0x8b, 0x8b, 0x16, 0x00, 0x00, 0x05, 0xfc, 0xff,
  0xcd, 0x00, 0x00, 0x00, 0x00, 0x00, 0x00, 0x00, 0x00, 0x16, 0xff, 0xff,
  0xbb, 0x00, 0x00, 0x00, 0x00, 0x00, 0x00, 0x00, 0x01, 0x9d, 0xff, 0xff,
  0x70, 0x00, 0x00, 0x00, 0x00, 0x00, 0x3f, 0x83, 0xcc, 0xff, 0xff, 0xcd,
  0x09, 0x00, 0x00, 0x00, 0x00, 0x00, 0x8f, 0xff, 0xff, 0xff, 0xbc, 0x10,
  0x00, 0x00, 0x00, 0x00, 0x00, 0x00, 0x8f, 0xff, 0xff, 0xff, 0xf8, 0x75,
  0x00, 0x00, 0x00, 0x00, 0x00, 0x00, 0x03, 0x15, 0x4e, 0xd9, 0xff, 0xff,
  0x6a, 0x00, 0x00, 0x00, 0x00, 0x00, 0x00, 0x00, 0x00, 0x1a, 0xf2, 0xff,
  0xe7, 0x01, 0x00, 0x00, 0x00, 0x00, 0x00, 0x00, 0x00, 0x00, 0xa9, 0xff,
  0xff, 0x24, 0x05, 0xab, 0xab, 0x82, 0x00, 0x00, 0x00, 0x00, 0xa2, 0xff,
  0xff, 0x29, 0x00, 0xe6, 0xff, 0xf4, 0x19, 0x00, 0x00, 0x10, 0xe9, 0xff,
  0xf6, 0x08, 0x00, 0x8b, 0xff, 0xff, 0xe2, 0x82, 0x7c, 0xdb, 0xff, 0xff,
  0x9e, 0x00, 0x00, 0x0d, 0xce, 0xff, 0xff, 0xff, 0xff, 0xff, 0xff, 0xd7,
  0x12, 0x00, 0x00, 0x00, 0x09, 0x7a, 0xcf, 0xf5, 0xf8, 0xd6, 0x85, 0x0e,
  0x00, 0x00, 0x00, 0x00, 0x00, 0x00, 0x00, 0x7f, 0xff, 0xff, 0xff, 0x23,
  0x00, 0x00, 0x00, 0x00, 0x00, 0x06, 0xe7, 0xff, 0xff, 0xff, 0x23, 0x00,
  0x00, 0x00, 0x00, 0x00, 0x5b, 0xff, 0xff, 0xff, 0xff, 0x23, 0x00, 0x00,
  0x00, 0x00, 0x00, 0xc9, 0xff, 0xff, 0xff, 0xff, 0x23, 0x00, 0x00, 0x00,
  0x00, 0x37, 0xff, 0xff, 0xff, 0xff, 0xff, 0x23, 0x00, 0x00, 0x00, 0x00,
  0xa6, 0xff, 0xfd, 0xc5, 0xff, 0xff, 0x23, 0x00, 0x00, 0x00, 0x19, 0xfa,
  0xff, 0xb0, 0xa3, 0xff, 0xff, 0x23, 0x00, 0x00, 0x00, 0x82, 0xff, 0xff,
  0x41, 0xa3, 0xff, 0xff, 0x23, 0x00, 0x00, 0x07, 0xe9, 0xff, 0xd3, 0x00,
  0xa3, 0xff, 0xff, 0x23, 0x00, 0x00, 0x5e, 0xff, 0xff, 0x64, 0x00, 0xa3,
  0xff, 0xff, 0x23, 0x00, 0x00, 0xcc, 0xff, 0xed, 0x09, 0x00, 0xa3, 0xff,
  0xff, 0x23, 0x00, 0x03, 0xff, 0xff, 0xff, 0xff, 0xff, 0xff, 0xff, 0xff,
  0xff, 0xd3, 0x03, 0xff, 0xff, 0xff, 0xff, 0xff, 0xff, 0xff, 0xff, 0xff,
  0xd3, 0x01, 0x6b, 0x6b, 0x6b, 0x6b, 0x6b, 0xca, 0xff, 0xff, 0x80, 0x59,
  0x00, 0x00, 0x00, 0x00, 0x00, 0x00, 0xa3, 0xff, 0xff, 0x23, 0x00, 0x00,
  0x00, 0x00, 0x00, 0x00, 0x00, 0xa3, 0xff, 0xff, 0x23, 0x00, 0x00, 0x00,
  0x00, 0x00, 0x00, 0x00, 0xa3, 0xff, 0xff, 0x23, 0x00, 0x00, 0x00, 0x00,
  0x00, 0x00, 0x00, 0xa3, 0xff, 0xff, 0x23, 0x00, 0x9f, 0xff, 0xff, 0xff,
  0xff, 0xff, 0xff, 0xff, 0xff, 0x57, 0x00, 0x9f, 0xff, 0xff, 0xff, 0xff,
  0xff, 0xff, 0xff, 0xff, 0x57, 0x00, 0x9f, 0xff, 0xff, 0x83, 0x6b, 0x6b,
  0x6b, 0x6b, 0x6b, 0x25, 0x00, 0x9f, 0xff, 0xff, 0x27, 0x00, 0x00, 0x00,
  0x00, 0x00, 0x00, 0x00, 0x9f, 0xff, 0xff, 0x27, 0x00, 0x00, 0x00, 0x00,
  0x00, 0x00, 0x00, 0x9f, 0xff, 0xff, 0x27, 0x00, 0x00, 0x00, 0x00, 0x00,
  0x00, 0x00, 0x9f, 0xff, 0xff, 0xd2, 0xf3, 0xf7, 0xcb, 0x63, 0x00, 0x00,
  0x00, 0x9f, 0xff, 0xff, 0xff, 0xff, 0xff, 0xff, 0xff, 0x99, 0x00, 0x00,
  0x9f, 0xff, 0xff, 0xfc, 0x90, 0x83, 0xf0, 0xff, 0xff, 0x48, 0x00, 0x9f,
  0xff, 0xff, 0x7e, 0x00, 0x00, 0x49, 0xff, 0xff, 0xa4, 0x00, 0x63, 0x9f,
  0x9f, 0x23, 0x00, 0x00, 0x02, 0xef, 0xff, 0xe3, 0x00, 0x00, 0x00, 0x00,
  0x00, 0x00, 0x00, 0x00, 0xce, 0xff, 0xf9, 0x00, 0x14, 0x17, 0x15, 0x00,
  0x00, 0x00, 0x00, 0xce, 0xff, 0xf9, 0x00, 0xd0, 0xff, 0xfa, 0x04, 0x00,
  0x00, 0x03, 0xf0, 0xff, 0xe5, 0x00, 0xa0, 0xff, 0xff, 0x56, 0x00, 0x00,
  0x5a, 0xff, 0xff, 0xb1, 0x00, 0x3f, 0xff, 0xff, 0xf5, 0x8b, 0x85, 0xf4,
  0xff, 0xff, 0x4a, 0x00, 0x00, 0x90, 0xff, 0xff, 0xff, 0xff, 0xff, 0xff,
  0x9c, 0x00, 0x00, 0x00, 0x00, 0x60, 0xc8, 0xf5, 0xef, 0xc7, 0x66, 0x01,
  0x00, 0x00, 0x00, 0x00, 0x00, 0x00, 0x00, 0xad, 0xff, 0xff, 0x58, 0x00,
  0x00, 0x00, 0x00, 0x00, 0x00, 0x00, 0x29, 0xfe, 0xff, 0xda, 0x03, 0x00,
  0x00, 0x00, 0x00, 0x00, 0x00, 0x00, 0xa1, 0xff, 0xff, 0x60, 0x00, 0x00,
  0x00, 0x00, 0x00, 0x00, 0x00, 0x20, 0xfb, 0xff, 0xdf, 0x04, 0x00, 0x00,
  0x00, 0x00, 0x00, 0x00, 0x00, 0x96, 0xff, 0xff, 0x67, 0x00, 0x00, 0x00,
  0x00, 0x00, 0x00, 0x00, 0x1d, 0xf9, 0xff, 0xe4, 0x07, 0x00, 0x00, 0x00,
  0x00, 0x00, 0x00, 0x00, 0x95, 0xff, 0xff, 0xb7, 0x61, 0x35, 0x01, 0x00,
  0x00, 0x00, 0x00, 0x0d, 0xf4, 0xff, 0xff, 0xff, 0xff, 0xff, 0xd1, 0x2d,
  0x00, 0x00, 0x00, 0x67, 0xff, 0xff, 0xff, 0xff, 0xff, 0xff, 0xff, 0xea,
  0x15, 0x00, 0x00, 0xbc, 0xff, 0xff, 0xbe, 0x1b, 0x18, 0xb9, 0xff, 0xff,
  0x89, 0x00, 0x00, 0xed, 0xff, 0xfd, 0x18, 0x00, 0x00, 0x14, 0xfc, 0xff,
  0xcd, 0x00, 0x00, 0xfe, 0xff, 0xd5, 0x00, 0x00, 0x00, 0x00, 0xd6, 0xff,
  0xeb, 0x00, 0x00, 0xf2, 0xff, 0xca, 0x00, 0x00, 0x00, 0x00, 0xca, 0xff,
  0xfa, 0x00, 0x00, 0xd5, 0xff, 0xe7, 0x01, 0x00, 0x00, 0x01, 0xe8, 0xff,
  0xdf, 0x00, 0x00, 0x8f, 0xff, 0xff, 0x4c, 0x00, 0x00, 0x50, 0xff, 0xff,
  0xb8, 0x00, 0x00, 0x30, 0xfe, 0xff, 0xf3, 0x85, 0x86, 0xf4, 0xff, 0xff,
  0x56, 0x00, 0x00, 0x00, 0x80, 0xff, 0xff, 0xff, 0xff, 0xff, 0xff, 0xa3,
  0x00, 0x00, 0x00, 0x00, 0x00, 0x57, 0xc5, 0xf5, 0xf4, 0xc7, 0x64, 0x02,
  0x00, 0x00, 0xd3, 0xff, 0xff, 0xff, 0xff, 0xff, 0xff, 0xff, 0xff, 0xd3,
  0xd3, 0xff, 0xff, 0xff, 0xff, 0xff, 0xff, 0xff, 0xff, 0xd3, 0x59, 0x6b,
  0x6b, 0x6b, 0x6b, 0x6b, 0x82, 0xff, 0xff, 0xc6, 0x00, 0x00, 0x00, 0x00,
  0x00, 0x00, 0x66, 0xff, 0xff, 0x7c, 0x00, 0x00, 0x00, 0x00, 0x00, 0x00,
  0xb5, 0xff, 0xff, 0x2d, 0x00, 0x00, 0x00, 0x00, 0x00, 0x0c, 0xf8, 0xff,
  0xdd, 0x00, 0x00, 0x00, 0x00, 0x00, 0x00, 0x54, 0xff, 0xff, 0x8d, 0x00,
  0x00, 0x00, 0x00, 0x00, 0x00, 0xa4, 0xff, 0xff, 0x3d, 0x00, 0x00, 0x00,
  0x00, 0x00, 0x04, 0xef, 0xff, 0xeb, 0x03, 0x00, 0x00, 0x00, 0x00, 0x00,
  0x43, 0xff, 0xff, 0x9d, 0x00, 0x00, 0x00, 0x00, 0x00, 0x00, 0x93, 0xff,
  0xff, 0x4d, 0x00, 0x00, 0x00, 0x00, 0x00, 0x00, 0xe1, 0xff, 0xf5, 0x09,
  0x00, 0x00, 0x00, 0x00, 0x00, 0x32, 0xff, 0xff, 0xae, 0x00, 0x00, 0x00,
  0x00, 0x00, 0x00, 0x82, 0xff, 0xff, 0x5e, 0x00, 0x00, 0x00, 0x00, 0x00,
  0x00, 0xd1, 0xff, 0xfc, 0x13, 0x00, 0x00, 0x00, 0x00, 0x00, 0x21, 0xff,
  0xff, 0xbe, 0x00, 0x00, 0x00, 0x00, 0x00, 0x00, 0x70, 0xff, 0xff, 0x6e,
  0x00, 0x00, 0x00, 0x00, 0x00, 0x00, 0xc0, 0xff, 0xff, 0x20, 0x00, 0x00,
  0x00, 0x00, 0x00, 0x00, 0x01, 0x69, 0xc7, 0xed, 0xed, 0xc7, 0x69, 0x01,
  0x00, 0x00, 0x00, 0x00, 0x99, 0xff, 0xff, 0xff, 0xff, 0xff, 0xff, 0x99,
  0x00, 0x00, 0x00, 0x34, 0xff, 0xff, 0xf5, 0x8d, 0x8d, 0xf1, 0xff, 0xff,
  0x34, 0x00, 0x00, 0x81, 0xff, 0xff, 0x67, 0x00, 0x00, 0x62, 0xff, 0xff,
  0x83, 0x00, 0x00, 0x96, 0xff, 0xff, 0x39, 0x00, 0x00, 0x31, 0xff, 0xff,
  0x99, 0x00, 0x00, 0x74, 0xff, 0xff, 0x71, 0x00, 0x00, 0x6d, 0xff, 0xff,
  0x75, 0x00, 0x00, 0x1a, 0xf2, 0xff, 0xed, 0x20, 0x22, 0xef, 0xff, 0xf9,
  0x1d, 0x00, 0x00, 0x00, 0x69, 0xff, 0xff, 0xe4, 0xe5, 0xff, 0xff, 0x6d,
  0x00, 0x00, 0x00, 0x00, 0x00, 0x76, 0xff, 0xff, 0xff, 0xff, 0x75, 0x00,
  0x00, 0x00, 0x00, 0x00, 0x0d, 0xb7, 0xff, 0xff, 0xff, 0xff, 0xb7, 0x0d,
  0x00, 0x00, 0x00, 0x07, 0xc7, 0xff, 0xff, 0xb8, 0xb9, 0xff, 0xff, 0xc7,
  0x07, 0x00, 0x00, 0x77, 0xff, 0xff, 0xb3, 0x03, 0x04, 0xb7, 0xff, 0xff,
  0x76, 0x00, 0x00, 0xd8, 0xff, 0xf5, 0x12, 0x00, 0x00, 0x14, 0xf6, 0xff,
  0xd8, 0x00, 0x00, 0xfc, 0xff, 0xcb, 0x00, 0x00, 0x00, 0x00, 0xcc, 0xff,
  0xfb, 0x00, 0x00, 0xe8, 0xff, 0xf1, 0x12, 0x00, 0x00, 0x11, 0xf1, 0xff,
  0xe7, 0x00, 0x00, 0x95, 0xff, 0xff, 0xd8, 0x82, 0x82, 0xd7, 0xff, 0xff,
  0x95, 0x00, 0x00, 0x13, 0xd8, 0xff, 0xff, 0xff, 0xff, 0xff, 0xff, 0xd8,
  0x14, 0x00, 0x00, 0x00, 0x0f, 0x88, 0xd2, 0xf0, 0xf0, 0xd2, 0x88, 0x0f,
  0x00, 0x00, 0x00, 0x00, 0x02, 0x64, 0xc7, 0xf4, 0xf4, 0xc2, 0x54, 0x00,
  0x00, 0x00, 0x00, 0x00, 0xa3, 0xff, 0xff, 0xff, 0xff, 0xff, 0xff, 0x7e,
  0x00, 0x00, 0x00, 0x53, 0xff, 0xff, 0xf2, 0x86, 0x86, 0xf4, 0xff, 0xfe,
  0x32, 0x00, 0x00, 0xb5, 0xff, 0xff, 0x4a, 0x00, 0x00, 0x4e, 0xff, 0xff,
  0x9c, 0x00, 0x00, 0xea, 0xff, 0xe7, 0x00, 0x00, 0x00, 0x01, 0xe8, 0xff,
  0xd8, 0x00, 0x00, 0xfe, 0xff, 0xca, 0x00, 0x00, 0x00, 0x00, 0xca, 0xff,
  0xf1, 0x00, 0x00, 0xec, 0xff, 0xd5, 0x00, 0x00, 0x00, 0x00, 0xd6, 0xff,
  0xfd, 0x00, 0x00, 0xcd, 0xff, 0xfd, 0x16, 0x00, 0x00, 0x18, 0xfd, 0xff,
  0xec, 0x00, 0x00, 0x87, 0xff, 0xff, 0xb8, 0x16, 0x1a, 0xbe, 0xff, 0xff,
  0xbb, 0x00, 0x00, 0x13, 0xe8, 0xff, 0xff, 0xff, 0xff, 0xff, 0xff, 0xff,
  0x65, 0x00, 0x00, 0x00, 0x2b, 0xd1, 0xff, 0xff, 0xff, 0xff, 0xff, 0xf2,
  0x0c, 0x00, 0x00, 0x00, 0x00, 0x02, 0x36, 0x61, 0xb5, 0xff, 0xff, 0x90,
  0x00, 0x00, 0x00, 0x00, 0x00, 0x00, 0x00, 0x07, 0xe4, 0xff, 0xf9, 0x1c,
  0x00, 0x00, 0x00, 0x00, 0x00, 0x00, 0x00, 0x68, 0xff, 0xff, 0x99, 0x00,
  0x00, 0x00, 0x00, 0x00, 0x00, 0x00, 0x04, 0xdf, 0xff, 0xfc, 0x22, 0x00,
  0x00, 0x00, 0x00, 0x00, 0x00, 0x00, 0x61, 0xff, 0xff, 0xa3, 0x00, 0x00,
  0x00, 0x00, 0x00, 0x00, 0x00, 0x03, 0xda, 0xff, 0xfe, 0x2a, 0x00, 0x00,
  0x00, 0x00, 0x00, 0x00, 0x00, 0x59, 0xff, 0xff, 0xad, 0x00, 0x00, 0x00,
  0x00, 0x00, 0x00, 0x78, 0xec, 0xec, 0x76, 0x00, 0x26, 0xff, 0xff, 0xff,
  0xff, 0x26, 0x4d, 0xff, 0xff, 0xff, 0xff, 0x4d, 0x27, 0xff, 0xff, 0xff,
  0xff, 0x27, 0x00, 0x79, 0xed, 0xec, 0x77, 0x00, 0x00, 0x00, 0x00, 0x00,
  0x00, 0x00, 0x00, 0x00, 0x00, 0x00, 0x00, 0x00, 0x00, 0x00, 0x00, 0x00,
  0x00, 0x00, 0x00, 0x78, 0xec, 0xec, 0x76, 0x00, 0x26, 0xff, 0xff, 0xff,
  0xff, 0x26, 0x4d, 0xff, 0xff, 0xff, 0xff, 0x4d, 0x27, 0xff, 0xff, 0xff,
  0xff, 0x27, 0x00, 0x79, 0xed, 0xec, 0x77, 0x00, 0x00, 0x78, 0xec, 0xec,
  0x76, 0x00, 0x26, 0xff, 0xff, 0xff, 0xff, 0x26, 0x4d, 0xff, 0xff, 0xff,
  0xff, 0x4d, 0x27, 0xff, 0xff, 0xff, 0xff, 0x27, 0x00, 0x79, 0xed, 0xec,
  0x77, 0x00, 0x00, 0x00, 0x00, 0x00, 0x00, 0x00, 0x00, 0x00, 0x00, 0x00,
  0x00, 0x00, 0x00, 0x00, 0x00, 0x00, 0x00, 0x00, 0x00, 0x00, 0x00, 0x00,
  0x00, 0x00, 0x00, 0x83, 0xf1, 0xf1, 0x82, 0x00, 0x2e, 0xff, 0xff, 0xff,
  0xff, 0x2d, 0x49, 0xff, 0xff, 0xff, 0xff, 0x4e, 0x17, 0xf2, 0xff, 0xff,
  0xff, 0x3b, 0x00, 0x36, 0xd3, 0xff, 0xfc, 0x0c, 0x00, 0x08, 0xe9, 0xff,
  0xb8, 0x00, 0x00, 0x72, 0xff, 0xff, 0x4c, 0x00, 0x2e, 0xf7, 0xff, 0xba,
  0x00, 0x00, 0x22, 0xca, 0xec, 0x1a, 0x00, 0x00, 0x00, 0x05, 0x2d, 0x00,
  0x00, 0x00, 0x00, 0x00, 0x00, 0x00, 0x00, 0x00, 0x00, 0x17, 0x8b, 0x75,
  0x00, 0x00, 0x00, 0x00, 0x00, 0x00, 0x18, 0x8d, 0xf5, 0xff, 0xf4, 0x1b,
  0x00, 0x00, 0x00, 0x18, 0x8e, 0xf6, 0xff, 0xff, 0xf3, 0x89, 0x13, 0x00,
  0x19, 0x8f, 0xf6, 0xff, 0xff, 0xf0, 0x83, 0x12, 0x00, 0x00, 0x81, 0xf7,
  0xff, 0xff, 0xed, 0x7d, 0x0f, 0x00, 0x00, 0x00, 0x00, 0xd3, 0xff, 0xf6,
  0x77, 0x0c, 0x00, 0x00, 0x00, 0x00, 0x00, 0x00, 0xd3, 0xff, 0xff, 0xc6,
  0x49, 0x00, 0x00, 0x00, 0x00, 0x00, 0x00, 0x3f, 0xc0, 0xff, 0xff, 0xff,
  0xcd, 0x50, 0x01, 0x00, 0x00, 0x00, 0x00, 0x00, 0x3e, 0xbd, 0xff, 0xff,
  0xff, 0xd3, 0x58, 0x02, 0x00, 0x00, 0x00, 0x00, 0x00, 0x3b, 0xba, 0xff,
  0xff, 0xff, 0xd9, 0x28, 0x00, 0x00, 0x00, 0x00, 0x00, 0x00, 0x38, 0xb6,
  0xff, 0xd9, 0x05, 0x00, 0x00, 0x00, 0x00, 0x00, 0x00, 0x00, 0x00, 0x35,
  0x39, 0x00, 0xd3, 0xff, 0xff, 0xff, 0xff, 0xff, 0xff, 0xff, 0xff, 0xd3,
  0xd3, 0xff, 0xff, 0xff, 0xff, 0xff, 0xff, 0xff, 0xff, 0xd3, 0x59, 0x6b,
  0x6b, 0x6b, 0x6b, 0x6b, 0x6b, 0x6b, 0x6b, 0x59, 0x00, 0x00, 0x00, 0x00,
  0x00, 0x00, 0x00, 0x00, 0x00, 0x00, 0x59, 0x6b, 0x6b, 0x6b, 0x6b, 0x6b,
  0x6b, 0x6b, 0x6b, 0x59, 0xd3, 0xff, 0xff, 0xff, 0xff, 0xff, 0xff, 0xff,
  0xff, 0xd3, 0xd3, 0xff, 0xff, 0xff, 0xff, 0xff, 0xff, 0xff, 0xff, 0xd3,
  0x00, 0x75, 0x8b, 0x16, 0x00, 0x00, 0x00, 0x00, 0x00, 0x00, 0x00, 0x1b,
  0xf5, 0xff, 0xf5, 0x8d, 0x17, 0x00, 0x00, 0x00, 0x00, 0x00, 0x13, 0x89,
  0xf3, 0xff, 0xff, 0xf6, 0x8e, 0x18, 0x00, 0x00, 0x00, 0x00, 0x00, 0x13,
  0x83, 0xf0, 0xff, 0xff, 0xf6, 0x8f, 0x19, 0x00, 0x00, 0x00, 0x00, 0x00,
  0x0f, 0x7d, 0xed, 0xff, 0xff, 0xf7, 0x81, 0x00, 0x00, 0x00, 0x00, 0x00,
  0x00, 0x0c, 0x77, 0xf6, 0xff, 0xd3, 0x00, 0x00, 0x00, 0x00, 0x00, 0x00,
  0x49, 0xc6, 0xff, 0xff, 0xd3, 0x00, 0x00, 0x00, 0x01, 0x50, 0xcd, 0xff,
  0xff, 0xff, 0xc0, 0x3f, 0x00, 0x02, 0x58, 0xd3, 0xff, 0xff, 0xff, 0xbd,
  0x3e, 0x00, 0x00, 0x28, 0xd9, 0xff, 0xff, 0xff, 0xba, 0x3b, 0x00, 0x00,
  0x00, 0x00, 0x05, 0xd9, 0xff, 0xb6, 0x38, 0x00, 0x00, 0x00, 0x00, 0x00,
  0x00, 0x00, 0x39, 0x35, 0x00, 0x00, 0x00, 0x00, 0x00, 0x00, 0x00, 0x00,
  0x00, 0x08, 0x7d, 0xce, 0xf0, 0xec, 0xc8, 0x73, 0x04, 0x00, 0x07, 0xc3,
  0xff, 0xff, 0xff, 0xff, 0xff, 0xff, 0xb8, 0x03, 0x6e, 0xff, 0xff, 0xe3,
  0x87, 0x89, 0xe5, 0xff, 0xff, 0x63, 0xc1, 0xff, 0xff, 0x2a, 0x00, 0x00,
  0x2e, 0xff, 0xff, 0xb6, 0x66, 0x77, 0x72, 0x00, 0x00, 0x00, 0x00, 0xfb,
  0xff, 0xcb, 0x00, 0x00, 0x00, 0x00, 0x00, 0x00, 0x31, 0xff, 0xff, 0xa9,
  0x00, 0x00, 0x00, 0x00, 0x00, 0x01, 0xc0, 0xff, 0xff, 0x50, 0x00, 0x00,
  0x00, 0x00, 0x00, 0x81, 0xff, 0xff, 0xc0, 0x01, 0x00, 0x00, 0x00, 0x00,
  0x4a, 0xff, 0xff, 0xea, 0x1c, 0x00, 0x00, 0x00, 0x00, 0x01, 0xe1, 0xff,
  0xff, 0x48, 0x00, 0x00, 0x00, 0x00, 0x00, 0x35, 0xff, 0xff, 0xbb, 0x00,
  0x00, 0x00, 0x00, 0x00, 0x00, 0x57, 0xff, 0xff, 0x76, 0x00, 0x00, 0x00,
  0x00, 0x00, 0x00, 0x18, 0x3f, 0x3f, 0x19, 0x00, 0x00, 0x00, 0x00, 0x00,
  0x00, 0x00, 0x00, 0x00, 0x00, 0x00, 0x00, 0x00, 0x00, 0x00, 0x00, 0x71,
  0xe4, 0xe4, 0x6f, 0x00, 0x00, 0x00, 0x00, 0x00, 0x06, 0xf8, 0xff, 0xff,
  0xf6, 0x06, 0x00, 0x00, 0x00, 0x00, 0x07, 0xf8, 0xff, 0xff, 0xf6, 0x06,
  0x00, 0x00, 0x00, 0x00, 0x00, 0x72, 0xe6, 0xe6, 0x70, 0x00, 0x00, 0x00,
  0x00, 0x00, 0x01, 0x35, 0x5a, 0x61, 0x34, 0x01, 0x00, 0x00, 0x00, 0x25,
  0xd4, 0xff, 0xff, 0xff, 0xff, 0xcf, 0x25, 0x00, 0x12, 0xde, 0xff, 0xff,
  0xff, 0xff, 0xff, 0xff, 0xdf, 0x0d, 0x7b, 0xff, 0xfd, 0x72, 0x13, 0x16,
  0x57, 0xf2, 0xff, 0x6f, 0xb5, 0xff, 0xa6, 0x00, 0x00, 0x00, 0x00, 0x84,
  0xff, 0xb3, 0xce, 0xff, 0x70, 0x00, 0x0b, 0x9f, 0xf1, 0xff, 0xff, 0xce,
  0xd3, 0xff, 0x67, 0x00, 0x9a, 0xff, 0xff, 0xff, 0xff, 0xd3, 0xd3, 0xff,
  0x67, 0x01, 0xf4, 0xff, 0xb4, 0xa8, 0xff, 0xd3, 0xd3, 0xff, 0x67, 0x16,
  0xff, 0xff, 0x2b, 0x67, 0xff, 0xd3, 0xd3, 0xff, 0x67, 0x1f, 0xff, 0xff,
  0x1b, 0x67, 0xff, 0xd3, 0xd3, 0xff, 0x67, 0x1f, 0xff, 0xff, 0x1b, 0x67,
  0xff, 0xd3, 0xd3, 0xff, 0x67, 0x1f, 0xff, 0xff, 0x1b, 0x67, 0xff, 0xd3,
  0xd3, 0xff, 0x67, 0x1f, 0xff, 0xff, 0x1b, 0x67, 0xff, 0xd3, 0xd3, 0xff,
  0x67, 0x1d, 0xff, 0xff, 0x1d, 0x69, 0xff, 0xd3, 0xd3, 0xff, 0x67, 0x07,
  0xff, 0xff, 0x5a, 0x9b, 0xff, 0xc0, 0xd3, 0xff, 0x68, 0x00, 0xcb, 0xff,
  0xff, 0xff, 0xff, 0x87, 0xc5, 0xff, 0x7b, 0x00, 0x39, 0xf3, 0xff, 0xff,
  0xe3, 0x1a, 0xa5, 0xff, 0xd1, 0x05, 0x00, 0x18, 0x5e, 0x58, 0x0e, 0x00,
  0x51, 0xff, 0xff, 0xd2, 0x7c, 0x6b, 0x6b, 0x6b, 0x43, 0x00, 0x00, 0x9b,
  0xff, 0xff, 0xff, 0xff, 0xff, 0xff, 0x9f, 0x00, 0x00, 0x02, 0x6e, 0xcd,
  0xf0, 0xff, 0xff, 0xff, 0x9f, 0x00, 0x00, 0x00, 0x00, 0x00, 0xb6, 0xff,
  0xff, 0xb4, 0x00, 0x00, 0x00, 0x00, 0x00, 0x00, 0x00, 0x00, 0xe9, 0xff,
  0xff, 0xe8, 0x00, 0x00, 0x00, 0x00, 0x00, 0x00, 0x00, 0x1d, 0xff, 0xff,
  0xff, 0xff, 0x1c, 0x00, 0x00, 0x00, 0x00, 0x00, 0x00, 0x50, 0xff, 0xff,
  0xff, 0xff, 0x4f, 0x00, 0x00, 0x00, 0x00, 0x00, 0x00, 0x84, 0xff, 0xfe,
  0xfe, 0xff, 0x83, 0x00, 0x00, 0x00, 0x00, 0x00, 0x00, 0xb7, 0xff, 0xdf,
  0xdc, 0xff, 0xb6, 0x00, 0x00, 0x00, 0x00, 0x00, 0x00, 0xeb, 0xff, 0xb2,
  0xae, 0xff, 0xea, 0x00, 0x00, 0x00, 0x00, 0x00, 0x1e, 0xff, 0xff, 0x83,
  0x81, 0xff, 0xff, 0x1d, 0x00, 0x00, 0x00, 0x00, 0x52, 0xff, 0xff, 0x55,
  0x54, 0xff, 0xff, 0x51, 0x00, 0x00, 0x00, 0x00, 0x86, 0xff, 0xff, 0x26,
  0x26, 0xff, 0xff, 0x84, 0x00, 0x00, 0x00, 0x00, 0xb9, 0xff, 0xf6, 0x02,
  0x02, 0xf6, 0xff, 0xb8, 0x00, 0x00, 0x00, 0x00, 0xec, 0xff, 0xe7, 0x6b,
  0x6b, 0xe7, 0xff, 0xec, 0x00, 0x00, 0x00, 0x20, 0xff, 0xff, 0xff, 0xff,
  0xff, 0xff, 0xff, 0xff, 0x1f, 0x00, 0x00, 0x54, 0xff, 0xff, 0xff, 0xff,
  0xff, 0xff, 0xff, 0xff, 0x53, 0x00, 0x00, 0x87, 0xff, 0xff, 0x3f, 0x00,
  0x00, 0x40, 0xff, 0xff, 0x86, 0x00, 0x00, 0xbb, 0xff, 0xff, 0x12, 0x00,
  0x00, 0x11, 0xff, 0xff, 0xba, 0x00, 0x00, 0xed, 0xff, 0xe3, 0x00, 0x00,
  0x00, 0x00, 0xe0, 0xff, 0xed, 0x00, 0x22, 0xff, 0xff, 0xb6, 0x00, 0x00,
  0x00, 0x00, 0xb0, 0xff, 0xff, 0x21, 0xd3, 0xff, 0xff, 0xff, 0xff, 0xea,
  0xbf, 0x4d, 0x00, 0x00, 0x00, 0xd3, 0xff, 0xff, 0xff, 0xff, 0xff, 0xff,
  0xfe, 0x60, 0x00, 0x00, 0xd3, 0xff, 0xf9, 0x6b, 0x6c, 0x9c, 0xfe, 0xff,
  0xf4, 0x0d, 0x00, 0xd3, 0xff, 0xf3, 0x00, 0x00, 0x00, 0x91, 0xff, 0xff,
  0x59, 0x00, 0xd3, 0xff, 0xf3, 0x00, 0x00, 0x00, 0x4c, 0xff, 0xff, 0x7b,
  0x00, 0xd3, 0xff, 0xf3, 0x00, 0x00, 0x00, 0x4e, 0xff, 0xff, 0x76, 0x00,
  0xd3, 0xff, 0xf3, 0x00, 0x00, 0x00, 0x96, 0xff, 0xff, 0x4f, 0x00, 0xd3,
  0xff, 0xf9, 0x6b, 0x6c, 0x9b, 0xff, 0xff, 0xd8, 0x07, 0x00, 0xd3, 0xff,
  0xff, 0xff, 0xff, 0xff, 0xff, 0xf0, 0x1e, 0x00, 0x00, 0xd3, 0xff, 0xff,
  0xff, 0xff, 0xff, 0xff, 0xff, 0xcb, 0x13, 0x00, 0xd3, 0xff, 0xf3, 0x00,
  0x00, 0x1d, 0x9b, 0xff, 0xff, 0xab, 0x00, 0xd3, 0xff, 0xf3, 0x00, 0x00,
  0x00, 0x02, 0xd7, 0xff, 0xfc, 0x06, 0xd3, 0xff, 0xf3, 0x00, 0x00, 0x00,
  0x00, 0x9f, 0xff, 0xff, 0x27, 0xd3, 0xff, 0xf3, 0x00, 0x00, 0x00, 0x00,
  0xac, 0xff, 0xff, 0x1e, 0xd3, 0xff, 0xf3, 0x00, 0x00, 0x00, 0x1c, 0xf5,
  0xff, 0xf6, 0x04, 0xd3, 0xff, 0xf9, 0x6b, 0x6c, 0x87, 0xe9, 0xff, 0xff,
  0x9b, 0x00, 0xd3, 0xff, 0xff, 0xff, 0xff, 0xff, 0xff, 0xff, 0xc3, 0x0e,
  0x00, 0xd3, 0xff, 0xff, 0xff, 0xff, 0xef, 0xcf, 0x7d, 0x09, 0x00, 0x00,
  0x00, 0x00, 0x09, 0x7e, 0xd1, 0xf2, 0xf5, 0xcc, 0x70, 0x04, 0x00, 0x00,
  0x07, 0xb9, 0xff, 0xff, 0xff, 0xff, 0xff, 0xff, 0xb6, 0x03, 0x00, 0x7e,
  0xff, 0xff, 0xe9, 0x84, 0x84, 0xea, 0xff, 0xff, 0x61, 0x00, 0xd5, 0xff,
  0xfe, 0x2c, 0x00, 0x00, 0x34, 0xff, 0xff, 0xb9, 0x00, 0xf5, 0xff, 0xd6,
  0x00, 0x00, 0x00, 0x00, 0x92, 0x9b, 0x84, 0x03, 0xff, 0xff, 0xc4, 0x00,
  0x00, 0x00, 0x00, 0x00, 0x00, 0x00, 0x03, 0xff, 0xff, 0xc3, 0x00, 0x00,
  0x00, 0x00, 0x00, 0x00, 0x00, 0x03, 0xff, 0xff, 0xc3, 0x00, 0x00, 0x00,
  0x00, 0x00, 0x00, 0x00, 0x03, 0xff, 0xff, 0xc3, 0x00, 0x00, 0x00, 0x00,
  0x00, 0x00, 0x00, 0x03, 0xff, 0xff, 0xc3, 0x00, 0x00, 0x00, 0x00, 0x00,
  0x00, 0x00, 0x03, 0xff, 0xff, 0xc3, 0x00, 0x00, 0x00, 0x00, 0x00, 0x00,
  0x00, 0x03, 0xff, 0xff, 0xc3, 0x00, 0x00, 0x00, 0x00, 0x00, 0x00, 0x00,
  0x03, 0xff, 0xff, 0xc4, 0x00, 0x00, 0x00, 0x00, 0x00, 0x00, 0x00, 0x00,
  0xf5, 0xff, 0xd6, 0x00, 0x00, 0x00, 0x00, 0x96, 0x9f, 0x86, 0x00, 0xd5,
  0xff, 0xfe, 0x2a, 0x00, 0x00, 0x36, 0xff, 0xff, 0xb8, 0x00, 0x7f, 0xff,
  0xff, 0xe8, 0x84, 0x84, 0xeb, 0xff, 0xff, 0x5f, 0x00, 0x08, 0xbb, 0xff,
  0xff, 0xff, 0xff, 0xff, 0xff, 0xb5, 0x03, 0x00, 0x00, 0x08, 0x6f, 0xcf,
  0xf2, 0xf6, 0xcd, 0x71, 0x04, 0x00, 0xd3, 0xff, 0xff, 0xff, 0xfa, 0xe1,
  0xb4, 0x4b, 0x00, 0x00, 0x00, 0xd3, 0xff, 0xff, 0xff, 0xff, 0xff, 0xff,
  0xff, 0x8d, 0x00, 0x00, 0xd3, 0xff, 0xf9, 0x6b, 0x74, 0xa4, 0xfa, 0xff,
  0xff, 0x51, 0x00, 0xd3, 0xff, 0xf3, 0x00, 0x00, 0x00, 0x61, 0xff, 0xff,
  0xba, 0x00, 0xd3, 0xff, 0xf3, 0x00, 0x00, 0x00, 0x01, 0xe8, 0xff, 0xe5,
  0x00, 0xd3, 0xff, 0xf3, 0x00, 0x00, 0x00, 0x00, 0xc8, 0xff, 0xfd, 0x02,
  0xd3, 0xff, 0xf3, 0x00, 0x00, 0x00, 0x00, 0xc3, 0xff, 0xff, 0x03, 0xd3,
  0xff, 0xf3, 0x00, 0x00, 0x00, 0x00, 0xc3, 0xff, 0xff, 0x03, 0xd3, 0xff,
  0xf3, 0x00, 0x00, 0x00, 0x00, 0xc3, 0xff, 0xff, 0x03, 0xd3, 0xff, 0xf3,
  0x00, 0x00, 0x00, 0x00, 0xc3, 0xff, 0xff, 0x03, 0xd3, 0xff, 0xf3, 0x00,
  0x00, 0x00, 0x00, 0xc3, 0xff, 0xff, 0x03, 0xd3, 0xff, 0xf3, 0x00, 0x00,
  0x00, 0x00, 0xc3, 0xff, 0xff, 0x03, 0xd3, 0xff, 0xf3, 0x00, 0x00, 0x00,
  0x00, 0xc8, 0xff, 0xfd, 0x02, 0xd3, 0xff, 0xf3, 0x00, 0x00, 0x00, 0x02,
  0xe9, 0xff, 0xe5, 0x00, 0xd3, 0xff, 0xf3, 0x00, 0x00, 0x00, 0x63, 0xff,
  0xff, 0xba, 0x00, 0xd3, 0xff, 0xf9, 0x6b, 0x73, 0xa1, 0xfb, 0xff, 0xff,
  0x51, 0x00, 0xd3, 0xff, 0xff, 0xff, 0xff, 0xff, 0xff, 0xff, 0x8e, 0x00,
  0x00, 0xd3, 0xff, 0xff, 0xff, 0xfb, 0xe2, 0xb4, 0x4b, 0x00, 0x00, 0x00,
  0x37, 0xff, 0xff, 0xff, 0xff, 0xff, 0xff, 0xff, 0xff, 0xd3, 0x37, 0xff,
  0xff, 0xff, 0xff, 0xff, 0xff, 0xff, 0xff, 0xd3, 0x37, 0xff, 0xff, 0xbf,
  0x6b, 0x6b, 0x6b, 0x6b, 0x6b, 0x59, 0x37, 0xff, 0xff, 0x8f, 0x00, 0x00,
  0x00, 0x00, 0x00, 0x00, 0x37, 0xff, 0xff, 0x8f, 0x00, 0x00, 0x00, 0x00,
  0x00, 0x00, 0x37, 0xff, 0xff, 0x8f, 0x00, 0x00, 0x00, 0x00, 0x00, 0x00,
  0x37, 0xff, 0xff, 0x8f, 0x00, 0x00, 0x00, 0x00, 0x00, 0x00, 0x37, 0xff,
  0xff, 0xbf, 0x6b, 0x6b, 0x6b, 0x6b, 0x2a, 0x00, 0x37, 0xff, 0xff, 0xff,
  0xff, 0xff, 0xff, 0xff, 0x63, 0x00, 0x37, 0xff, 0xff, 0xff, 0xff, 0xff,
  0xff, 0xff, 0x63, 0x00, 0x37, 0xff, 0xff, 0x8f, 0x00, 0x00, 0x00, 0x00,
  0x00, 0x00, 0x37, 0xff, 0xff, 0x8f, 0x00, 0x00, 0x00, 0x00, 0x00, 0x00,
  0x37, 0xff, 0xff, 0x8f, 0x00, 0x00, 0x00, 0x00, 0x00, 0x00, 0x37, 0xff,
  0xff, 0x8f, 0x00, 0x00, 0x00, 0x00, 0x00, 0x00, 0x37, 0xff, 0xff, 0x8f,
  0x00, 0x00, 0x00, 0x00, 0x00, 0x00, 0x37, 0xff, 0xff, 0xbf, 0x6b, 0x6b,
  0x6b, 0x6b, 0x6b, 0x59, 0x37, 0xff, 0xff, 0xff, 0xff, 0xff, 0xff, 0xff,
  0xff, 0xd3, 0x37, 0xff, 0xff, 0xff, 0xff, 0xff, 0xff, 0xff, 0xff, 0xd3,
  0x37, 0xff, 0xff, 0xff, 0xff, 0xff, 0xff, 0xff, 0xff, 0xd3, 0x37, 0xff,
  0xff, 0xff, 0xff, 0xff, 0xff, 0xff, 0xff, 0xd3, 0x37, 0xff, 0xff, 0xbf,
  0x6b, 0x6b, 0x6b, 0x6b, 0x6b, 0x59, 0x37, 0xff, 0xff, 0x8f, 0x00, 0x00,
  0x00, 0x00, 0x00, 0x00, 0x37, 0xff, 0xff, 0x8f, 0x00, 0x00, 0x00, 0x00,
  0x00, 0x00, 0x37, 0xff, 0xff, 0x8f, 0x00, 0x00, 0x00, 0x00, 0x00, 0x00,
  0x37, 0xff, 0xff, 0x8f, 0x00, 0x00, 0x00, 0x00, 0x00, 0x00, 0x37, 0xff,
  0xff, 0xbf, 0x6b, 0x6b, 0x6b, 0x6b, 0x2a, 0x00, 0x37, 0xff, 0xff, 0xff,
  0xff, 0xff, 0xff, 0xff, 0x63, 0x00, 0x37, 0xff, 0xff, 0xff, 0xff, 0xff,
  0xff, 0xff, 0x63, 0x00, 0x37, 0xff, 0xff, 0x8f, 0x00, 0x00, 0x00, 0x00,
  0x00, 0x00, 0x37, 0xff, 0xff, 0x8f, 0x00, 0x00, 0x00, 0x00, 0x00, 0x00,
  0x37, 0xff, 0xff, 0x8f, 0x00, 0x00, 0x00, 0x00, 0x00, 0x00, 0x37, 0xff,
  0xff, 0x8f, 0x00, 0x00, 0x00, 0x00, 0x00, 0x00, 0x37, 0xff, 0xff, 0x8f,
  0x00, 0x00, 0x00, 0x00, 0x00, 0x00, 0x37, 0xff, 0xff, 0x8f, 0x00, 0x00,
  0x00, 0x00, 0x00, 0x00, 0x37, 0xff, 0xff, 0x8f, 0x00, 0x00, 0x00, 0x00,
  0x00, 0x00, 0x37, 0xff, 0xff, 0x8f, 0x00, 0x00, 0x00, 0x00, 0x00, 0x00,
  0x00, 0x00, 0x09, 0x7e, 0xd1, 0xf2, 0xf5, 0xcd, 0x72, 0x04, 0x00, 0x00,
  0x07, 0xb9, 0xff, 0xff, 0xff, 0xff, 0xff, 0xff, 0xb9, 0x04, 0x00, 0x7e,
  0xff, 0xff, 0xe9, 0x84, 0x84, 0xea, 0xff, 0xff, 0x63, 0x00, 0xd5, 0xff,
  0xfe, 0x2c, 0x00, 0x00, 0x34, 0xff, 0xff, 0xba, 0x00, 0xf5, 0xff, 0xd6,
  0x00, 0x00, 0x00, 0x00, 0x8f, 0x97, 0x80, 0x03, 0xff, 0xff, 0xc4, 0x00,
  0x00, 0x00, 0x00, 0x00, 0x00, 0x00, 0x03, 0xff, 0xff, 0xc3, 0x00, 0x00,
  0x00, 0x00, 0x00, 0x00, 0x00, 0x03, 0xff, 0xff, 0xc3, 0x00, 0x00, 0x00,
  0x00, 0x00, 0x00, 0x00, 0x03, 0xff, 0xff, 0xc3, 0x00, 0x00, 0xff, 0xff,
  0xff, 0xff, 0xd3, 0x03, 0xff, 0xff, 0xc3, 0x00, 0x00, 0xff, 0xff, 0xff,
  0xff, 0xd3, 0x03, 0xff, 0xff, 0xc3, 0x00, 0x00, 0x6b, 0x6b, 0xf9, 0xff,
  0xd3, 0x03, 0xff, 0xff, 0xc3, 0x00, 0x00, 0x00, 0x00, 0xf3, 0xff, 0xd3,
  0x03, 0xff, 0xff, 0xc4, 0x00, 0x00, 0x00, 0x00, 0xf4, 0xff, 0xd3, 0x00,
  0xf8, 0xff, 0xd6, 0x00, 0x00, 0x00, 0x08, 0xfe, 0xff, 0xd3, 0x00, 0xd9,
  0xff, 0xfe, 0x2d, 0x00, 0x00, 0x58, 0xff, 0xff, 0xd3, 0x00, 0x93, 0xff,
  0xff, 0xec, 0x86, 0x8a, 0xef, 0xd3, 0xff, 0xd3, 0x00, 0x1a, 0xf1, 0xff,
  0xff, 0xff, 0xff, 0x98, 0xb7, 0xff, 0xd3, 0x00, 0x00, 0x36, 0xbc, 0xf0,
  0xe8, 0x8a, 0x07, 0xb7, 0xff, 0xd3, 0xd3, 0xff, 0xf3, 0x00, 0x00, 0x00,
  0x00, 0xf3, 0xff, 0xd3, 0xd3, 0xff, 0xf3, 0x00, 0x00, 0x00, 0x00, 0xf3,
  0xff, 0xd3, 0xd3, 0xff, 0xf3, 0x00, 0x00, 0x00, 0x00, 0xf3, 0xff, 0xd3,
  0xd3, 0xff, 0xf3, 0x00, 0x00, 0x00, 0x00, 0xf3, 0xff, 0xd3, 0xd3, 0xff,
  0xf3, 0x00, 0x00, 0x00, 0x00, 0xf3, 0xff, 0xd3, 0xd3, 0xff, 0xf3, 0x00,
  0x00, 0x00, 0x00, 0xf3, 0xff, 0xd3, 0xd3, 0xff, 0xf3, 0x00, 0x00, 0x00,
  0x00, 0xf3, 0xff, 0xd3, 0xd3, 0xff, 0xf9, 0x6b, 0x6b, 0x6b, 0x6b, 0xf9,
  0xff, 0xd3, 0xd3, 0xff, 0xff, 0xff, 0xff, 0xff, 0xff, 0xff, 0xff, 0xd3,
  0xd3, 0xff, 0xff, 0xff, 0xff, 0xff, 0xff, 0xff, 0xff, 0xd3, 0xd3, 0xff,
  0xf3, 0x00, 0x00, 0x00, 0x00, 0xf3, 0xff, 0xd3, 0xd3, 0xff, 0xf3, 0x00,
  0x00, 0x00, 0x00, 0xf3, 0xff, 0xd3, 0xd3, 0xff, 0xf3, 0x00, 0x00, 0x00,
  0x00, 0xf3, 0xff, 0xd3, 0xd3, 0xff, 0xf3, 0x00, 0x00, 0x00, 0x00, 0xf3,
  0xff, 0xd3, 0xd3, 0xff, 0xf3, 0x00, 0x00, 0x00, 0x00, 0xf3, 0xff, 0xd3,
  0xd3, 0xff, 0xf3, 0x00, 0x00, 0x00, 0x00, 0xf3, 0xff, 0xd3, 0xd3, 0xff,
  0xf3, 0x00, 0x00, 0x00, 0x00, 0xf3, 0xff, 0xd3, 0xd3, 0xff, 0xf3, 0x00,
  0x00, 0x00, 0x00, 0xf3, 0xff, 0xd3, 0x33, 0xff, 0xff, 0xff, 0xff, 0xff,
  0xff, 0xff, 0xff, 0x33, 0x33, 0xff, 0xff, 0xff, 0xff, 0xff, 0xff, 0xff,
  0xff, 0x33, 0x15, 0x6b, 0x6b, 0xa5, 0xff, 0xff, 0xa5, 0x6b, 0x6b, 0x15,
  0x00, 0x00, 0x00, 0x63, 0xff, 0xff, 0x63, 0x00, 0x00, 0x00, 0x00, 0x00,
  0x00, 0x63, 0xff, 0xff, 0x63, 0x00, 0x00, 0x00, 0x00, 0x00, 0x00, 0x63,
  0xff, 0xff, 0x63, 0x00, 0x00, 0x00, 0x00, 0x00, 0x00, 0x63, 0xff, 0xff,
  0x63, 0x00, 0x00, 0x00, 0x00, 0x00, 0x00, 0x63, 0xff, 0xff, 0x63, 0x00,
  0x00, 0x00, 0x00, 0x00, 0x00, 0x63, 0xff, 0xff, 0x63, 0x00, 0x00, 0x00,
  0x00, 0x00, 0x00, 0x63, 0xff, 0xff, 0x63, 0x00, 0x00, 0x00, 0x00, 0x00,
  0x00, 0x63, 0xff, 0xff, 0x63, 0x00, 0x00, 0x00, 0x00, 0x00, 0x00, 0x63,
  0xff, 0xff, 0x63, 0x00, 0x00, 0x00, 0x00, 0x00, 0x00, 0x63, 0xff, 0xff,
  0x63, 0x00, 0x00, 0x00, 0x00, 0x00, 0x00, 0x63, 0xff, 0xff, 0x63, 0x00,
  0x00, 0x00, 0x00, 0x00, 0x00, 0x63, 0xff, 0xff, 0x63, 0x00, 0x00, 0x00,
  0x15, 0x6b, 0x6b, 0xa5, 0xff, 0xff, 0xa5, 0x6b, 0x6b, 0x15, 0x33, 0xff,
  0xff, 0xff, 0xff, 0xff, 0xff, 0xff, 0xff, 0x33, 0x33, 0xff, 0xff, 0xff,
  0xff, 0xff, 0xff, 0xff, 0xff, 0x33, 0x00, 0x00, 0x00, 0x00, 0x87, 0xff,
  0xff, 0xff, 0xff, 0xff, 0x0f, 0x00, 0x00, 0x00, 0x00, 0x87, 0xff, 0xff,
  0xff, 0xff, 0xff, 0x0f, 0x00, 0x00, 0x00, 0x00, 0x39, 0x6b, 0x6b, 0xd8,
  0xff, 0xff, 0x0f, 0x00, 0x00, 0x00, 0x00, 0x00, 0x00, 0x00, 0xbb, 0xff,
  0xff, 0x0f, 0x00, 0x00, 0x00, 0x00, 0x00, 0x00, 0x00, 0xbb, 0xff, 0xff,
  0x0f, 0x00, 0x00, 0x00, 0x00, 0x00, 0x00, 0x00, 0xbb, 0xff, 0xff, 0x0f,
  0x00, 0x00, 0x00, 0x00, 0x00, 0x00, 0x00, 0xbb, 0xff, 0xff, 0x0f, 0x00,
  0x00, 0x00, 0x00, 0x00, 0x00, 0x00, 0xbb, 0xff, 0xff, 0x0f, 0x00, 0x00,
  0x00, 0x00, 0x00, 0x00, 0x00, 0xbb, 0xff, 0xff, 0x0f, 0x00, 0x00, 0x00,
  0x00, 0x00, 0x00, 0x00, 0xbb, 0xff, 0xff, 0x0f, 0x00, 0x00, 0x00, 0x00,
  0x00, 0x00, 0x00, 0xbb, 0xff, 0xff, 0x0f, 0x00, 0x00, 0x00, 0x00, 0x00,
  0x00, 0x00, 0xbb, 0xff, 0xff, 0x0f, 0x00, 0x00, 0x00, 0x00, 0x00, 0x00,
  0x00, 0xbc, 0xff, 0xff, 0x0f, 0x17, 0xb3, 0xb3, 0x77, 0x00, 0x00, 0x00,
  0xcc, 0xff, 0xfc, 0x02, 0x09, 0xfa, 0xff, 0xdf, 0x03, 0x00, 0x1a, 0xfb,
  0xff, 0xd9, 0x00, 0x00, 0xb1, 0xff, 0xff, 0xbf, 0x7c, 0xd7, 0xff, 0xff,
  0x82, 0x00, 0x00, 0x25, 0xee, 0xff, 0xff, 0xff, 0xff, 0xff, 0xd1, 0x0c,
  0x00, 0x00, 0x00, 0x24, 0xa4, 0xe8, 0xf9, 0xdc, 0x97, 0x15, 0x00, 0x00,
  0x6f, 0xff, 0xff, 0x57, 0x00, 0x00, 0x1a, 0xf7, 0xff, 0xe8, 0x0c, 0x6f,
  0xff, 0xff, 0x57, 0x00, 0x00, 0x93, 0xff, 0xff, 0x65, 0x00, 0x6f, 0xff,
  0xff, 0x57, 0x00, 0x1c, 0xf8, 0xff, 0xd4, 0x03, 0x00, 0x6f, 0xff, 0xff,
  0x57, 0x00, 0x97, 0xff, 0xff, 0x48, 0x00, 0x00, 0x6f, 0xff, 0xff, 0x57,
  0x1f, 0xfa, 0xff, 0xbb, 0x00, 0x00, 0x00, 0x6f, 0xff, 0xff, 0x57, 0x9b,
  0xff, 0xfd, 0x2f, 0x00, 0x00, 0x00, 0x6f, 0xff, 0xff, 0x7a, 0xfb, 0xff,
  0x9d, 0x00, 0x00, 0x00, 0x00, 0x6f, 0xff, 0xff, 0xeb, 0xff, 0xf5, 0x1a,
  0x00, 0x00, 0x00, 0x00, 0x6f, 0xff, 0xff, 0xff, 0xff, 0xba, 0x00, 0x00,
  0x00, 0x00, 0x00, 0x6f, 0xff, 0xff, 0xff, 0xff, 0xfd, 0x28, 0x00, 0x00,
  0x00, 0x00, 0x6f, 0xff, 0xff, 0xff, 0xff, 0xff, 0xa0, 0x00, 0x00, 0x00,
  0x00, 0x6f, 0xff, 0xff, 0xc9, 0xde, 0xff, 0xfb, 0x20, 0x00, 0x00, 0x00,
  0x6f, 0xff, 0xff, 0x5d, 0x68, 0xff, 0xff, 0x96, 0x00, 0x00, 0x00, 0x6f,
  0xff, 0xff, 0x57, 0x07, 0xe7, 0xff, 0xf8, 0x19, 0x00, 0x00, 0x6f, 0xff,
  0xff, 0x57, 0x00, 0x75, 0xff, 0xff, 0x8c, 0x00, 0x00, 0x6f, 0xff, 0xff,
  0x57, 0x00, 0x0d, 0xee, 0xff, 0xf4, 0x13, 0x00, 0x6f, 0xff, 0xff, 0x57,
  0x00, 0x00, 0x82, 0xff, 0xff, 0x82, 0x00, 0x6f, 0xff, 0xff, 0x57, 0x00,
  0x00, 0x14, 0xf4, 0xff, 0xef, 0x0e, 0x37, 0xff, 0xff, 0x8f, 0x00, 0x00,
  0x00, 0x00, 0x00, 0x00, 0x00, 0x37, 0xff, 0xff, 0x8f, 0x00, 0x00, 0x00,
  0x00, 0x00, 0x00, 0x00, 0x37, 0xff, 0xff, 0x8f, 0x00, 0x00, 0x00, 0x00,
  0x00, 0x00, 0x00, 0x37, 0xff, 0xff, 0x8f, 0x00, 0x00, 0x00, 0x00, 0x00,
  0x00, 0x00, 0x37, 0xff, 0xff, 0x8f, 0x00, 0x00, 0x00, 0x00, 0x00, 0x00,
  0x00, 0x37, 0xff, 0xff, 0x8f, 0x00, 0x00, 0x00, 0x00, 0x00, 0x00, 0x00,
  0x37, 0xff, 0xff, 0x8f, 0x00, 0x00, 0x00, 0x00, 0x00, 0x00, 0x00, 0x37,
  0xff, 0xff, 0x8f, 0x00, 0x00, 0x00, 0x00, 0x00, 0x00, 0x00, 0x37, 0xff,
  0xff, 0x8f, 0x00, 0x00, 0x00, 0x00, 0x00, 0x00, 0x00, 0x37, 0xff, 0xff,
  0x8f, 0x00, 0x00, 0x00, 0x00, 0x00, 0x00, 0x00, 0x37, 0xff, 0xff, 0x8f,
  0x00, 0x00, 0x00, 0x00, 0x00, 0x00, 0x00, 0x37, 0xff, 0xff, 0x8f, 0x00,
  0x00, 0x00, 0x00, 0x00, 0x00, 0x00, 0x37, 0xff, 0xff, 0x8f, 0x00, 0x00,
  0x00, 0x00, 0x00, 0x00, 0x00, 0x37, 0xff, 0xff, 0x8f, 0x00, 0x00, 0x00,
  0x00, 0x00, 0x00, 0x00, 0x37, 0xff, 0xff, 0x8f, 0x00, 0x00, 0x00, 0x00,
  0x00, 0x00, 0x00, 0x37, 0xff, 0xff, 0xbf, 0x6b, 0x6b, 0x6b, 0x6b, 0x6b,
  0x6b, 0x01, 0x37, 0xff, 0xff, 0xff, 0xff, 0xff, 0xff, 0xff, 0xff, 0xff,
  0x03, 0x37, 0xff, 0xff, 0xff, 0xff, 0xff, 0xff, 0xff, 0xff, 0xff, 0x03,
  0x1b, 0xff, 0xff, 0x43, 0x00, 0x00, 0x00, 0x00, 0x45, 0xff, 0xff, 0x1b,
  0x1b, 0xff, 0xff, 0x8d, 0x00, 0x00, 0x00, 0x00, 0x8e, 0xff, 0xff, 0x1b,
  0x1b, 0xff, 0xff, 0xd7, 0x00, 0x00, 0x00, 0x00, 0xd8, 0xff, 0xff, 0x1b,
  0x1b, 0xff, 0xfb, 0xff, 0x22, 0x00, 0x00, 0x22, 0xff, 0xfb, 0xff, 0x1b,
  0x1b, 0xff, 0xd1, 0xff, 0x6b, 0x00, 0x00, 0x6c, 0xff, 0xd6, 0xff, 0x1b,
  0x1b, 0xff, 0xc7, 0xdd, 0xb5, 0x00, 0x00, 0xb6, 0xe1, 0xca, 0xff, 0x1b,
  0x1b, 0xff, 0xef, 0x92, 0xf6, 0x08, 0x09, 0xf6, 0x96, 0xec, 0xff, 0x1b,
  0x1b, 0xff, 0xff, 0x5c, 0xff, 0x48, 0x49, 0xff, 0x60, 0xff, 0xff, 0x1b,
  0x1b, 0xff, 0xff, 0x42, 0xf3, 0x92, 0x93, 0xf6, 0x45, 0xff, 0xff, 0x1b,
  0x1b, 0xff, 0xff, 0x5c, 0xaf, 0xdc, 0xdd, 0xb5, 0x60, 0xff, 0xff, 0x1b,
  0x1b, 0xff, 0xff, 0x7b, 0x63, 0xff, 0xff, 0x69, 0x80, 0xff, 0xff, 0x1b,
  0x1b, 0xff, 0xff, 0x8f, 0x19, 0xfe, 0xff, 0x1f, 0x94, 0xff, 0xff, 0x1b,
  0x1b, 0xff, 0xff, 0x9f, 0x00, 0x85, 0x8a, 0x00, 0xa3, 0xff, 0xff, 0x1b,
  0x1b, 0xff, 0xff, 0xa5, 0x00, 0x00, 0x00, 0x00, 0xa8, 0xff, 0xff, 0x1b,
  0x1b, 0xff, 0xff, 0xab, 0x00, 0x00, 0x00, 0x00, 0xab, 0xff, 0xff, 0x1b,
  0x1b, 0xff, 0xff, 0xab, 0x00, 0x00, 0x00, 0x00, 0xab, 0xff, 0xff, 0x1b,
  0x1b, 0xff, 0xff, 0xab, 0x00, 0x00, 0x00, 0x00, 0xab, 0xff, 0xff, 0x1b,
  0x1b, 0xff, 0xff, 0xab, 0x00, 0x00, 0x00, 0x00, 0xab, 0xff, 0xff, 0x1b,
  0xd3, 0xff, 0xff, 0x1f, 0x00, 0x00, 0x00, 0xf3, 0xff, 0xd3, 0xd3, 0xff,
  0xff, 0x73, 0x00, 0x00, 0x00, 0xf3, 0xff, 0xd3, 0xd3, 0xff, 0xff, 0xc8,
  0x00, 0x00, 0x00, 0xf3, 0xff, 0xd3, 0xd3, 0xff, 0xff, 0xff, 0x1f, 0x00,
  0x00, 0xf3, 0xff, 0xd3, 0xd3, 0xff, 0xed, 0xff, 0x73, 0x00, 0x00, 0xf3,
  0xff, 0xd3, 0xd3, 0xff, 0xbb, 0xff, 0xc9, 0x00, 0x00, 0xf3, 0xff, 0xd3,
  0xd3, 0xff, 0xad, 0xd9, 0xff, 0x1f, 0x00, 0xf3, 0xff, 0xd3, 0xd3, 0xff,
  0xc7, 0x82, 0xff, 0x73, 0x00, 0xf2, 0xff, 0xd3, 0xd3, 0xff, 0xdf, 0x2b,
  0xff, 0xc9, 0x00, 0xed, 0xff, 0xd3, 0xd3, 0xff, 0xe9, 0x00, 0xd5, 0xff,
  0x20, 0xe5, 0xff, 0xd3, 0xd3, 0xff, 0xf0, 0x00, 0x7e, 0xff, 0x74, 0xce,
  0xff, 0xd3, 0xd3, 0xff, 0xf3, 0x00, 0x27, 0xff, 0xc9, 0xb4, 0xff, 0xd3,
  0xd3, 0xff, 0xf3, 0x00, 0x00, 0xd1, 0xff, 0xb3, 0xff, 0xd3, 0xd3, 0xff,
  0xf3, 0x00, 0x00, 0x7a, 0xff, 0xe2, 0xff, 0xd3, 0xd3, 0xff, 0xf3, 0x00,
  0x00, 0x23, 0xff, 0xff, 0xff, 0xd3, 0xd3, 0xff, 0xf3, 0x00, 0x00, 0x00,
  0xcd, 0xff, 0xff, 0xd3, 0xd3, 0xff, 0xf3, 0x00, 0x00, 0x00, 0x76, 0xff,
  0xff, 0xd3, 0xd3, 0xff, 0xf3, 0x00, 0x00, 0x00, 0x20, 0xff, 0xff, 0xd3,
  0x00, 0x00, 0x08, 0x7c, 0xcf, 0xf1, 0xf0, 0xcf, 0x7c, 0x08, 0x00, 0x00,
  0x00, 0x06, 0xb6, 0xff, 0xff, 0xff, 0xff, 0xff, 0xff, 0xb6, 0x06, 0x00,
  0x00, 0x6d, 0xff, 0xff, 0xec, 0x87, 0x86, 0xec, 0xff, 0xff, 0x7a, 0x00,
  0x00, 0xce, 0xff, 0xfe, 0x2d, 0x00, 0x00, 0x30, 0xfe, 0xff, 0xd1, 0x00,
  0x00, 0xf3, 0xff, 0xd6, 0x00, 0x00, 0x00, 0x00, 0xd6, 0xff, 0xf2, 0x00,
  0x03, 0xff, 0xff, 0xc4, 0x00, 0x00, 0x00, 0x00, 0xc4, 0xff, 0xff, 0x03,
  0x03, 0xff, 0xff, 0xc3, 0x00, 0x00, 0x00, 0x00, 0xc3, 0xff, 0xff, 0x03,
  0x03, 0xff, 0xff, 0xc3, 0x00, 0x00, 0x00, 0x00, 0xc3, 0xff, 0xff, 0x03,
  0x03, 0xff, 0xff, 0xc3, 0x00, 0x00, 0x00, 0x00, 0xc3, 0xff, 0xff, 0x03,
  0x03, 0xff, 0xff, 0xc3, 0x00, 0x00, 0x00, 0x00, 0xc3, 0xff, 0xff, 0x03,
  0x03, 0xff, 0xff, 0xc3, 0x00, 0x00, 0x00, 0x00, 0xc3, 0xff, 0xff, 0x03,
  0x03, 0xff, 0xff, 0xc3, 0x00, 0x00, 0x00, 0x00, 0xc3, 0xff, 0xff, 0x03,
  0x03, 0xff, 0xff, 0xc4, 0x00, 0x00, 0x00, 0x00, 0xc4, 0xff, 0xff, 0x03,
  0x00, 0xf3, 0xff, 0xd6, 0x00, 0x00, 0x00, 0x00, 0xd6, 0xff, 0xf3, 0x00,
  0x00, 0xcf, 0xff, 0xfe, 0x2d, 0x00, 0x00, 0x30, 0xfe, 0xff, 0xd2, 0x00,
  0x00, 0x6d, 0xff, 0xff, 0xec, 0x86, 0x86, 0xec, 0xff, 0xff, 0x7b, 0x00,
  0x00, 0x06, 0xb7, 0xff, 0xff, 0xff, 0xff, 0xff, 0xff, 0xb6, 0x06, 0x00,
  0x00, 0x00, 0x08, 0x7d, 0xd3, 0xf2, 0xf2, 0xd2, 0x7d, 0x08, 0x00, 0x00,
  0x83, 0xff, 0xff, 0xff, 0xff, 0xee, 0xcd, 0x7a, 0x08, 0x00, 0x00, 0x83,
  0xff, 0xff, 0xff, 0xff, 0xff, 0xff, 0xff, 0xb9, 0x06, 0x00, 0x83, 0xff,
  0xff, 0x93, 0x6c, 0x89, 0xe3, 0xff, 0xff, 0x89, 0x00, 0x83, 0xff, 0xff,
  0x43, 0x00, 0x00, 0x20, 0xfa, 0xff, 0xec, 0x01, 0x83, 0xff, 0xff, 0x43,
  0x00, 0x00, 0x00, 0xb7, 0xff, 0xff, 0x17, 0x83, 0xff, 0xff, 0x43, 0x00,
  0x00, 0x00, 0x9b, 0xff, 0xff, 0x2c, 0x83, 0xff, 0xff, 0x43, 0x00, 0x00,
  0x00, 0xb6, 0xff, 0xff, 0x17, 0x83, 0xff, 0xff, 0x43, 0x00, 0x00, 0x1f,
  0xfa, 0xff, 0xec, 0x01, 0x83, 0xff, 0xff, 0x93, 0x6c, 0x88, 0xe3, 0xff,
  0xff, 0x8b, 0x00, 0x83, 0xff, 0xff, 0xff, 0xff, 0xff, 0xff, 0xff, 0xbb,
  0x07, 0x00, 0x83, 0xff, 0xff, 0xff, 0xff, 0xf0, 0xd1, 0x7c, 0x09, 0x00,
  0x00, 0x83, 0xff, 0xff, 0x43, 0x00, 0x00, 0x00, 0x00, 0x00, 0x00, 0x00,
  0x83, 0xff, 0xff, 0x43, 0x00, 0x00, 0x00, 0x00, 0x00, 0x00, 0x00, 0x83,
  0xff, 0xff, 0x43, 0x00, 0x00, 0x00, 0x00, 0x00, 0x00, 0x00, 0x83, 0xff,
  0xff, 0x43, 0x00, 0x00, 0x00, 0x00, 0x00, 0x00, 0x00, 0x83, 0xff, 0xff,
  0x43, 0x00, 0x00, 0x00, 0x00, 0x00, 0x00, 0x00, 0x83, 0xff, 0xff, 0x43,
  0x00, 0x00, 0x00, 0x00, 0x00, 0x00, 0x00, 0x83, 0xff, 0xff, 0x43, 0x00,
  0x00, 0x00, 0x00, 0x00, 0x00, 0x00, 0x00, 0x00, 0x07, 0x7a, 0xcf, 0xf1,
  0xf0, 0xcf, 0x7a, 0x07, 0x00, 0x00, 0x00, 0x05, 0xb3, 0xff, 0xff, 0xff,
  0xff, 0xff, 0xff, 0xb3, 0x05, 0x00, 0x00, 0x6b, 0xff, 0xff, 0xec, 0x87,
  0x86, 0xed, 0xff, 0xff, 0x78, 0x00, 0x00, 0xcc, 0xff, 0xff, 0x2f, 0x00,
  0x00, 0x32, 0xff, 0xff, 0xcf, 0x00, 0x00, 0xf2, 0xff, 0xd7, 0x00, 0x00,
  0x00, 0x00, 0xd7, 0xff, 0xf1, 0x00, 0x03, 0xff, 0xff, 0xc4, 0x00, 0x00,
  0x00, 0x00, 0xc4, 0xff, 0xff, 0x03, 0x03, 0xff, 0xff, 0xc3, 0x00, 0x00,
  0x00, 0x00, 0xc3, 0xff, 0xff, 0x03, 0x03, 0xff, 0xff, 0xc3, 0x00, 0x00,
  0x00, 0x00, 0xc3, 0xff, 0xff, 0x03, 0x03, 0xff, 0xff, 0xc3, 0x00, 0x00,
  0x00, 0x00, 0xc3, 0xff, 0xff, 0x03, 0x03, 0xff, 0xff, 0xc3, 0x00, 0x00,
  0x00, 0x00, 0xc3, 0xff, 0xff, 0x03, 0x03, 0xff, 0xff, 0xc3, 0x00, 0x00,
  0x00, 0x00, 0xc3, 0xff, 0xff, 0x03, 0x03, 0xff, 0xff, 0xc3, 0x00, 0x00,
  0x00, 0x00, 0xc3, 0xff, 0xff, 0x03, 0x03, 0xff, 0xff, 0xc3, 0x00, 0x00,
  0x00, 0x00, 0xc3, 0xff, 0xff, 0x03, 0x00, 0xf6, 0xff, 0xd0, 0x00, 0x00,
  0x00, 0x00, 0xd0, 0xff, 0xf7, 0x00, 0x00, 0xd7, 0xff, 0xf9, 0x16, 0x00,
  0x00, 0x18, 0xf9, 0xff, 0xda, 0x00, 0x00, 0x8f, 0xff, 0xff, 0xca, 0x4a,
  0x4a, 0xcb, 0xff, 0xff, 0x92, 0x00, 0x00, 0x15, 0xe3, 0xff, 0xff, 0xff,
  0xff, 0xff, 0xff, 0xda, 0x15, 0x00, 0x00, 0x00, 0x1e, 0xaf, 0xfc, 0xff,
  0xff, 0xfe, 0xb8, 0x1c, 0x00, 0x00, 0x00, 0x00, 0x00, 0x00, 0x2a, 0xff,
  0xff, 0xb8, 0x00, 0x00, 0x00, 0x00, 0x00, 0x00, 0x00, 0x00, 0x02, 0xeb,
  0xff, 0xff, 0x9c, 0x6c, 0x08, 0x00, 0x00, 0x00, 0x00, 0x00, 0x00, 0x69,
  0xff, 0xff, 0xff, 0xff, 0x13, 0x00, 0x00, 0x00, 0x00, 0x00, 0x00, 0x00,
  0x53, 0xc1, 0xea, 0xff, 0x13, 0x00, 0xd3, 0xff, 0xff, 0xff, 0xff, 0xec,
  0xc7, 0x6b, 0x02, 0x00, 0x00, 0xd3, 0xff, 0xff, 0xff, 0xff, 0xff, 0xff,
  0xff, 0x9b, 0x00, 0x00, 0xd3, 0xff, 0xf9, 0x6b, 0x6c, 0x8e, 0xf3, 0xff,
  0xff, 0x60, 0x00, 0xd3, 0xff, 0xf3, 0x00, 0x00, 0x00, 0x45, 0xff, 0xff,
  0xc1, 0x00, 0xd3, 0xff, 0xf3, 0x00, 0x00, 0x00, 0x00, 0xe1, 0xff, 0xe9,
  0x00, 0xd3, 0xff, 0xf3, 0x00, 0x00, 0x00, 0x00, 0xc9, 0xff, 0xfd, 0x00,
  0xd3, 0xff, 0xf3, 0x00, 0x00, 0x00, 0x00, 0xe0, 0xff, 0xeb, 0x00, 0xd3,
  0xff, 0xf3, 0x00, 0x00, 0x00, 0x43, 0xff, 0xff, 0xc5, 0x00, 0xd3, 0xff,
  0xf9, 0x6b, 0x6c, 0x8e, 0xf3, 0xff, 0xff, 0x64, 0x00, 0xd3, 0xff, 0xff,
  0xff, 0xff, 0xff, 0xff, 0xff, 0xa4, 0x00, 0x00, 0xd3, 0xff, 0xff, 0xff,
  0xff, 0xff, 0xef, 0x73, 0x04, 0x00, 0x00, 0xd3, 0xff, 0xf3, 0x06, 0xdf,
  0xff, 0xf6, 0x1a, 0x00, 0x00, 0x00, 0xd3, 0xff, 0xf3, 0x00, 0x5e, 0xff,
  0xff, 0x97, 0x00, 0x00, 0x00, 0xd3, 0xff, 0xf3, 0x00, 0x02, 0xd5, 0xff,
  0xfb, 0x24, 0x00, 0x00, 0xd3, 0xff, 0xf3, 0x00, 0x00, 0x52, 0xff, 0xff,
  0xa6, 0x00, 0x00, 0xd3, 0xff, 0xf3, 0x00, 0x00, 0x00, 0xcb, 0xff, 0xfe,
  0x2f, 0x00, 0xd3, 0xff, 0xf3, 0x00, 0x00, 0x00, 0x45, 0xff, 0xff, 0xb4,
  0x00, 0xd3, 0xff, 0xf3, 0x00, 0x00, 0x00, 0x00, 0xbf, 0xff, 0xff, 0x3c,
  0x00, 0x00, 0x01, 0x66, 0xc9, 0xf5, 0xf7, 0xd1, 0x76, 0x05, 0x00, 0x00,
  0x00, 0x00, 0x9f, 0xff, 0xff, 0xff, 0xff, 0xff, 0xff, 0xb8, 0x03, 0x00,
  0x00, 0x4c, 0xff, 0xff, 0xef, 0x87, 0x81, 0xe8, 0xff, 0xff, 0x62, 0x00,
  0x00, 0xa7, 0xff, 0xff, 0x46, 0x00, 0x00, 0x35, 0xff, 0xff, 0xba, 0x00,
  0x00, 0xcc, 0xff, 0xfc, 0x06, 0x00, 0x00, 0x01, 0x9a, 0x9f, 0x87, 0x00,
  0x00, 0xb8, 0xff, 0xff, 0x19, 0x00, 0x00, 0x00, 0x00, 0x00, 0x00, 0x00,
  0x00, 0x78, 0xff, 0xff, 0xa4, 0x01, 0x00, 0x00, 0x00, 0x00, 0x00, 0x00,
  0x00, 0x0d, 0xe0, 0xff, 0xff, 0xbe, 0x32, 0x00, 0x00, 0x00, 0x00, 0x00,
  0x00, 0x00, 0x25, 0xdd, 0xff, 0xff, 0xff, 0xa8, 0x1d, 0x00, 0x00, 0x00,
  0x00, 0x00, 0x00, 0x0c, 0x8f, 0xf8, 0xff, 0xff, 0xf0, 0x40, 0x00, 0x00,
  0x00, 0x00, 0x00, 0x00, 0x00, 0x1f, 0xa8, 0xff, 0xff, 0xf8, 0x2d, 0x00,
  0x00, 0x00, 0x00, 0x00, 0x00, 0x00, 0x00, 0x74, 0xff, 0xff, 0xab, 0x00,
  0x00, 0x00, 0x00, 0x00, 0x00, 0x00, 0x00, 0x02, 0xe2, 0xff, 0xf0, 0x00,
  0x05, 0xa3, 0xa3, 0x7b, 0x00, 0x00, 0x00, 0x00, 0xcb, 0xff, 0xfa, 0x00,
  0x00, 0xea, 0xff, 0xf1, 0x14, 0x00, 0x00, 0x22, 0xfb, 0xff, 0xd3, 0x00,
  0x00, 0x91, 0xff, 0xff, 0xdd, 0x7d, 0x81, 0xe5, 0xff, 0xff, 0x77, 0x00,
  0x00, 0x11, 0xd5, 0xff, 0xff, 0xff, 0xff, 0xff, 0xff, 0xc2, 0x07, 0x00,
  0x00, 0x00, 0x0d, 0x85, 0xce, 0xf0, 0xf6, 0xd1, 0x79, 0x06, 0x00, 0x00,
  0x1b, 0xff, 0xff, 0xff, 0xff, 0xff, 0xff, 0xff, 0xff, 0xff, 0xff, 0x1b,
  0x1b, 0xff, 0xff, 0xff, 0xff, 0xff, 0xff, 0xff, 0xff, 0xff, 0xff, 0x1b,
  0x0b, 0x6b, 0x6b, 0x6b, 0xa5, 0xff, 0xff, 0xa5, 0x6b, 0x6b, 0x6b, 0x0b,
  0x00, 0x00, 0x00, 0x00, 0x63, 0xff, 0xff, 0x63, 0x00, 0x00, 0x00, 0x00,
  0x00, 0x00, 0x00, 0x00, 0x63, 0xff, 0xff, 0x63, 0x00, 0x00, 0x00, 0x00,
  0x00, 0x00, 0x00, 0x00, 0x63, 0xff, 0xff, 0x63, 0x00, 0x00, 0x00, 0x00,
  0x00, 0x00, 0x00, 0x00, 0x63, 0xff, 0xff, 0x63, 0x00, 0x00, 0x00, 0x00,
  0x00, 0x00, 0x00, 0x00, 0x63, 0xff, 0xff, 0x63, 0x00, 0x00, 0x00, 0x00,
  0x00, 0x00, 0x00, 0x00, 0x63, 0xff, 0xff, 0x63, 0x00, 0x00, 0x00, 0x00,
  0x00, 0x00, 0x00, 0x00, 0x63, 0xff, 0xff, 0x63, 0x00, 0x00, 0x00, 0x00,
  0x00, 0x00, 0x00, 0x00, 0x63, 0xff, 0xff, 0x63, 0x00, 0x00, 0x00, 0x00,
  0x00, 0x00, 0x00, 0x00, 0x63, 0xff, 0xff, 0x63, 0x00, 0x00, 0x00, 0x00,
  0x00, 0x00, 0x00, 0x00, 0x63, 0xff, 0xff, 0x63, 0x00, 0x00, 0x00, 0x00,
  0x00, 0x00, 0x00, 0x00, 0x63, 0xff, 0xff, 0x63, 0x00, 0x00, 0x00, 0x00,
  0x00, 0x00, 0x00, 0x00, 0x63, 0xff, 0xff, 0x63, 0x00, 0x00, 0x00, 0x00,
  0x00, 0x00, 0x00, 0x00, 0x63, 0xff, 0xff, 0x63, 0x00, 0x00, 0x00, 0x00,
  0x00, 0x00, 0x00, 0x00, 0x63, 0xff, 0xff, 0x63, 0x00, 0x00, 0x00, 0x00,
  0x00, 0x00, 0x00, 0x00, 0x63, 0xff, 0xff, 0x63, 0x00, 0x00, 0x00, 0x00,
  0xd3, 0xff, 0xf3, 0x00, 0x00, 0x00, 0x00, 0xf3, 0xff, 0xd3, 0xd3, 0xff,
  0xf3, 0x00, 0x00, 0x00, 0x00, 0xf3, 0xff, 0xd3, 0xd3, 0xff, 0xf3, 0x00,
  0x00, 0x00, 0x00, 0xf3, 0xff, 0xd3, 0xd3, 0xff, 0xf3, 0x00, 0x00, 0x00,
  0x00, 0xf3, 0xff, 0xd3, 0xd3, 0xff, 0xf3, 0x00, 0x00, 0x00, 0x00, 0xf3,
  0xff, 0xd3, 0xd3, 0xff, 0xf3, 0x00, 0x00, 0x00, 0x00, 0xf3, 0xff, 0xd3,
  0xd3, 0xff, 0xf3, 0x00, 0x00, 0x00, 0x00, 0xf3, 0xff, 0xd3, 0xd3, 0xff,
  0xf3, 0x00, 0x00, 0x00, 0x00, 0xf3, 0xff, 0xd3, 0xd3, 0xff, 0xf3, 0x00,
  0x00, 0x00, 0x00, 0xf3, 0xff, 0xd3, 0xd3, 0xff, 0xf3, 0x00, 0x00, 0x00,
  0x00, 0xf3, 0xff, 0xd3, 0xd3, 0xff, 0xf3, 0x00, 0x00, 0x00, 0x00, 0xf3,
  0xff, 0xd3, 0xd3, 0xff, 0xf3, 0x00, 0x00, 0x00, 0x00, 0xf3, 0xff, 0xd3,
  0xd3, 0xff, 0xf4, 0x00, 0x00, 0x00, 0x00, 0xf4, 0xff, 0xd3, 0xc3, 0xff,
  0xfe, 0x07, 0x00, 0x00, 0x09, 0xff, 0xff, 0xc2, 0xa2, 0xff, 0xff, 0x5a,
  0x00, 0x00, 0x59, 0xff, 0xff, 0xa2, 0x4d, 0xff, 0xff, 0xf5, 0x8a, 0x8a,
  0xf5, 0xff, 0xff, 0x4d, 0x00, 0x97, 0xff, 0xff, 0xff, 0xff, 0xff, 0xff,
  0x95, 0x00, 0x00, 0x02, 0x6e, 0xcd, 0xf0, 0xf0, 0xcd, 0x6d, 0x02, 0x00,
  0x22, 0xff, 0xff, 0xb5, 0x00, 0x00, 0x00, 0x00, 0xaf, 0xff, 0xff, 0x21,
  0x00, 0xee, 0xff, 0xe3, 0x00, 0x00, 0x00, 0x00, 0xdd, 0xff, 0xed, 0x00,
  0x00, 0xbb, 0xff, 0xff, 0x12, 0x00, 0x00, 0x0c, 0xfe, 0xff, 0xba, 0x00,
  0x00, 0x87, 0xff, 0xff, 0x3f, 0x00, 0x00, 0x39, 0xff, 0xff, 0x86, 0x00,
  0x00, 0x54, 0xff, 0xff, 0x6d, 0x00, 0x00, 0x67, 0xff, 0xff, 0x53, 0x00,
  0x00, 0x20, 0xff, 0xff, 0x9a, 0x00, 0x00, 0x95, 0xff, 0xff, 0x1f, 0x00,
  0x00, 0x00, 0xec, 0xff, 0xc8, 0x00, 0x00, 0xc3, 0xff, 0xec, 0x00, 0x00,
  0x00, 0x00, 0xb9, 0xff, 0xf4, 0x02, 0x00, 0xf0, 0xff, 0xb8, 0x00, 0x00,
  0x00, 0x00, 0x86, 0xff, 0xff, 0x24, 0x1f, 0xff, 0xff, 0x84, 0x00, 0x00,
  0x00, 0x00, 0x52, 0xff, 0xff, 0x51, 0x4d, 0xff, 0xff, 0x51, 0x00, 0x00,
  0x00, 0x00, 0x1e, 0xff, 0xff, 0x7f, 0x7c, 0xff, 0xff, 0x1d, 0x00, 0x00,
  0x00, 0x00, 0x00, 0xeb, 0xff, 0xad, 0xaa, 0xff, 0xea, 0x00, 0x00, 0x00,
  0x00, 0x00, 0x00, 0xb7, 0xff, 0xda, 0xd7, 0xff, 0xb6, 0x00, 0x00, 0x00,
  0x00, 0x00, 0x00, 0x84, 0xff, 0xfd, 0xfd, 0xff, 0x83, 0x00, 0x00, 0x00,
  0x00, 0x00, 0x00, 0x50, 0xff, 0xff, 0xff, 0xff, 0x4f, 0x00, 0x00, 0x00,
  0x00, 0x00, 0x00, 0x1d, 0xff, 0xff, 0xff, 0xff, 0x1c, 0x00, 0x00, 0x00,
  0x00, 0x00, 0x00, 0x00, 0xe9, 0xff, 0xff, 0xe9, 0x00, 0x00, 0x00, 0x00,
  0x00, 0x00, 0x00, 0x00, 0xb5, 0xff, 0xff, 0xb5, 0x00, 0x00, 0x00, 0x00,
  0x71, 0xff, 0xff, 0x4c, 0x00, 0x00, 0x00, 0x00, 0x4d, 0xff, 0xff, 0x70,
  0x54, 0xff, 0xff, 0x56, 0x00, 0x00, 0x00, 0x00, 0x57, 0xff, 0xff, 0x53,
  0x37, 0xff, 0xff, 0x60, 0x00, 0x00, 0x00, 0x00, 0x61, 0xff, 0xff, 0x35,
  0x19, 0xff, 0xff, 0x6a, 0x00, 0x00, 0x00, 0x00, 0x6b, 0xff, 0xff, 0x18,
  0x02, 0xfa, 0xff, 0x75, 0x00, 0x00, 0x00, 0x00, 0x76, 0xff, 0xf9, 0x01,
  0x00, 0xdf, 0xff, 0x7f, 0x2b, 0xff, 0xff, 0x29, 0x80, 0xff, 0xdd, 0x00,
  0x00, 0xc1, 0xff, 0x89, 0x48, 0xff, 0xff, 0x47, 0x8a, 0xff, 0xc0, 0x00,
  0x00, 0xa4, 0xff, 0x93, 0x65, 0xfe, 0xfe, 0x65, 0x94, 0xff, 0xa3, 0x00,
  0x00, 0x87, 0xff, 0x9e, 0x83, 0xe5, 0xe6, 0x82, 0x9f, 0xff, 0x85, 0x00,
  0x00, 0x69, 0xff, 0xa8, 0xa0, 0xc8, 0xc9, 0xa0, 0xa9, 0xff, 0x68, 0x00,
  0x00, 0x4c, 0xff, 0xb2, 0xbe, 0xaa, 0xab, 0xbd, 0xb3, 0xff, 0x4b, 0x00,
  0x00, 0x2f, 0xff, 0xbc, 0xdb, 0x8c, 0x8d, 0xdb, 0xbd, 0xff, 0x2d, 0x00,
  0x00, 0x11, 0xff, 0xc8, 0xf8, 0x6e, 0x6f, 0xf8, 0xc9, 0xff, 0x10, 0x00,
  0x00, 0x00, 0xf4, 0xe8, 0xff, 0x51, 0x52, 0xff, 0xe8, 0xf3, 0x00, 0x00,
  0x00, 0x00, 0xd7, 0xff, 0xff, 0x33, 0x34, 0xff, 0xff, 0xd5, 0x00, 0x00,
  0x00, 0x00, 0xb9, 0xff, 0xff, 0x15, 0x16, 0xff, 0xff, 0xb8, 0x00, 0x00,
  0x00, 0x00, 0x9c, 0xff, 0xf7, 0x00, 0x01, 0xf7, 0xff, 0x9b, 0x00, 0x00,
  0x00, 0x00, 0x7e, 0xff, 0xda, 0x00, 0x00, 0xda, 0xff, 0x7e, 0x00, 0x00,
  0x30, 0xff, 0xff, 0xd6, 0x00, 0x00, 0x00, 0x00, 0xd4, 0xff, 0xff, 0x33,
  0x00, 0xbf, 0xff, 0xff, 0x3e, 0x00, 0x00, 0x3c, 0xff, 0xff, 0xc1, 0x00,
  0x00, 0x4e, 0xff, 0xff, 0xa5, 0x00, 0x00, 0xa4, 0xff, 0xff, 0x50, 0x00,
  0x00, 0x02, 0xdb, 0xff, 0xf9, 0x14, 0x13, 0xf8, 0xff, 0xdc, 0x02, 0x00,
  0x00, 0x00, 0x6c, 0xff, 0xff, 0x74, 0x74, 0xff, 0xff, 0x6d, 0x00, 0x00,
  0x00, 0x00, 0x0b, 0xef, 0xff, 0xda, 0xdb, 0xff, 0xf0, 0x0c, 0x00, 0x00,
  0x00, 0x00, 0x00, 0x8a, 0xff, 0xff, 0xff, 0xff, 0x8a, 0x00, 0x00, 0x00,
  0x00, 0x00, 0x00, 0x1e, 0xfb, 0xff, 0xff, 0xfb, 0x1e, 0x00, 0x00, 0x00,
  0x00, 0x00, 0x00, 0x00, 0xa9, 0xff, 0xff, 0xa8, 0x00, 0x00, 0x00, 0x00,
  0x00, 0x00, 0x00, 0x00, 0x92, 0xff, 0xff, 0x92, 0x00, 0x00, 0x00, 0x00,
  0x00, 0x00, 0x00, 0x10, 0xf3, 0xff, 0xff, 0xf3, 0x11, 0x00, 0x00, 0x00,
  0x00, 0x00, 0x00, 0x78, 0xff, 0xff, 0xff, 0xff, 0x78, 0x00, 0x00, 0x00,
  0x00, 0x00, 0x06, 0xe5, 0xff, 0xea, 0xeb, 0xff, 0xe6, 0x06, 0x00, 0x00,
  0x00, 0x00, 0x5f, 0xff, 0xff, 0x86, 0x86, 0xff, 0xff, 0x60, 0x00, 0x00,
  0x00, 0x00, 0xd2, 0xff, 0xfc, 0x1e, 0x1e, 0xfc, 0xff, 0xd4, 0x00, 0x00,
  0x00, 0x47, 0xff, 0xff, 0xaf, 0x00, 0x00, 0xae, 0xff, 0xff, 0x48, 0x00,
  0x00, 0xba, 0xff, 0xff, 0x44, 0x00, 0x00, 0x42, 0xff, 0xff, 0xbc, 0x00,
  0x2e, 0xff, 0xff, 0xd8, 0x01, 0x00, 0x00, 0x00, 0xd5, 0xff, 0xff, 0x32,
  0x48, 0xff, 0xff, 0xab, 0x00, 0x00, 0x00, 0x00, 0xad, 0xff, 0xff, 0x46,
  0x02, 0xe4, 0xff, 0xf7, 0x0e, 0x00, 0x00, 0x0e, 0xf7, 0xff, 0xe3, 0x02,
  0x00, 0x86, 0xff, 0xff, 0x5f, 0x00, 0x00, 0x60, 0xff, 0xff, 0x85, 0x00,
  0x00, 0x26, 0xff, 0xff, 0xb8, 0x00, 0x00, 0xb9, 0xff, 0xff, 0x25, 0x00,
  0x00, 0x00, 0xc5, 0xff, 0xfc, 0x16, 0x17, 0xfc, 0xff, 0xc4, 0x00, 0x00,
  0x00, 0x00, 0x64, 0xff, 0xff, 0x6c, 0x6d, 0xff, 0xff, 0x63, 0x00, 0x00,
  0x00, 0x00, 0x0e, 0xf5, 0xff, 0xc5, 0xc6, 0xff, 0xf5, 0x0d, 0x00, 0x00,
  0x00, 0x00, 0x00, 0xa3, 0xff, 0xff, 0xff, 0xff, 0xa2, 0x00, 0x00, 0x00,
  0x00, 0x00, 0x00, 0x42, 0xff, 0xff, 0xff, 0xff, 0x41, 0x00, 0x00, 0x00,
  0x00, 0x00, 0x00, 0x01, 0xe0, 0xff, 0xff, 0xdf, 0x01, 0x00, 0x00, 0x00,
  0x00, 0x00, 0x00, 0x00, 0x83, 0xff, 0xff, 0x82, 0x00, 0x00, 0x00, 0x00,
  0x00, 0x00, 0x00, 0x00, 0x63, 0xff, 0xff, 0x63, 0x00, 0x00, 0x00, 0x00,
  0x00, 0x00, 0x00, 0x00, 0x63, 0xff, 0xff, 0x63, 0x00, 0x00, 0x00, 0x00,
  0x00, 0x00, 0x00, 0x00, 0x63, 0xff, 0xff, 0x63, 0x00, 0x00, 0x00, 0x00,
  0x00, 0x00, 0x00, 0x00, 0x63, 0xff, 0xff, 0x63, 0x00, 0x00, 0x00, 0x00,
  0x00, 0x00, 0x00, 0x00, 0x63, 0xff, 0xff, 0x63, 0x00, 0x00, 0x00, 0x00,
  0x00, 0x00, 0x00, 0x00, 0x63, 0xff, 0xff, 0x63, 0x00, 0x00, 0x00, 0x00,
  0x00, 0x00, 0x00, 0x00, 0x63, 0xff, 0xff, 0x63, 0x00, 0x00, 0x00, 0x00,
  0xd3, 0xff, 0xff, 0xff, 0xff, 0xff, 0xff, 0xff, 0xff, 0xd3, 0xd3, 0xff,
  0xff, 0xff, 0xff, 0xff, 0xff, 0xff, 0xff, 0xd3, 0x59, 0x6b, 0x6b, 0x6b,
  0x6b, 0x6b, 0xba, 0xff, 0xff, 0xbe, 0x00, 0x00, 0x00, 0x00, 0x00, 0x06,
  0xe4, 0xff, 0xff, 0x4c, 0x00, 0x00, 0x00, 0x00, 0x00, 0x68, 0xff, 0xff,
  0xcf, 0x00, 0x00, 0x00, 0x00, 0x00, 0x05, 0xe0, 0xff, 0xff, 0x51, 0x00,
  0x00, 0x00, 0x00, 0x00, 0x63, 0xff, 0xff, 0xd3, 0x01, 0x00, 0x00, 0x00,
  0x00, 0x03, 0xdc, 0xff, 0xff, 0x57, 0x00, 0x00, 0x00, 0x00, 0x00, 0x5d,
  0xff, 0xff, 0xd7, 0x02, 0x00, 0x00, 0x00, 0x00, 0x02, 0xd8, 0xff, 0xff,
  0x5c, 0x00, 0x00, 0x00, 0x00, 0x00, 0x58, 0xff, 0xff, 0xdc, 0x03, 0x00,
  0x00, 0x00, 0x00, 0x01, 0xd3, 0xff, 0xff, 0x62, 0x00, 0x00, 0x00, 0x00,
  0x00, 0x52, 0xff, 0xff, 0xe0, 0x05, 0x00, 0x00, 0x00, 0x00, 0x00, 0xcf,
  0xff, 0xff, 0x67, 0x00, 0x00, 0x00, 0x00, 0x00, 0x4d, 0xff, 0xff, 0xe4,
  0x06, 0x00, 0x00, 0x00, 0x00, 0x00, 0xbf, 0xff, 0xff, 0xba, 0x6b, 0x6b,
  0x6b, 0x6b, 0x6b, 0x59, 0xd3, 0xff, 0xff, 0xff, 0xff, 0xff, 0xff, 0xff,
  0xff, 0xd3, 0xd3, 0xff, 0xff, 0xff, 0xff, 0xff, 0xff, 0xff, 0xff, 0xd3,
  0x5c, 0x6b, 0x6b, 0x6b, 0x6b, 0x6b, 0x6b, 0x6b, 0x25, 0xdb, 0xff, 0xff,
  0xff, 0xff, 0xff, 0xff, 0xff, 0x57, 0xdb, 0xff, 0xff, 0xff, 0xff, 0xff,
  0xff, 0xff, 0x57, 0xdb, 0xff, 0xef, 0x00, 0x00, 0x00, 0x00, 0x00, 0x00,
  0xdb, 0xff, 0xef, 0x00, 0x00, 0x00, 0x00, 0x00, 0x00, 0xdb, 0xff, 0xef,
  0x00, 0x00, 0x00, 0x00, 0x00, 0x00, 0xdb, 0xff, 0xef, 0x00, 0x00, 0x00,
  0x00, 0x00, 0x00, 0xdb, 0xff, 0xef, 0x00, 0x00, 0x00, 0x00, 0x00, 0x00,
  0xdb, 0xff, 0xef, 0x00, 0x00, 0x00, 0x00, 0x00, 0x00, 0xdb, 0xff, 0xef,
  0x00, 0x00, 0x00, 0x00, 0x00, 0x00, 0xdb, 0xff, 0xef, 0x00, 0x00, 0x00,
  0x00, 0x00, 0x00, 0xdb, 0xff, 0xef, 0x00, 0x00, 0x00, 0x00, 0x00, 0x00,
  0xdb, 0xff, 0xef, 0x00, 0x00, 0x00, 0x00, 0x00, 0x00, 0xdb, 0xff, 0xef,
  0x00, 0x00, 0x00, 0x00, 0x00, 0x00, 0xdb, 0xff, 0xef, 0x00, 0x00, 0x00,
  0x00, 0x00, 0x00, 0xdb, 0xff, 0xef, 0x00, 0x00, 0x00, 0x00, 0x00, 0x00,
  0xdb, 0xff, 0xef, 0x00, 0x00, 0x00, 0x00, 0x00, 0x00, 0xdb, 0xff, 0xef,
  0x00, 0x00, 0x00, 0x00, 0x00, 0x00, 0xdb, 0xff, 0xef, 0x00, 0x00, 0x00,
  0x00, 0x00, 0x00, 0xdb, 0xff, 0xef, 0x00, 0x00, 0x00, 0x00, 0x00, 0x00,
  0xdb, 0xff, 0xef, 0x00, 0x00, 0x00, 0x00, 0x00, 0x00, 0xdb, 0xff, 0xf6,
  0x6b, 0x6b, 0x6b, 0x6b, 0x6b, 0x25, 0xdb, 0xff, 0xff, 0xff, 0xff, 0xff,
  0xff, 0xff, 0x57, 0xdb, 0xff, 0xff, 0xff, 0xff, 0xff, 0xff, 0xff, 0x57,
  0x00, 0x7b, 0x7f, 0x71, 0x00, 0x00, 0x00, 0x00, 0x00, 0x00, 0x00, 0x00,
  0x00, 0xbd, 0xff, 0xff, 0x1f, 0x00, 0x00, 0x00, 0x00, 0x00, 0x00, 0x00,
  0x00, 0x6e, 0xff, 0xff, 0x6d, 0x00, 0x00, 0x00, 0x00, 0x00, 0x00, 0x00,
  0x00, 0x1f, 0xff, 0xff, 0xbb, 0x00, 0x00, 0x00, 0x00, 0x00, 0x00, 0x00,
  0x00, 0x00, 0xd0, 0xff, 0xfa, 0x10, 0x00, 0x00, 0x00, 0x00, 0x00, 0x00,
  0x00, 0x00, 0x81, 0xff, 0xff, 0x59, 0x00, 0x00, 0x00, 0x00, 0x00, 0x00,
  0x00, 0x00, 0x32, 0xff, 0xff, 0xa8, 0x00, 0x00, 0x00, 0x00, 0x00, 0x00,
  0x00, 0x00, 0x00, 0xe2, 0xff, 0xf1, 0x06, 0x00, 0x00, 0x00, 0x00, 0x00,
  0x00, 0x00, 0x00, 0x94, 0xff, 0xff, 0x45, 0x00, 0x00, 0x00, 0x00, 0x00,
  0x00, 0x00, 0x00, 0x45, 0xff, 0xff, 0x94, 0x00, 0x00, 0x00, 0x00, 0x00,
  0x00, 0x00, 0x00, 0x05, 0xf0, 0xff, 0xe2, 0x00, 0x00, 0x00, 0x00, 0x00,
  0x00, 0x00, 0x00, 0x00, 0xa7, 0xff, 0xff, 0x32, 0x00, 0x00, 0x00, 0x00,
  0x00, 0x00, 0x00, 0x00, 0x58, 0xff, 0xff, 0x81, 0x00, 0x00, 0x00, 0x00,
  0x00, 0x00, 0x00, 0x00, 0x0f, 0xfa, 0xff, 0xcf, 0x00, 0x00, 0x00, 0x00,
  0x00, 0x00, 0x00, 0x00, 0x00, 0xba, 0xff, 0xff, 0x1f, 0x00, 0x00, 0x00,
  0x00, 0x00, 0x00, 0x00, 0x00, 0x6b, 0xff, 0xff, 0x6d, 0x00, 0x00, 0x00,
  0x00, 0x00, 0x00, 0x00, 0x00, 0x1d, 0xff, 0xff, 0xbc, 0x00, 0x00, 0x00,
  0x00, 0x00, 0x00, 0x00, 0x00, 0x00, 0xcd, 0xff, 0xfb, 0x10, 0x00, 0x00,
  0x00, 0x00, 0x00, 0x00, 0x00, 0x00, 0x7e, 0xff, 0xff, 0x59, 0x00, 0x00,
  0x00, 0x00, 0x00, 0x00, 0x00, 0x00, 0x2f, 0xff, 0xff, 0xa8, 0x00, 0x00,
  0x00, 0x00, 0x00, 0x00, 0x00, 0x00, 0x00, 0xe0, 0xff, 0xf1, 0x06, 0x00,
  0x00, 0x00, 0x00, 0x00, 0x00, 0x00, 0x00, 0x91, 0xff, 0xff, 0x46, 0x00,
  0x00, 0x00, 0x00, 0x00, 0x00, 0x00, 0x00, 0x42, 0xff, 0xff, 0x95, 0x00,
  0x00, 0x00, 0x00, 0x00, 0x00, 0x00, 0x00, 0x04, 0xee, 0xff, 0xe3, 0x00,
  0x25, 0x6b, 0x6b, 0x6b, 0x6b, 0x6b, 0x6b, 0x6b, 0x5c, 0x57, 0xff, 0xff,
  0xff, 0xff, 0xff, 0xff, 0xff, 0xdb, 0x57, 0xff, 0xff, 0xff, 0xff, 0xff,
  0xff, 0xff, 0xdb, 0x00, 0x00, 0x00, 0x00, 0x00, 0x00, 0xeb, 0xff, 0xdb,
  0x00, 0x00, 0x00, 0x00, 0x00, 0x00, 0xeb, 0xff, 0xdb, 0x00, 0x00, 0x00,
  0x00, 0x00, 0x00, 0xeb, 0xff, 0xdb, 0x00, 0x00, 0x00, 0x00, 0x00, 0x00,
  0xeb, 0xff, 0xdb, 0x00, 0x00, 0x00, 0x00, 0x00, 0x00, 0xeb, 0xff, 0xdb,
  0x00, 0x00, 0x00, 0x00, 0x00, 0x00, 0xeb, 0xff, 0xdb, 0x00, 0x00, 0x00,
  0x00, 0x00, 0x00, 0xeb, 0xff, 0xdb, 0x00, 0x00, 0x00, 0x00, 0x00, 0x00,
  0xeb, 0xff, 0xdb, 0x00, 0x00, 0x00, 0x00, 0x00, 0x00, 0xeb, 0xff, 0xdb,
  0x00, 0x00, 0x00, 0x00, 0x00, 0x00, 0xeb, 0xff, 0xdb, 0x00, 0x00, 0x00,
  0x00, 0x00, 0x00, 0xeb, 0xff, 0xdb, 0x00, 0x00, 0x00, 0x00, 0x00, 0x00,
  0xeb, 0xff, 0xdb, 0x00, 0x00, 0x00, 0x00, 0x00, 0x00, 0xeb, 0xff, 0xdb,
  0x00, 0x00, 0x00, 0x00, 0x00, 0x00, 0xeb, 0xff, 0xdb, 0x00, 0x00, 0x00,
  0x00, 0x00, 0x00, 0xeb, 0xff, 0xdb, 0x00, 0x00, 0x00, 0x00, 0x00, 0x00,
  0xeb, 0xff, 0xdb, 0x00, 0x00, 0x00, 0x00, 0x00, 0x00, 0xeb, 0xff, 0xdb,
  0x00, 0x00, 0x00, 0x00, 0x00, 0x00, 0xeb, 0xff, 0xdb, 0x25, 0x6b, 0x6b,
  0x6b, 0x6b, 0x6b, 0xf4, 0xff, 0xdb, 0x57, 0xff, 0xff, 0xff, 0xff, 0xff,
  0xff, 0xff, 0xdb, 0x57, 0xff, 0xff, 0xff, 0xff, 0xff, 0xff, 0xff, 0xdb,
  0x00, 0x00, 0x00, 0x0e, 0xd5, 0xff, 0xff, 0xd4, 0x0e, 0x00, 0x00, 0x00,
  0x00, 0x00, 0x03, 0xb7, 0xff, 0xff, 0xff, 0xff, 0xb7, 0x03, 0x00, 0x00,
  0x00, 0x00, 0x93, 0xff, 0xff, 0x9e, 0x9f, 0xff, 0xff, 0x92, 0x00, 0x00,
  0x00, 0x6a, 0xff, 0xff, 0xd7, 0x0a, 0x0b, 0xd8, 0xff, 0xff, 0x6a, 0x00,
  0x40, 0xfb, 0xff, 0xf7, 0x2e, 0x00, 0x00, 0x2f, 0xf8, 0xff, 0xfb, 0x40,
  0x0b, 0x95, 0xfe, 0x68, 0x00, 0x00, 0x00, 0x00, 0x6c, 0xff, 0x96, 0x0b,
  0x00, 0x00, 0x32, 0x00, 0x00, 0x00, 0x00, 0x00, 0x00, 0x35, 0x00, 0x00,
  0x59, 0x6b, 0x6b, 0x6b, 0x6b, 0x6b, 0x6b, 0x6b, 0x6b, 0x59, 0xd3, 0xff,
  0xff, 0xff, 0xff, 0xff, 0xff, 0xff, 0xff, 0xd3, 0xd3, 0xff, 0xff, 0xff,
  0xff, 0xff, 0xff, 0xff, 0xff, 0xd3, 0x00, 0x00, 0x0e, 0x01, 0x00, 0x00,
  0x00, 0x00, 0x00, 0x28, 0xdb, 0x90, 0x00, 0x00, 0x00, 0x00, 0x16, 0xee,
  0xff, 0xff, 0x77, 0x00, 0x00, 0x00, 0x00, 0x5e, 0xfc, 0xff, 0xff, 0x5f,
  0x00, 0x00, 0x00, 0x00, 0x55, 0xfa, 0xff, 0xfb, 0x4a, 0x00, 0x00, 0x00,
  0x00, 0x4d, 0xf8, 0xff, 0xf5, 0x37, 0x00, 0x00, 0x00, 0x00, 0x45, 0xf5,
  0xe5, 0x33, 0x00, 0x00, 0x00, 0x00, 0x00, 0x39, 0x1b, 0x00, 0x00, 0x00,
  0x12, 0x88, 0xd2, 0xf1, 0xf2, 0xcf, 0x79, 0x07, 0x00, 0x00, 0x16, 0xdd,
  0xff, 0xff, 0xff, 0xff, 0xff, 0xff, 0xc9, 0x0c, 0x00, 0x93, 0xff, 0xff,
  0xd2, 0x7d, 0x85, 0xde, 0xff, 0xff, 0x7b, 0x00, 0xc2, 0xeb, 0xe5, 0x0f,
  0x00, 0x00, 0x21, 0xff, 0xff, 0xb6, 0x00, 0x00, 0x00, 0x00, 0x00, 0x00,
  0x00, 0x00, 0xf4, 0xff, 0xd2, 0x00, 0x00, 0x0e, 0x76, 0xc2, 0xeb, 0xfd,
  0xff, 0xff, 0xff, 0xd3, 0x00, 0x1c, 0xde, 0xff, 0xff, 0xff, 0xff, 0xff,
  0xff, 0xff, 0xd3, 0x00, 0xa6, 0xff, 0xff, 0xd8, 0x85, 0x6e, 0x6b, 0xf9,
  0xff, 0xd3, 0x00, 0xe4, 0xff, 0xe6, 0x0a, 0x00, 0x00, 0x00, 0xf8, 0xff,
  0xd3, 0x00, 0xf8, 0xff, 0xe0, 0x02, 0x00, 0x00, 0x3c, 0xff, 0xff, 0xd3,
  0x00, 0xd5, 0xff, 0xff, 0xbe, 0x6f, 0x8d, 0xed, 0xff, 0xff, 0xd3, 0x00,
  0x72, 0xff, 0xff, 0xff, 0xff, 0xff, 0xa0, 0xf4, 0xff, 0xd3, 0x00, 0x01,
  0x78, 0xd8, 0xf6, 0xdb, 0x86, 0x07, 0xf3, 0xff, 0xd3, 0xd3, 0xff, 0xf3,
  0x00, 0x00, 0x00, 0x00, 0x00, 0x00, 0x00, 0x00, 0xd3, 0xff, 0xf3, 0x00,
  0x00, 0x00, 0x00, 0x00, 0x00, 0x00, 0x00, 0xd3, 0xff, 0xf3, 0x00, 0x00,
  0x00, 0x00, 0x00, 0x00, 0x00, 0x00, 0xd3, 0xff, 0xf3, 0x00, 0x00, 0x00,
  0x00, 0x00, 0x00, 0x00, 0x00, 0xd3, 0xff, 0xf3, 0x00, 0x00, 0x00, 0x00,
  0x00, 0x00, 0x00, 0x00, 0xd3, 0xff, 0xf3, 0x08, 0x93, 0xdf, 0xf0, 0xbf,
  0x3b, 0x00, 0x00, 0xd3, 0xff, 0xf3, 0x9b, 0xff, 0xff, 0xff, 0xff, 0xf3,
  0x1e, 0x00, 0xd3, 0xff, 0xfe, 0xf2, 0x88, 0x81, 0xe6, 0xff, 0xff, 0x99,
  0x00, 0xd3, 0xff, 0xff, 0x4d, 0x00, 0x00, 0x24, 0xfd, 0xff, 0xdf, 0x00,
  0xd3, 0xff, 0xfc, 0x03, 0x00, 0x00, 0x00, 0xd9, 0xff, 0xfa, 0x00, 0xd3,
  0xff, 0xf3, 0x00, 0x00, 0x00, 0x00, 0xc3, 0xff, 0xff, 0x03, 0xd3, 0xff,
  0xf3, 0x00, 0x00, 0x00, 0x00, 0xc3, 0xff, 0xff, 0x03, 0xd3, 0xff, 0xf3,
  0x00, 0x00, 0x00, 0x00, 0xc3, 0xff, 0xff, 0x03, 0xd3, 0xff, 0xfc, 0x03,
  0x00, 0x00, 0x00, 0xd9, 0xff, 0xfa, 0x00, 0xd3, 0xff, 0xff, 0x4d, 0x00,
  0x00, 0x24, 0xfd, 0xff, 0xde, 0x00, 0xd3, 0xff, 0xfe, 0xf3, 0x8a, 0x81,
  0xe6, 0xff, 0xff, 0x98, 0x00, 0xd3, 0xff, 0xf3, 0xa1, 0xff, 0xff, 0xff,
  0xff, 0xf2, 0x1e, 0x00, 0xd3, 0xff, 0xf3, 0x0b, 0x98, 0xe2, 0xf0, 0xbc,
  0x37, 0x00, 0x00, 0x00, 0x00, 0x09, 0x7e, 0xd0, 0xf2, 0xeb, 0xc9, 0x74,
  0x05, 0x00, 0x00, 0x09, 0xbd, 0xff, 0xff, 0xff, 0xff, 0xff, 0xff, 0xbb,
  0x05, 0x00, 0x75, 0xff, 0xff, 0xe8, 0x82, 0x8d, 0xe9, 0xff, 0xff, 0x6a,
  0x00, 0xd5, 0xff, 0xfc, 0x26, 0x00, 0x00, 0x31, 0xff, 0xff, 0xbf, 0x00,
  0xf7, 0xff, 0xd2, 0x00, 0x00, 0x00, 0x00, 0x7f, 0x87, 0x73, 0x03, 0xff,
  0xff, 0xc3, 0x00, 0x00, 0x00, 0x00, 0x00, 0x00, 0x00, 0x03, 0xff, 0xff,
  0xc3, 0x00, 0x00, 0x00, 0x00, 0x00, 0x00, 0x00, 0x03, 0xff, 0xff, 0xc3,
  0x00, 0x00, 0x00, 0x00, 0x00, 0x00, 0x00, 0x00, 0xf7, 0xff, 0xd2, 0x00,
  0x00, 0x00, 0x00, 0x7f, 0x87, 0x73, 0x00, 0xd5, 0xff, 0xfc, 0x25, 0x00,
  0x00, 0x2f, 0xff, 0xff, 0xbc, 0x00, 0x77, 0xff, 0xff, 0xe8, 0x82, 0x8c,
  0xe9, 0xff, 0xff, 0x66, 0x00, 0x0a, 0xbf, 0xff, 0xff, 0xff, 0xff, 0xff,
  0xff, 0xba, 0x04, 0x00, 0x00, 0x09, 0x80, 0xd4, 0xf4, 0xec, 0xc9, 0x75,
  0x05, 0x00, 0x00, 0x00, 0x00, 0x00, 0x00, 0x00, 0x00, 0x00, 0xf3, 0xff,
  0xd3, 0x00, 0x00, 0x00, 0x00, 0x00, 0x00, 0x00, 0x00, 0xf3, 0xff, 0xd3,
  0x00, 0x00, 0x00, 0x00, 0x00, 0x00, 0x00, 0x00, 0xf3, 0xff, 0xd3, 0x00,
  0x00, 0x00, 0x00, 0x00, 0x00, 0x00, 0x00, 0xf3, 0xff, 0xd3, 0x00, 0x00,
  0x00, 0x00, 0x00, 0x00, 0x00, 0x00, 0xf3, 0xff, 0xd3, 0x00, 0x00, 0x39,
  0xbe, 0xf0, 0xdf, 0x92, 0x09, 0xf3, 0xff, 0xd3, 0x00, 0x20, 0xf3, 0xff,
  0xff, 0xff, 0xff, 0x9d, 0xf3, 0xff, 0xd3, 0x00, 0x9d, 0xff, 0xff, 0xe6,
  0x81, 0x89, 0xf2, 0xfe, 0xff, 0xd3, 0x00, 0xe0, 0xff, 0xfc, 0x24, 0x00,
  0x00, 0x50, 0xff, 0xff, 0xd3, 0x00, 0xfa, 0xff, 0xd8, 0x00, 0x00, 0x00,
  0x05, 0xfd, 0xff, 0xd3, 0x03, 0xff, 0xff, 0xc3, 0x00, 0x00, 0x00, 0x00,
  0xf3, 0xff, 0xd3, 0x03, 0xff, 0xff, 0xc3, 0x00, 0x00, 0x00, 0x00, 0xf3,
  0xff, 0xd3, 0x03, 0xff, 0xff, 0xc3, 0x00, 0x00, 0x00, 0x00, 0xf3, 0xff,
  0xd3, 0x00, 0xfa, 0xff, 0xd8, 0x00, 0x00, 0x00, 0x05, 0xfd, 0xff, 0xd3,
  0x00, 0xdf, 0xff, 0xfc, 0x24, 0x00, 0x00, 0x50, 0xff, 0xff, 0xd3, 0x00,
  0x9c, 0xff, 0xff, 0xe6, 0x81, 0x8b, 0xf4, 0xfe, 0xff, 0xd3, 0x00, 0x20,
  0xf3, 0xff, 0xff, 0xff, 0xff, 0xa3, 0xf3, 0xff, 0xd3, 0x00, 0x00, 0x36,
  0xbb, 0xef, 0xe2, 0x97, 0x0c, 0xf3, 0xff, 0xd3, 0x00, 0x00, 0x0a, 0x83,
  0xd2, 0xf2, 0xf1, 0xd3, 0x84, 0x0c, 0x00, 0x00, 0x00, 0x0a, 0xc0, 0xff,
  0xff, 0xff, 0xff, 0xff, 0xff, 0xc7, 0x0e, 0x00, 0x00, 0x84, 0xff, 0xff,
  0xe4, 0x82, 0x81, 0xe2, 0xff, 0xff, 0x8c, 0x00, 0x00, 0xd8, 0xff, 0xf8,
  0x1e, 0x00, 0x00, 0x19, 0xf6, 0xff, 0xd9, 0x00, 0x00, 0xf7, 0xff, 0xcc,
  0x00, 0x00, 0x00, 0x00, 0xcb, 0xff, 0xf9, 0x01, 0x03, 0xff, 0xff, 0xff,
  0xff, 0xff, 0xff, 0xff, 0xff, 0xff, 0xff, 0x03, 0x03, 0xff, 0xff, 0xff,
  0xff, 0xff, 0xff, 0xff, 0xff, 0xff, 0xff, 0x03, 0x03, 0xff, 0xff, 0xdd,
  0x6b, 0x6b, 0x6b, 0x6b, 0x6b, 0x6b, 0x6b, 0x01, 0x00, 0xf7, 0xff, 0xda,
  0x00, 0x00, 0x00, 0x00, 0x00, 0x00, 0x00, 0x00, 0x00, 0xd8, 0xff, 0xff,
  0x37, 0x00, 0x00, 0x0a, 0xe6, 0xf7, 0xdc, 0x00, 0x00, 0x82, 0xff, 0xff,
  0xef, 0x88, 0x7a, 0xcd, 0xff, 0xff, 0x95, 0x00, 0x00, 0x09, 0xbb, 0xff,
  0xff, 0xff, 0xff, 0xff, 0xff, 0xda, 0x13, 0x00, 0x00, 0x00, 0x08, 0x6f,
  0xce, 0xf1, 0xf3, 0xd6, 0x8b, 0x11, 0x00, 0x00, 0x00, 0x00, 0x00, 0x02,
  0x7a, 0xd2, 0xf5, 0xde, 0x9a, 0x11, 0x00, 0x00, 0x00, 0x00, 0x87, 0xff,
  0xff, 0xff, 0xff, 0xff, 0xc3, 0x00, 0x00, 0x00, 0x01, 0xf2, 0xff, 0xfa,
  0x82, 0xe4, 0xff, 0xff, 0x29, 0x00, 0x00, 0x19, 0xff, 0xff, 0xb3, 0x00,
  0x4a, 0x93, 0x93, 0x2c, 0x00, 0x00, 0x23, 0xff, 0xff, 0xa3, 0x00, 0x00,
  0x00, 0x00, 0x00, 0x59, 0x6b, 0x80, 0xff, 0xff, 0xca, 0x6b, 0x6b, 0x6b,
  0x25, 0x00, 0xd3, 0xff, 0xff, 0xff, 0xff, 0xff, 0xff, 0xff, 0xff, 0x57,
  0x00, 0xd3, 0xff, 0xff, 0xff, 0xff, 0xff, 0xff, 0xff, 0xff, 0x57, 0x00,
  0x00, 0x00, 0x23, 0xff, 0xff, 0xa3, 0x00, 0x00, 0x00, 0x00, 0x00, 0x00,
  0x00, 0x23, 0xff, 0xff, 0xa3, 0x00, 0x00, 0x00, 0x00, 0x00, 0x00, 0x00,
  0x23, 0xff, 0xff, 0xa3, 0x00, 0x00, 0x00, 0x00, 0x00, 0x00, 0x00, 0x23,
  0xff, 0xff, 0xa3, 0x00, 0x00, 0x00, 0x00, 0x00, 0x00, 0x00, 0x23, 0xff,
  0xff, 0xa3, 0x00, 0x00, 0x00, 0x00, 0x00, 0x00, 0x00, 0x23, 0xff, 0xff,
  0xa3, 0x00, 0x00, 0x00, 0x00, 0x00, 0x00, 0x00, 0x23, 0xff, 0xff, 0xa3,
  0x00, 0x00, 0x00, 0x00, 0x00, 0x00, 0x00, 0x23, 0xff, 0xff, 0xa3, 0x00,
  0x00, 0x00, 0x00, 0x00, 0x00, 0x00, 0x23, 0xff, 0xff, 0xa3, 0x00, 0x00,
  0x00, 0x00, 0x00, 0x00, 0x00, 0x23, 0xff, 0xff, 0xa3, 0x00, 0x00, 0x00,
  0x00, 0x00, 0x00, 0x00, 0x39, 0xbe, 0xf0, 0xdf, 0x93, 0x0a, 0xf3, 0xff,
  0xd3, 0x00, 0x20, 0xf3, 0xff, 0xff, 0xff, 0xff, 0x9f, 0xf3, 0xff, 0xd3,
  0x00, 0x9d, 0xff, 0xff, 0xe6, 0x81, 0x89, 0xf3, 0xfe, 0xff, 0xd3, 0x00,
  0xe0, 0xff, 0xfc, 0x24, 0x00, 0x00, 0x50, 0xff, 0xff, 0xd3, 0x00, 0xfa,
  0xff, 0xd8, 0x00, 0x00, 0x00, 0x05, 0xfd, 0xff, 0xd3, 0x03, 0xff, 0xff,
  0xc3, 0x00, 0x00, 0x00, 0x00, 0xf3, 0xff, 0xd3, 0x03, 0xff, 0xff, 0xc3,
  0x00, 0x00, 0x00, 0x00, 0xf3, 0xff, 0xd3, 0x03, 0xff, 0xff, 0xc3, 0x00,
  0x00, 0x00, 0x00, 0xf3, 0xff, 0xd3, 0x00, 0xfa, 0xff, 0xd8, 0x00, 0x00,
  0x00, 0x05, 0xfd, 0xff, 0xd3, 0x00, 0xdf, 0xff, 0xfc, 0x24, 0x00, 0x00,
  0x50, 0xff, 0xff, 0xd3, 0x00, 0x9c, 0xff, 0xff, 0xe6, 0x81, 0x8b, 0xf4,
  0xfe, 0xff, 0xd3, 0x00, 0x20, 0xf3, 0xff, 0xff, 0xff, 0xff, 0xa3, 0xf3,
  0xff, 0xd3, 0x00, 0x00, 0x36, 0xbb, 0xef, 0xe2, 0x97, 0x0c, 0xf4, 0xff,
  0xd3, 0x00, 0x0d, 0x0f, 0x0e, 0x00, 0x00, 0x00, 0x05, 0xfd, 0xff, 0xc4,
  0x00, 0xc9, 0xff, 0xfd, 0x1d, 0x00, 0x00, 0x53, 0xff, 0xff, 0xa3, 0x00,
  0x7c, 0xff, 0xff, 0xd7, 0x7e, 0x8c, 0xf5, 0xff, 0xff, 0x4f, 0x00, 0x0c,
  0xd1, 0xff, 0xff, 0xff, 0xff, 0xff, 0xff, 0x99, 0x00, 0x00, 0x00, 0x0c,
  0x82, 0xd1, 0xf2, 0xef, 0xcc, 0x6e, 0x02, 0x00, 0xd3, 0xff, 0xf3, 0x00,
  0x00, 0x00, 0x00, 0x00, 0x00, 0x00, 0xd3, 0xff, 0xf3, 0x00, 0x00, 0x00,
  0x00, 0x00, 0x00, 0x00, 0xd3, 0xff, 0xf3, 0x00, 0x00, 0x00, 0x00, 0x00,
  0x00, 0x00, 0xd3, 0xff, 0xf3, 0x00, 0x00, 0x00, 0x00, 0x00, 0x00, 0x00,
  0xd3, 0xff, 0xf3, 0x00, 0x00, 0x00, 0x00, 0x00, 0x00, 0x00, 0xd3, 0xff,
  0xf3, 0x08, 0x93, 0xdf, 0xee, 0xb6, 0x29, 0x00, 0xd3, 0xff, 0xf3, 0x9b,
  0xff, 0xff, 0xff, 0xff, 0xe1, 0x0a, 0xd3, 0xff, 0xfe, 0xf3, 0x8a, 0x89,
  0xf3, 0xff, 0xff, 0x6b, 0xd3, 0xff, 0xff, 0x52, 0x00, 0x00, 0x52, 0xff,
  0xff, 0xac, 0xd3, 0xff, 0xfd, 0x04, 0x00, 0x00, 0x06, 0xfd, 0xff, 0xc8,
  0xd3, 0xff, 0xf3, 0x00, 0x00, 0x00, 0x00, 0xf4, 0xff, 0xd3, 0xd3, 0xff,
  0xf3, 0x00, 0x00, 0x00, 0x00, 0xf3, 0xff, 0xd3, 0xd3, 0xff, 0xf3, 0x00,
  0x00, 0x00, 0x00, 0xf3, 0xff, 0xd3, 0xd3, 0xff, 0xf3, 0x00, 0x00, 0x00,
  0x00, 0xf3, 0xff, 0xd3, 0xd3, 0xff, 0xf3, 0x00, 0x00, 0x00, 0x00, 0xf3,
  0xff, 0xd3, 0xd3, 0xff, 0xf3, 0x00, 0x00, 0x00, 0x00, 0xf3, 0xff, 0xd3,
  0xd3, 0xff, 0xf3, 0x00, 0x00, 0x00, 0x00, 0xf3, 0xff, 0xd3, 0xd3, 0xff,
  0xf3, 0x00, 0x00, 0x00, 0x00, 0xf3, 0xff, 0xd3, 0x00, 0x00, 0x00, 0x55,
  0xe2, 0xe1, 0x55, 0x00, 0x00, 0x00, 0x00, 0x00, 0x00, 0xd1, 0xff, 0xff,
  0xd0, 0x00, 0x00, 0x00, 0x00, 0x00, 0x00, 0xd1, 0xff, 0xff, 0xd0, 0x00,
  0x00, 0x00, 0x00, 0x00, 0x00, 0x57, 0xe3, 0xe4, 0x56, 0x00, 0x00, 0x00,
  0x00, 0x00, 0x00, 0x00, 0x00, 0x00, 0x00, 0x00, 0x00, 0x00, 0x00, 0x00,
  0x00, 0x00, 0x00, 0x00, 0x00, 0x00, 0x00, 0x00, 0x00, 0xdb, 0xff, 0xff,
  0xff, 0xff, 0x8f, 0x00, 0x00, 0x00, 0x00, 0xdb, 0xff, 0xff, 0xff, 0xff,
  0x8f, 0x00, 0x00, 0x00, 0x00, 0x5c, 0x6b, 0x8c, 0xff, 0xff, 0x8f, 0x00,
  0x00, 0x00, 0x00, 0x00, 0x00, 0x37, 0xff, 0xff, 0x8f, 0x00, 0x00, 0x00,
  0x00, 0x00, 0x00, 0x37, 0xff, 0xff, 0x8f, 0x00, 0x00, 0x00, 0x00, 0x00,
  0x00, 0x37, 0xff, 0xff, 0x8f, 0x00, 0x00, 0x00, 0x00, 0x00, 0x00, 0x37,
  0xff, 0xff, 0x8f, 0x00, 0x00, 0x00, 0x00, 0x00, 0x00, 0x37, 0xff, 0xff,
  0x8f, 0x00, 0x00, 0x00, 0x00, 0x00, 0x00, 0x37, 0xff, 0xff, 0x8f, 0x00,
  0x00, 0x00, 0x00, 0x00, 0x00, 0x37, 0xff, 0xff, 0x8f, 0x00, 0x00, 0x00,
  0x15, 0x6b, 0x6b, 0x8c, 0xff, 0xff, 0xbf, 0x6b, 0x6b, 0x15, 0x33, 0xff,
  0xff, 0xff, 0xff, 0xff, 0xff, 0xff, 0xff, 0x33, 0x33, 0xff, 0xff, 0xff,
  0xff, 0xff, 0xff, 0xff, 0xff, 0x33, 0x00, 0x00, 0x00, 0x00, 0x00, 0x49,
  0xdd, 0xe5, 0x61, 0x00, 0x00, 0x00, 0x00, 0x00, 0xc1, 0xff, 0xff, 0xe0,
  0x00, 0x00, 0x00, 0x00, 0x00, 0xc1, 0xff, 0xff, 0xe0, 0x00, 0x00, 0x00,
  0x00, 0x00, 0x4a, 0xe0, 0xe7, 0x63, 0x00, 0x00, 0x00, 0x00, 0x00, 0x00,
  0x00, 0x00, 0x00, 0x00, 0x00, 0x00, 0x00, 0x00, 0x00, 0x00, 0x00, 0x00,
  0x00, 0x00, 0x00, 0xaf, 0xff, 0xff, 0xff, 0xff, 0xe7, 0x00, 0x00, 0x00,
  0xaf, 0xff, 0xff, 0xff, 0xff, 0xe7, 0x00, 0x00, 0x00, 0x4a, 0x6b, 0x6b,
  0xed, 0xff, 0xe7, 0x00, 0x00, 0x00, 0x00, 0x00, 0x00, 0xdf, 0xff, 0xe7,
  0x00, 0x00, 0x00, 0x00, 0x00, 0x00, 0xdf, 0xff, 0xe7, 0x00, 0x00, 0x00,
  0x00, 0x00, 0x00, 0xdf, 0xff, 0xe7, 0x00, 0x00, 0x00, 0x00, 0x00, 0x00,
  0xdf, 0xff, 0xe7, 0x00, 0x00, 0x00, 0x00, 0x00, 0x00, 0xdf, 0xff, 0xe7,
  0x00, 0x00, 0x00, 0x00, 0x00, 0x00, 0xdf, 0xff, 0xe7, 0x00, 0x00, 0x00,
  0x00, 0x00, 0x00, 0xdf, 0xff, 0xe7, 0x00, 0x00, 0x00, 0x00, 0x00, 0x00,
  0xdf, 0xff, 0xe7, 0x00, 0x00, 0x00, 0x00, 0x00, 0x00, 0xdf, 0xff, 0xe7,
  0x00, 0x00, 0x00, 0x00, 0x00, 0x00, 0xe0, 0xff, 0xe7, 0x5f, 0x63, 0x54,
  0x00, 0x00, 0x00, 0xed, 0xff, 0xd2, 0xdc, 0xff, 0xf6, 0x10, 0x00, 0x32,
  0xff, 0xff, 0xb2, 0x92, 0xff, 0xff, 0xc7, 0x77, 0xdf, 0xff, 0xff, 0x66,
  0x18, 0xe5, 0xff, 0xff, 0xff, 0xff, 0xff, 0xc6, 0x04, 0x00, 0x1d, 0xa1,
  0xe7, 0xfa, 0xde, 0x89, 0x0d, 0x00, 0x6f, 0xff, 0xff, 0x57, 0x00, 0x00,
  0x00, 0x00, 0x00, 0x00, 0x00, 0x6f, 0xff, 0xff, 0x57, 0x00, 0x00, 0x00,
  0x00, 0x00, 0x00, 0x00, 0x6f, 0xff, 0xff, 0x57, 0x00, 0x00, 0x00, 0x00,
  0x00, 0x00, 0x00, 0x6f, 0xff, 0xff, 0x57, 0x00, 0x00, 0x00, 0x00, 0x00,
  0x00, 0x00, 0x6f, 0xff, 0xff, 0x57, 0x00, 0x00, 0x00, 0x00, 0x00, 0x00,
  0x00, 0x6f, 0xff, 0xff, 0x57, 0x00, 0x00, 0x50, 0xff, 0xff, 0xd5, 0x09,
  0x6f, 0xff, 0xff, 0x57, 0x00, 0x12, 0xe7, 0xff, 0xf7, 0x2c, 0x00, 0x6f,
  0xff, 0xff, 0x57, 0x00, 0xa3, 0xff, 0xff, 0x68, 0x00, 0x00, 0x6f, 0xff,
  0xff, 0x57, 0x4d, 0xff, 0xff, 0xad, 0x00, 0x00, 0x00, 0x6f, 0xff, 0xff,
  0x68, 0xe5, 0xff, 0xe1, 0x11, 0x00, 0x00, 0x00, 0x6f, 0xff, 0xff, 0xe6,
  0xff, 0xfc, 0x3c, 0x00, 0x00, 0x00, 0x00, 0x6f, 0xff, 0xff, 0xff, 0xff,
  0xfe, 0x3b, 0x00, 0x00, 0x00, 0x00, 0x6f, 0xff, 0xff, 0xff, 0xff, 0xff,
  0xd3, 0x04, 0x00, 0x00, 0x00, 0x6f, 0xff, 0xff, 0xef, 0xc0, 0xff, 0xff,
  0x74, 0x00, 0x00, 0x00, 0x6f, 0xff, 0xff, 0x6d, 0x20, 0xf5, 0xff, 0xf4,
  0x1e, 0x00, 0x00, 0x6f, 0xff, 0xff, 0x57, 0x00, 0x79, 0xff, 0xff, 0xb0,
  0x00, 0x00, 0x6f, 0xff, 0xff, 0x57, 0x00, 0x05, 0xd6, 0xff, 0xff, 0x4e,
  0x00, 0x6f, 0xff, 0xff, 0x57, 0x00, 0x00, 0x3f, 0xff, 0xff, 0xe1, 0x0b,
  0x00, 0xdb, 0xff, 0xff, 0xff, 0xff, 0x8f, 0x00, 0x00, 0x00, 0x00, 0xdb,
  0xff, 0xff, 0xff, 0xff, 0x8f, 0x00, 0x00, 0x00, 0x00, 0x5c, 0x6b, 0x8c,
  0xff, 0xff, 0x8f, 0x00, 0x00, 0x00, 0x00, 0x00, 0x00, 0x37, 0xff, 0xff,
  0x8f, 0x00, 0x00, 0x00, 0x00, 0x00, 0x00, 0x37, 0xff, 0xff, 0x8f, 0x00,
  0x00, 0x00, 0x00, 0x00, 0x00, 0x37, 0xff, 0xff, 0x8f, 0x00, 0x00, 0x00,
  0x00, 0x00, 0x00, 0x37, 0xff, 0xff, 0x8f, 0x00, 0x00, 0x00, 0x00, 0x00,
  0x00, 0x37, 0xff, 0xff, 0x8f, 0x00, 0x00, 0x00, 0x00, 0x00, 0x00, 0x37,
  0xff, 0xff, 0x8f, 0x00, 0x00, 0x00, 0x00, 0x00, 0x00, 0x37, 0xff, 0xff,
  0x8f, 0x00, 0x00, 0x00, 0x00, 0x00, 0x00, 0x37, 0xff, 0xff, 0x8f, 0x00,
  0x00, 0x00, 0x00, 0x00, 0x00, 0x37, 0xff, 0xff, 0x8f, 0x00, 0x00, 0x00,
  0x00, 0x00, 0x00, 0x37, 0xff, 0xff, 0x8f, 0x00, 0x00, 0x00, 0x00, 0x00,
  0x00, 0x37, 0xff, 0xff, 0x8f, 0x00, 0x00, 0x00, 0x00, 0x00, 0x00, 0x37,
  0xff, 0xff, 0x8f, 0x00, 0x00, 0x00, 0x15, 0x6b, 0x6b, 0x8c, 0xff, 0xff,
  0xbf, 0x6b, 0x6b, 0x15, 0x33, 0xff, 0xff, 0xff, 0xff, 0xff, 0xff, 0xff,
  0xff, 0x33, 0x33, 0xff, 0xff, 0xff, 0xff, 0xff, 0xff, 0xff, 0xff, 0x33,
  0x1b, 0xff, 0xff, 0x70, 0xdf, 0xdb, 0x37, 0x41, 0xe1, 0xdc, 0x33, 0x00,
  0x1b, 0xff, 0xff, 0xf7, 0xff, 0xff, 0xd4, 0xdd, 0xff, 0xff, 0xc3, 0x00,
  0x1b, 0xff, 0xff, 0x79, 0x6d, 0xff, 0xff, 0x6b, 0x79, 0xff, 0xfc, 0x06,
  0x1b, 0xff, 0xff, 0x3a, 0x2b, 0xff, 0xff, 0x2e, 0x3a, 0xff, 0xff, 0x19,
  0x1b, 0xff, 0xff, 0x37, 0x27, 0xff, 0xff, 0x2b, 0x37, 0xff, 0xff, 0x1b,
  0x1b, 0xff, 0xff, 0x37, 0x27, 0xff, 0xff, 0x2b, 0x37, 0xff, 0xff, 0x1b,
  0x1b, 0xff, 0xff, 0x37, 0x27, 0xff, 0xff, 0x2b, 0x37, 0xff, 0xff, 0x1b,
  0x1b, 0xff, 0xff, 0x37, 0x27, 0xff, 0xff, 0x2b, 0x37, 0xff, 0xff, 0x1b,
  0x1b, 0xff, 0xff, 0x37, 0x27, 0xff, 0xff, 0x2b, 0x37, 0xff, 0xff, 0x1b,
  0x1b, 0xff, 0xff, 0x37, 0x27, 0xff, 0xff, 0x2b, 0x37, 0xff, 0xff, 0x1b,
  0x1b, 0xff, 0xff, 0x37, 0x27, 0xff, 0xff, 0x2b, 0x37, 0xff, 0xff, 0x1b,
  0x1b, 0xff, 0xff, 0x37, 0x27, 0xff, 0xff, 0x2b, 0x37, 0xff, 0xff, 0x1b,
  0x1b, 0xff, 0xff, 0x37, 0x27, 0xff, 0xff, 0x2b, 0x37, 0xff, 0xff, 0x1b,
  0xd3, 0xff, 0xf3, 0x08, 0x93, 0xdf, 0xee, 0xb6, 0x29, 0x00, 0xd3, 0xff,
  0xf3, 0x9b, 0xff, 0xff, 0xff, 0xff, 0xe1, 0x0a, 0xd3, 0xff, 0xfe, 0xf3,
  0x8a, 0x89, 0xf3, 0xff, 0xff, 0x6b, 0xd3, 0xff, 0xff, 0x52, 0x00, 0x00,
  0x52, 0xff, 0xff, 0xac, 0xd3, 0xff, 0xfd, 0x04, 0x00, 0x00, 0x06, 0xfd,
  0xff, 0xc8, 0xd3, 0xff, 0xf3, 0x00, 0x00, 0x00, 0x00, 0xf4, 0xff, 0xd3,
  0xd3, 0xff, 0xf3, 0x00, 0x00, 0x00, 0x00, 0xf3, 0xff, 0xd3, 0xd3, 0xff,
  0xf3, 0x00, 0x00, 0x00, 0x00, 0xf3, 0xff, 0xd3, 0xd3, 0xff, 0xf3, 0x00,
  0x00, 0x00, 0x00, 0xf3, 0xff, 0xd3, 0xd3, 0xff, 0xf3, 0x00, 0x00, 0x00,
  0x00, 0xf3, 0xff, 0xd3, 0xd3, 0xff, 0xf3, 0x00, 0x00, 0x00, 0x00, 0xf3,
  0xff, 0xd3, 0xd3, 0xff, 0xf3, 0x00, 0x00, 0x00, 0x00, 0xf3, 0xff, 0xd3,
  0xd3, 0xff, 0xf3, 0x00, 0x00, 0x00, 0x00, 0xf3, 0xff, 0xd3, 0x00, 0x00,
  0x0a, 0x83, 0xd2, 0xf2, 0xf1, 0xd2, 0x83, 0x0a, 0x00, 0x00, 0x00, 0x0a,
  0xc0, 0xff, 0xff, 0xff, 0xff, 0xff, 0xff, 0xc0, 0x0a, 0x00, 0x00, 0x84,
  0xff, 0xff, 0xeb, 0x86, 0x85, 0xe9, 0xff, 0xff, 0x82, 0x00, 0x00, 0xd8,
  0xff, 0xfd, 0x2c, 0x00, 0x00, 0x27, 0xfc, 0xff, 0xd4, 0x00, 0x00, 0xf7,
  0xff, 0xd4, 0x00, 0x00, 0x00, 0x00, 0xd2, 0xff, 0xf5, 0x00, 0x03, 0xff,
  0xff, 0xc3, 0x00, 0x00, 0x00, 0x00, 0xc3, 0xff, 0xff, 0x03, 0x03, 0xff,
  0xff, 0xc3, 0x00, 0x00, 0x00, 0x00, 0xc3, 0xff, 0xff, 0x03, 0x03, 0xff,
  0xff, 0xc3, 0x00, 0x00, 0x00, 0x00, 0xc3, 0xff, 0xff, 0x03, 0x00, 0xf7,
  0xff, 0xd3, 0x00, 0x00, 0x00, 0x00, 0xd1, 0xff, 0xf5, 0x00, 0x00, 0xd7,
  0xff, 0xfd, 0x29, 0x00, 0x00, 0x24, 0xfc, 0xff, 0xd4, 0x00, 0x00, 0x83,
  0xff, 0xff, 0xe9, 0x83, 0x83, 0xe7, 0xff, 0xff, 0x81, 0x00, 0x00, 0x0a,
  0xbf, 0xff, 0xff, 0xff, 0xff, 0xff, 0xff, 0xbf, 0x0a, 0x00, 0x00, 0x00,
  0x09, 0x73, 0xd0, 0xf2, 0xf2, 0xd0, 0x73, 0x09, 0x00, 0x00, 0xd3, 0xff,
  0xf3, 0x08, 0x93, 0xdf, 0xf0, 0xbf, 0x3b, 0x00, 0x00, 0xd3, 0xff, 0xf3,
  0x9b, 0xff, 0xff, 0xff, 0xff, 0xf3, 0x1e, 0x00, 0xd3, 0xff, 0xfe, 0xf2,
  0x88, 0x81, 0xe6, 0xff, 0xff, 0x99, 0x00, 0xd3, 0xff, 0xff, 0x4d, 0x00,
  0x00, 0x24, 0xfd, 0xff, 0xdf, 0x00, 0xd3, 0xff, 0xfc, 0x03, 0x00, 0x00,
  0x00, 0xd9, 0xff, 0xfa, 0x00, 0xd3, 0xff, 0xf3, 0x00, 0x00, 0x00, 0x00,
  0xc3, 0xff, 0xff, 0x03, 0xd3, 0xff, 0xf3, 0x00, 0x00, 0x00, 0x00, 0xc3,
  0xff, 0xff, 0x03, 0xd3, 0xff, 0xf3, 0x00, 0x00, 0x00, 0x00, 0xc3, 0xff,
  0xff, 0x03, 0xd3, 0xff, 0xfc, 0x03, 0x00, 0x00, 0x00, 0xd9, 0xff, 0xfa,
  0x00, 0xd3, 0xff, 0xff, 0x4d, 0x00, 0x00, 0x24, 0xfd, 0xff, 0xde, 0x00,
  0xd3, 0xff, 0xfe, 0xf3, 0x8a, 0x81, 0xe6, 0xff, 0xff, 0x98, 0x00, 0xd3,
  0xff, 0xf3, 0xa1, 0xff, 0xff, 0xff, 0xff, 0xf2, 0x1e, 0x00, 0xd3, 0xff,
  0xf3, 0x0b, 0x98, 0xe2, 0xf0, 0xbc, 0x37, 0x00, 0x00, 0xd3, 0xff, 0xf3,
  0x00, 0x00, 0x00, 0x00, 0x00, 0x00, 0x00, 0x00, 0xd3, 0xff, 0xf3, 0x00,
  0x00, 0x00, 0x00, 0x00, 0x00, 0x00, 0x00, 0xd3, 0xff, 0xf3, 0x00, 0x00,
  0x00, 0x00, 0x00, 0x00, 0x00, 0x00, 0xd3, 0xff, 0xf3, 0x00, 0x00, 0x00,
  0x00, 0x00, 0x00, 0x00, 0x00, 0xd3, 0xff, 0xf3, 0x00, 0x00, 0x00, 0x00,
  0x00, 0x00, 0x00, 0x00, 0x00, 0x00, 0x39, 0xbe, 0xf0, 0xdf, 0x93, 0x0a,
  0xf3, 0xff, 0xd3, 0x00, 0x20, 0xf3, 0xff, 0xff, 0xff, 0xff, 0x9f, 0xf3,
  0xff, 0xd3, 0x00, 0x9d, 0xff, 0xff, 0xe6, 0x81, 0x89, 0xf3, 0xfe, 0xff,
  0xd3, 0x00, 0xe0, 0xff, 0xfc, 0x24, 0x00, 0x00, 0x50, 0xff, 0xff, 0xd3,
  0x00, 0xfa, 0xff, 0xd8, 0x00, 0x00, 0x00, 0x05, 0xfd, 0xff, 0xd3, 0x03,
  0xff, 0xff, 0xc3, 0x00, 0x00, 0x00, 0x00, 0xf3, 0xff, 0xd3, 0x03, 0xff,
  0xff, 0xc3, 0x00, 0x00, 0x00, 0x00, 0xf3, 0xff, 0xd3, 0x03, 0xff, 0xff,
  0xc3, 0x00, 0x00, 0x00, 0x00, 0xf3, 0xff, 0xd3, 0x00, 0xfa, 0xff, 0xd8,
  0x00, 0x00, 0x00, 0x05, 0xfd, 0xff, 0xd3, 0x00, 0xdf, 0xff, 0xfc, 0x24,
  0x00, 0x00, 0x50, 0xff, 0xff, 0xd3, 0x00, 0x9c, 0xff, 0xff, 0xe6, 0x81,
  0x8b, 0xf4, 0xfe, 0xff, 0xd3, 0x00, 0x20, 0xf3, 0xff, 0xff, 0xff, 0xff,
  0xa3, 0xf3, 0xff, 0xd3, 0x00, 0x00, 0x36, 0xbb, 0xef, 0xe2, 0x97, 0x0c,
  0xf3, 0xff, 0xd3, 0x00, 0x00, 0x00, 0x00, 0x00, 0x00, 0x00, 0x00, 0xf3,
  0xff, 0xd3, 0x00, 0x00, 0x00, 0x00, 0x00, 0x00, 0x00, 0x00, 0xf3, 0xff,
  0xd3, 0x00, 0x00, 0x00, 0x00, 0x00, 0x00, 0x00, 0x00, 0xf3, 0xff, 0xd3,
  0x00, 0x00, 0x00, 0x00, 0x00, 0x00, 0x00, 0x00, 0xf3, 0xff, 0xd3, 0x00,
  0x00, 0x00, 0x00, 0x00, 0x00, 0x00, 0x00, 0xf3, 0xff, 0xd3, 0x7b, 0xff,
  0xff, 0x53, 0x39, 0xcc, 0xf2, 0xb9, 0x1f, 0x00, 0x7b, 0xff, 0xff, 0x6d,
  0xf0, 0xff, 0xff, 0xff, 0xc2, 0x00, 0x7b, 0xff, 0xff, 0xd6, 0xad, 0x78,
  0xf5, 0xff, 0xff, 0x1c, 0x7b, 0xff, 0xff, 0xcd, 0x03, 0x00, 0x96, 0xff,
  0xff, 0x3e, 0x7b, 0xff, 0xff, 0x7a, 0x00, 0x00, 0x00, 0x00, 0x00, 0x00,
  0x7b, 0xff, 0xff, 0x5a, 0x00, 0x00, 0x00, 0x00, 0x00, 0x00, 0x7b, 0xff,
  0xff, 0x54, 0x00, 0x00, 0x00, 0x00, 0x00, 0x00, 0x7b, 0xff, 0xff, 0x53,
  0x00, 0x00, 0x00, 0x00, 0x00, 0x00, 0x7b, 0xff, 0xff, 0x53, 0x00, 0x00,
  0x00, 0x00, 0x00, 0x00, 0x7b, 0xff, 0xff, 0x53, 0x00, 0x00, 0x00, 0x00,
  0x00, 0x00, 0x7b, 0xff, 0xff, 0x53, 0x00, 0x00, 0x00, 0x00, 0x00, 0x00,
  0x7b, 0xff, 0xff, 0x53, 0x00, 0x00, 0x00, 0x00, 0x00, 0x00, 0x7b, 0xff,
  0xff, 0x53, 0x00, 0x00, 0x00, 0x00, 0x00, 0x00, 0x00, 0x00, 0x13, 0x8a,
  0xd3, 0xf2, 0xf1, 0xd4, 0x89, 0x11, 0x00, 0x00, 0x00, 0x14, 0xde, 0xff,
  0xff, 0xff, 0xff, 0xff, 0xff, 0xd9, 0x10, 0x00, 0x00, 0x90, 0xff, 0xff,
  0xd1, 0x7a, 0x7d, 0xde, 0xff, 0xff, 0x86, 0x00, 0x00, 0xcd, 0xff, 0xf5,
  0x08, 0x00, 0x00, 0x14, 0xda, 0xdb, 0xaa, 0x00, 0x00, 0xbd, 0xff, 0xff,
  0x5a, 0x00, 0x00, 0x00, 0x00, 0x00, 0x00, 0x00, 0x00, 0x4e, 0xff, 0xff,
  0xff, 0xdb, 0x95, 0x53, 0x0b, 0x00, 0x00, 0x00, 0x00, 0x00, 0x5a, 0xe7,
  0xff, 0xff, 0xff, 0xff, 0xf0, 0x76, 0x01, 0x00, 0x00, 0x00, 0x00, 0x05,
  0x47, 0x8c, 0xd2, 0xff, 0xff, 0xff, 0x76, 0x00, 0x00, 0x00, 0x00, 0x00,
  0x00, 0x00, 0x00, 0x3f, 0xf4, 0xff, 0xe6, 0x00, 0x04, 0xf1, 0xf3, 0xd3,
  0x04, 0x00, 0x00, 0x01, 0xdb, 0xff, 0xf7, 0x00, 0x00, 0xbd, 0xff, 0xff,
  0xcf, 0x7a, 0x76, 0xbf, 0xff, 0xff, 0xb6, 0x00, 0x00, 0x2b, 0xed, 0xff,
  0xff, 0xff, 0xff, 0xff, 0xff, 0xea, 0x27, 0x00, 0x00, 0x00, 0x1e, 0x95,
  0xd8, 0xf4, 0xf2, 0xd8, 0x92, 0x1a, 0x00, 0x00, 0x00, 0x00, 0x97, 0xff,
  0xff, 0x2f, 0x00, 0x00, 0x00, 0x00, 0x00, 0x00, 0x00, 0x97, 0xff, 0xff,
  0x2f, 0x00, 0x00, 0x00, 0x00, 0x00, 0x00, 0x00, 0x97, 0xff, 0xff, 0x2f,
  0x00, 0x00, 0x00, 0x00, 0x00, 0x00, 0x00, 0x97, 0xff, 0xff, 0x2f, 0x00,
  0x00, 0x00, 0x00, 0x00, 0x00, 0x00, 0x97, 0xff, 0xff, 0x2f, 0x00, 0x00,
  0x00, 0x00, 0x00, 0xdf, 0xff, 0xff, 0xff, 0xff, 0xff, 0xff, 0xff, 0x87,
  0x00, 0x00, 0xdf, 0xff, 0xff, 0xff, 0xff, 0xff, 0xff, 0xff, 0x87, 0x00,
  0x00, 0x5e, 0x6b, 0xc3, 0xff, 0xff, 0x87, 0x6b, 0x6b, 0x39, 0x00, 0x00,
  0x00, 0x00, 0x97, 0xff, 0xff, 0x2f, 0x00, 0x00, 0x00, 0x00, 0x00, 0x00,
  0x00, 0x97, 0xff, 0xff, 0x2f, 0x00, 0x00, 0x00, 0x00, 0x00, 0x00, 0x00,
  0x97, 0xff, 0xff, 0x2f, 0x00, 0x00, 0x00, 0x00, 0x00, 0x00, 0x00, 0x97,
  0xff, 0xff, 0x2f, 0x00, 0x00, 0x00, 0x00, 0x00, 0x00, 0x00, 0x97, 0xff,
  0xff, 0x30, 0x00, 0x00, 0x00, 0x00, 0x00, 0x00, 0x00, 0x8a, 0xff, 0xff,
  0x3c, 0x00, 0x00, 0xc4, 0xcf, 0xb0, 0x00, 0x00, 0x68, 0xff, 0xff, 0x76,
  0x00, 0x21, 0xff, 0xff, 0xb8, 0x00, 0x00, 0x1b, 0xfb, 0xff, 0xf1, 0x7e,
  0xcf, 0xff, 0xff, 0x7d, 0x00, 0x00, 0x00, 0x80, 0xff, 0xff, 0xff, 0xff,
  0xff, 0xde, 0x0f, 0x00, 0x00, 0x00, 0x02, 0x75, 0xd4, 0xf6, 0xe9, 0xa1,
  0x1b, 0x00, 0xd3, 0xff, 0xf3, 0x00, 0x00, 0x00, 0x00, 0xf3, 0xff, 0xd3,
  0xd3, 0xff, 0xf3, 0x00, 0x00, 0x00, 0x00, 0xf3, 0xff, 0xd3, 0xd3, 0xff,
  0xf3, 0x00, 0x00, 0x00, 0x00, 0xf3, 0xff, 0xd3, 0xd3, 0xff, 0xf3, 0x00,
  0x00, 0x00, 0x00, 0xf3, 0xff, 0xd3, 0xd3, 0xff, 0xf3, 0x00, 0x00, 0x00,
  0x00, 0xf3, 0xff, 0xd3, 0xd3, 0xff, 0xf3, 0x00, 0x00, 0x00, 0x00, 0xf3,
  0xff, 0xd3, 0xd3, 0xff, 0xf3, 0x00, 0x00, 0x00, 0x00, 0xf3, 0xff, 0xd3,
  0xd3, 0xff, 0xf3, 0x00, 0x00, 0x00, 0x00, 0xf3, 0xff, 0xd3, 0xcb, 0xff,
  0xfc, 0x03, 0x00, 0x00, 0x05, 0xfd, 0xff, 0xd3, 0xb0, 0xff, 0xff, 0x4e,
  0x00, 0x00, 0x4e, 0xff, 0xff, 0xd3, 0x6e, 0xff, 0xff, 0xf1, 0x81, 0x81,
  0xf0, 0xfe, 0xff, 0xd3, 0x0a, 0xe2, 0xff, 0xff, 0xff, 0xff, 0xa3, 0xf3,
  0xff, 0xd3, 0x00, 0x29, 0xb6, 0xef, 0xe3, 0x98, 0x0c, 0xf3, 0xff, 0xd3,
  0x19, 0xff, 0xff, 0xca, 0x00, 0x00, 0x00, 0x00, 0xc4, 0xff, 0xff, 0x18,
  0x00, 0xd1, 0xff, 0xfc, 0x0e, 0x00, 0x00, 0x0a, 0xfa, 0xff, 0xd0, 0x00,
  0x00, 0x89, 0xff, 0xff, 0x4a, 0x00, 0x00, 0x44, 0xff, 0xff, 0x88, 0x00,
  0x00, 0x42, 0xff, 0xff, 0x8a, 0x00, 0x00, 0x84, 0xff, 0xff, 0x41, 0x00,
  0x00, 0x06, 0xf4, 0xff, 0xca, 0x00, 0x00, 0xc5, 0xff, 0xf4, 0x06, 0x00,
  0x00, 0x00, 0xb3, 0xff, 0xfc, 0x0e, 0x0b, 0xfa, 0xff, 0xb2, 0x00, 0x00,
  0x00, 0x00, 0x6c, 0xff, 0xff, 0x49, 0x45, 0xff, 0xff, 0x6b, 0x00, 0x00,
  0x00, 0x00, 0x24, 0xff, 0xff, 0x89, 0x85, 0xff, 0xff, 0x23, 0x00, 0x00,
  0x00, 0x00, 0x00, 0xdd, 0xff, 0xc9, 0xc6, 0xff, 0xdd, 0x00, 0x00, 0x00,
  0x00, 0x00, 0x00, 0x96, 0xff, 0xfb, 0xfb, 0xff, 0x95, 0x00, 0x00, 0x00,
  0x00, 0x00, 0x00, 0x4e, 0xff, 0xff, 0xff, 0xff, 0x4d, 0x00, 0x00, 0x00,
  0x00, 0x00, 0x00, 0x0c, 0xfa, 0xff, 0xff, 0xfa, 0x0c, 0x00, 0x00, 0x00,
  0x00, 0x00, 0x00, 0x00, 0xbf, 0xff, 0xff, 0xbf, 0x00, 0x00, 0x00, 0x00,
  0x6c, 0xff, 0xff, 0x4e, 0x00, 0x00, 0x00, 0x00, 0x4f, 0xff, 0xff, 0x6a,
  0x43, 0xff, 0xff, 0x5c, 0x00, 0x00, 0x00, 0x00, 0x5d, 0xff, 0xff, 0x42,
  0x1a, 0xff, 0xff, 0x6a, 0x00, 0x00, 0x00, 0x00, 0x6b, 0xff, 0xff, 0x19,
  0x00, 0xf1, 0xff, 0x78, 0x0d, 0x5f, 0x5f, 0x0d, 0x79, 0xff, 0xf1, 0x00,
  0x00, 0xc9, 0xff, 0x86, 0x3f, 0xff, 0xff, 0x3e, 0x87, 0xff, 0xc8, 0x00,
  0x00, 0xa0, 0xff, 0x94, 0x68, 0xfd, 0xfd, 0x67, 0x95, 0xff, 0x9f, 0x00,
  0x00, 0x78, 0xff, 0xa2, 0x91, 0xdb, 0xdc, 0x90, 0xa3, 0xff, 0x77, 0x00,
  0x00, 0x4f, 0xff, 0xb0, 0xb9, 0xb1, 0xb2, 0xb8, 0xb1, 0xff, 0x4e, 0x00,
  0x00, 0x27, 0xff, 0xbe, 0xe2, 0x87, 0x88, 0xe1, 0xbf, 0xff, 0x26, 0x00,
  0x00, 0x04, 0xfa, 0xd9, 0xfe, 0x5d, 0x5e, 0xfe, 0xd9, 0xf9, 0x04, 0x00,
  0x00, 0x00, 0xd5, 0xfe, 0xff, 0x33, 0x34, 0xff, 0xfe, 0xd4, 0x00, 0x00,
  0x00, 0x00, 0xad, 0xff, 0xfe, 0x0b, 0x0c, 0xfe, 0xff, 0xac, 0x00, 0x00,
  0x00, 0x00, 0x84, 0xff, 0xe0, 0x00, 0x00, 0xe0, 0xff, 0x83, 0x00, 0x00,
  0x1e, 0xf5, 0xff, 0xfb, 0x26, 0x00, 0x00, 0x26, 0xfb, 0xff, 0xf5, 0x1d,
  0x00, 0x7a, 0xff, 0xff, 0xae, 0x00, 0x00, 0xaf, 0xff, 0xff, 0x79, 0x00,
  0x00, 0x06, 0xda, 0xff, 0xff, 0x3c, 0x3c, 0xff, 0xff, 0xd9, 0x06, 0x00,
  0x00, 0x00, 0x47, 0xff, 0xff, 0xc7, 0xc8, 0xff, 0xff, 0x46, 0x00, 0x00,
  0x00, 0x00, 0x00, 0xad, 0xff, 0xff, 0xff, 0xff, 0xac, 0x00, 0x00, 0x00,
  0x00, 0x00, 0x00, 0x1e, 0xf5, 0xff, 0xff, 0xf5, 0x1e, 0x00, 0x00, 0x00,
  0x00, 0x00, 0x00, 0x00, 0x9e, 0xff, 0xff, 0x9e, 0x00, 0x00, 0x00, 0x00,
  0x00, 0x00, 0x00, 0x1b, 0xf3, 0xff, 0xff, 0xf3, 0x1b, 0x00, 0x00, 0x00,
  0x00, 0x00, 0x00, 0xaa, 0xff, 0xff, 0xff, 0xff, 0xa9, 0x00, 0x00, 0x00,
  0x00, 0x00, 0x44, 0xff, 0xff, 0xc8, 0xc8, 0xff, 0xff, 0x44, 0x00, 0x00,
  0x00, 0x06, 0xd8, 0xff, 0xff, 0x3c, 0x3c, 0xff, 0xff, 0xd8, 0x06, 0x00,
  0x00, 0x78, 0xff, 0xff, 0xae, 0x00, 0x00, 0xaf, 0xff, 0xff, 0x77, 0x00,
  0x1d, 0xf5, 0xff, 0xfb, 0x26, 0x00, 0x00, 0x27, 0xfb, 0xff, 0xf4, 0x1d,
  0x01, 0xea, 0xff, 0xed, 0x01, 0x00, 0x00, 0x00, 0xec, 0xff, 0xea, 0x01,
  0x00, 0xa3, 0xff, 0xff, 0x2c, 0x00, 0x00, 0x26, 0xff, 0xff, 0xa4, 0x00,
  0x00, 0x5b, 0xff, 0xff, 0x6a, 0x00, 0x00, 0x60, 0xff, 0xff, 0x5d, 0x00,
  0x00, 0x14, 0xfd, 0xff, 0xa8, 0x00, 0x00, 0x9a, 0xff, 0xfe, 0x17, 0x00,
  0x00, 0x00, 0xca, 0xff, 0xe7, 0x00, 0x00, 0xd4, 0xff, 0xcf, 0x00, 0x00,
  0x00, 0x00, 0x81, 0xff, 0xff, 0x25, 0x10, 0xfe, 0xff, 0x88, 0x00, 0x00,
  0x00, 0x00, 0x39, 0xff, 0xff, 0x63, 0x48, 0xff, 0xff, 0x41, 0x00, 0x00,
  0x00, 0x00, 0x02, 0xed, 0xff, 0xa1, 0x82, 0xff, 0xf3, 0x06, 0x00, 0x00,
  0x00, 0x00, 0x00, 0xa8, 0xff, 0xdf, 0xbc, 0xff, 0xb2, 0x00, 0x00, 0x00,
  0x00, 0x00, 0x00, 0x5f, 0xff, 0xff, 0xf9, 0xff, 0x6b, 0x00, 0x00, 0x00,
  0x00, 0x00, 0x00, 0x18, 0xfe, 0xff, 0xff, 0xff, 0x24, 0x00, 0x00, 0x00,
  0x00, 0x00, 0x00, 0x00, 0xce, 0xff, 0xff, 0xdd, 0x00, 0x00, 0x00, 0x00,
  0x00, 0x00, 0x00, 0x00, 0x86, 0xff, 0xff, 0x96, 0x00, 0x00, 0x00, 0x00,
  0x00, 0x00, 0x00, 0x00, 0x8b, 0xff, 0xff, 0x4f, 0x00, 0x00, 0x00, 0x00,
  0x00, 0x00, 0x00, 0x00, 0xd4, 0xff, 0xfa, 0x0d, 0x00, 0x00, 0x00, 0x00,
  0x00, 0x00, 0x00, 0x1d, 0xff, 0xff, 0xc0, 0x00, 0x00, 0x00, 0x00, 0x00,
  0x00, 0x00, 0x00, 0x66, 0xff, 0xff, 0x77, 0x00, 0x00, 0x00, 0x00, 0x00,
  0x00, 0x00, 0x00, 0xaf, 0xff, 0xff, 0x2f, 0x00, 0x00, 0x00, 0x00, 0x00,
  0xd3, 0xff, 0xff, 0xff, 0xff, 0xff, 0xff, 0xff, 0xff, 0xd3, 0xd3, 0xff,
  0xff, 0xff, 0xff, 0xff, 0xff, 0xff, 0xff, 0xd3, 0x59, 0x6b, 0x6b, 0x6b,
  0x6b, 0x6b, 0xd9, 0xff, 0xff, 0xb2, 0x00, 0x00, 0x00, 0x00, 0x00, 0x59,
  0xff, 0xff, 0xe6, 0x18, 0x00, 0x00, 0x00, 0x00, 0x2b, 0xf4, 0xff, 0xfb,
  0x3d, 0x00, 0x00, 0x00, 0x00, 0x0d, 0xd8, 0xff, 0xff, 0x72, 0x00, 0x00,
  0x00, 0x00, 0x00, 0xab, 0xff, 0xff, 0xad, 0x00, 0x00, 0x00, 0x00, 0x00,
  0x72, 0xff, 0xff, 0xda, 0x0e, 0x00, 0x00, 0x00, 0x00, 0x3c, 0xfb, 0xff,
  0xf5, 0x2c, 0x00, 0x00, 0x00, 0x00, 0x17, 0xe6, 0xff, 0xff, 0x5c, 0x00,
  0x00, 0x00, 0x00, 0x00, 0xb3, 0xff, 0xff, 0xdb, 0x6b, 0x6b, 0x6b, 0x6b,
  0x6b, 0x59, 0xd3, 0xff, 0xff, 0xff, 0xff, 0xff, 0xff, 0xff, 0xff, 0xd3,
  0xd3, 0xff, 0xff, 0xff, 0xff, 0xff, 0xff, 0xff, 0xff, 0xd3, 0x00, 0x00,
  0x00, 0x00, 0x02, 0x56, 0xa3, 0xdb, 0xf1, 0x56, 0x00, 0x00, 0x00, 0x13,
  0xc6, 0xff, 0xff, 0xff, 0xff, 0x57, 0x00, 0x00, 0x00, 0xb0, 0xff, 0xff,
  0xf1, 0xa2, 0x78, 0x25, 0x00, 0x00, 0x18, 0xfe, 0xff, 0xdf, 0x1c, 0x00,
  0x00, 0x00, 0x00, 0x00, 0x39, 0xff, 0xff, 0x90, 0x00, 0x00, 0x00, 0x00,
  0x00, 0x00, 0x23, 0xff, 0xff, 0xc2, 0x00, 0x00, 0x00, 0x00, 0x00, 0x00,
  0x00, 0xd6, 0xff, 0xff, 0x39, 0x00, 0x00, 0x00, 0x00, 0x00, 0x00, 0x62,
  0xff, 0xff, 0x98, 0x00, 0x00, 0x00, 0x00, 0x00, 0x00, 0x08, 0xfc, 0xff,
  0xc7, 0x00, 0x00, 0x00, 0x00, 0x00, 0x00, 0x20, 0xff, 0xff, 0xbf, 0x00,
  0x00, 0x00, 0x00, 0x0f, 0x49, 0xd3, 0xff, 0xff, 0x81, 0x00, 0x00, 0x00,
  0x57, 0xff, 0xff, 0xff, 0xff, 0xda, 0x12, 0x00, 0x00, 0x00, 0x57, 0xff,
  0xff, 0xff, 0xff, 0x98, 0x00, 0x00, 0x00, 0x00, 0x25, 0x7b, 0xb2, 0xfd,
  0xff, 0xff, 0x57, 0x00, 0x00, 0x00, 0x00, 0x00, 0x00, 0x58, 0xff, 0xff,
  0xb4, 0x00, 0x00, 0x00, 0x00, 0x00, 0x00, 0x03, 0xfc, 0xff, 0xcb, 0x00,
  0x00, 0x00, 0x00, 0x00, 0x00, 0x3e, 0xff, 0xff, 0xa8, 0x00, 0x00, 0x00,
  0x00, 0x00, 0x00, 0xbb, 0xff, 0xff, 0x4e, 0x00, 0x00, 0x00, 0x00, 0x00,
  0x18, 0xfe, 0xff, 0xd0, 0x01, 0x00, 0x00, 0x00, 0x00, 0x00, 0x38, 0xff,
  0xff, 0x90, 0x00, 0x00, 0x00, 0x00, 0x00, 0x00, 0x1f, 0xff, 0xff, 0xd9,
  0x16, 0x00, 0x00, 0x00, 0x00, 0x00, 0x00, 0xbe, 0xff, 0xff, 0xee, 0xa1,
  0x78, 0x25, 0x00, 0x00, 0x00, 0x1b, 0xce, 0xff, 0xff, 0xff, 0xff, 0x57,
  0x00, 0x00, 0x00, 0x00, 0x01, 0x54, 0xa6, 0xdc, 0xf2, 0x57, 0x63, 0xff,
  0xff, 0x63, 0x63, 0xff, 0xff, 0x63, 0x63, 0xff, 0xff, 0x63, 0x63, 0xff,
  0xff, 0x63, 0x63, 0xff, 0xff, 0x63, 0x63, 0xff, 0xff, 0x63, 0x63, 0xff,
  0xff, 0x63, 0x63, 0xff, 0xff, 0x63, 0x63, 0xff, 0xff, 0x63, 0x63, 0xff,
  0xff, 0x63, 0x63, 0xff, 0xff, 0x63, 0x63, 0xff, 0xff, 0x63, 0x63, 0xff,
  0xff, 0x63, 0x63, 0xff, 0xff, 0x63, 0x63, 0xff, 0xff, 0x63, 0x63, 0xff,
  0xff, 0x63, 0x63, 0xff, 0xff, 0x63, 0x63, 0xff, 0xff, 0x63, 0x63, 0xff,
  0xff, 0x63, 0x63, 0xff, 0xff, 0x63, 0x63, 0xff, 0xff, 0x63, 0x63, 0xff,
  0xff, 0x63, 0x63, 0xff, 0xff, 0x63, 0x56, 0xf2, 0xdc, 0xa4, 0x57, 0x03,
  0x00, 0x00, 0x00, 0x00, 0x57, 0xff, 0xff, 0xff, 0xff, 0xc8, 0x15, 0x00,
  0x00, 0x00, 0x25, 0x79, 0xa3, 0xf2, 0xff, 0xff, 0xb2, 0x00, 0x00, 0x00,
  0x00, 0x00, 0x00, 0x1e, 0xe1, 0xff, 0xfe, 0x18, 0x00, 0x00, 0x00, 0x00,
  0x00, 0x00, 0x91, 0xff, 0xff, 0x38, 0x00, 0x00, 0x00, 0x00, 0x00, 0x00,
  0xc3, 0xff, 0xff, 0x23, 0x00, 0x00, 0x00, 0x00, 0x00, 0x39, 0xff, 0xff,
  0xdc, 0x00, 0x00, 0x00, 0x00, 0x00, 0x00, 0x9c, 0xff, 0xff, 0x67, 0x00,
  0x00, 0x00, 0x00, 0x00, 0x00, 0xc9, 0xff, 0xfd, 0x09, 0x00, 0x00, 0x00,
  0x00, 0x00, 0x00, 0xc0, 0xff, 0xff, 0x20, 0x00, 0x00, 0x00, 0x00, 0x00,
  0x00, 0x82, 0xff, 0xff, 0xd1, 0x48, 0x0f, 0x00, 0x00, 0x00, 0x00, 0x12,
  0xda, 0xff, 0xff, 0xff, 0xff, 0x57, 0x00, 0x00, 0x00, 0x00, 0x98, 0xff,
  0xff, 0xff, 0xff, 0x57, 0x00, 0x00, 0x00, 0x57, 0xff, 0xff, 0xfc, 0xb1,
  0x7b, 0x25, 0x00, 0x00, 0x00, 0xb4, 0xff, 0xff, 0x56, 0x00, 0x00, 0x00,
  0x00, 0x00, 0x00, 0xcc, 0xff, 0xfc, 0x03, 0x00, 0x00, 0x00, 0x00, 0x00,
  0x00, 0xab, 0xff, 0xff, 0x41, 0x00, 0x00, 0x00, 0x00, 0x00, 0x00, 0x4f,
  0xff, 0xff, 0xc1, 0x00, 0x00, 0x00, 0x00, 0x00, 0x00, 0x01, 0xd1, 0xff,
  0xff, 0x19, 0x00, 0x00, 0x00, 0x00, 0x00, 0x00, 0x90, 0xff, 0xff, 0x38,
  0x00, 0x00, 0x00, 0x00, 0x00, 0x18, 0xda, 0xff, 0xff, 0x1f, 0x00, 0x00,
  0x25, 0x78, 0xa1, 0xee, 0xff, 0xff, 0xbf, 0x00, 0x00, 0x00, 0x57, 0xff,
  0xff, 0xff, 0xff, 0xd0, 0x1e, 0x00, 0x00, 0x00, 0x57, 0xf3, 0xdd, 0xa7,
  0x55, 0x01, 0x00, 0x00, 0x00, 0x00, 0x00, 0x00, 0x00, 0x1d, 0x91, 0xa9,
  0x40, 0x00, 0x00, 0x00, 0x34, 0x29, 0x00, 0x00, 0x00, 0x00, 0x1e, 0xe6,
  0xff, 0xff, 0xfc, 0x48, 0x00, 0x00, 0xc9, 0xff, 0xba, 0x00, 0x00, 0x00,
  0xb6, 0xff, 0xff, 0xf8, 0xff, 0xe7, 0x10, 0x43, 0xff, 0xff, 0x8b, 0x00,
  0x00, 0x3f, 0xff, 0xff, 0x9c, 0x5d, 0xff, 0xff, 0xa4, 0xd4, 0xff, 0xf4,
  0x17, 0x00, 0x00, 0xb5, 0xff, 0xf9, 0x19, 0x00, 0xb9, 0xff, 0xff, 0xff,
  0xff, 0x76, 0x00, 0x00, 0x00, 0x70, 0xd1, 0xa2, 0x00, 0x00, 0x17, 0xcf,
  0xff, 0xff, 0x9c, 0x02, 0x00, 0x00, 0x00, 0x00, 0x00, 0x07, 0x00, 0x00,
  0x00, 0x04, 0x3b, 0x27, 0x00, 0x00, 0x00, 0x00, 0x00, 0x48, 0x5f, 0x00,
  0x00, 0x00, 0x00, 0x00, 0x00, 0x5f, 0x47, 0x00, 0x5a, 0xfb, 0xfd, 0x60,
  0x00, 0x00, 0x00, 0x00, 0x61, 0xfd, 0xfb, 0x5a, 0x26, 0xe6, 0xff, 0xfd,
  0x5f, 0x00, 0x00, 0x60, 0xfd, 0xff, 0xe5, 0x26, 0x00, 0x26, 0xe6, 0xff,
  0xfd, 0x5e, 0x5f, 0xfd, 0xff, 0xe5, 0x26, 0x00, 0x00, 0x00, 0x26, 0xe6,
  0xff, 0xfd, 0xfd, 0xff, 0xe5, 0x26, 0x00, 0x00, 0x00, 0x00, 0x00, 0x26,
  0xec, 0xff, 0xff, 0xec, 0x26, 0x00, 0x00, 0x00, 0x00, 0x00, 0x00, 0x5e,
  0xfd, 0xff, 0xff, 0xfd, 0x5d, 0x00, 0x00, 0x00, 0x00, 0x00, 0x5e, 0xfd,
  0xff, 0xe5, 0xe5, 0xff, 0xfd, 0x5d, 0x00, 0x00, 0x00, 0x5e, 0xfd, 0xff,
  0xe5, 0x26, 0x26, 0xe6, 0xff, 0xfd, 0x5d, 0x00, 0x59, 0xfd, 0xff, 0xe5,
  0x26, 0x00, 0x00, 0x26, 0xe6, 0xff, 0xfd, 0x59, 0x26, 0xdc, 0xe5, 0x26,
  0x00, 0x00, 0x00, 0x00, 0x26, 0xe6, 0xdc, 0x26, 0x00, 0x14, 0x23, 0x00,
  0x00, 0x00, 0x00, 0x00, 0x00, 0x24, 0x14, 0x00, 0x6b, 0x6b, 0x6b, 0x6b,
  0x6b, 0x6b, 0x6b, 0x6b, 0x6b, 0x6b, 0x6b, 0x6b, 0x6b, 0x6b, 0x6b, 0x6b,
  0x6b, 0x6b, 0x6b, 0x6b, 0x6b, 0x6b, 0x6b, 0x6b, 0xff, 0xff, 0xff, 0xff,
  0xff, 0xff, 0xff, 0xff, 0xff, 0xff, 0xff, 0xff, 0xff, 0xff, 0xff, 0xff,
  0xff, 0xff, 0xff, 0xff, 0xff, 0xff, 0xff, 0xff, 0xff, 0xff, 0xff, 0xff,
  0xff, 0xff, 0xff, 0xff, 0xff, 0xff, 0xff, 0xff, 0xff, 0xff, 0xff, 0xff,
  0xff, 0xff, 0xff, 0xff, 0xff, 0xff, 0xff, 0xff, 0x00, 0x18, 0x18, 0x18,
  0x18, 0x18, 0x18, 0x18, 0x18, 0x18, 0x18, 0x18, 0x18, 0x18, 0x18, 0x18,
  0x18, 0x18, 0x18, 0x18, 0x18, 0x18, 0x18, 0x01, 0x04, 0xff, 0xff, 0xff,
  0xff, 0xff, 0xff, 0xff, 0xff, 0xff, 0xff, 0xff, 0xff, 0xff, 0xff, 0xff,
  0xff, 0xff, 0xff, 0xff, 0xff, 0xff, 0xff, 0x10, 0x04, 0xff, 0xff, 0xff,
  0xff, 0xff, 0xff, 0xff, 0xff, 0xff, 0xff, 0xff, 0xff, 0xff, 0xff, 0xff,
  0xff, 0xff, 0xff, 0xff, 0xff, 0xff, 0xff, 0x10, 0x04, 0xff, 0xff, 0xff,
  0xff, 0xff, 0xff, 0xff, 0xff, 0xff, 0xff, 0xff, 0xff, 0xff, 0xff, 0xff,
  0xff, 0xff, 0xff, 0xff, 0xff, 0xff, 0xff, 0x10, 0x00, 0x00, 0x00, 0x00,
  0x00, 0x00, 0x00, 0x00, 0x1c, 0x60, 0x60, 0x49, 0x00, 0x00, 0x00, 0x00,
  0x00, 0x00, 0x00, 0x00, 0x00, 0x00, 0x00, 0x00, 0x00, 0x00, 0x00, 0x00,
  0x00, 0x00, 0x4c, 0xff, 0xff, 0xc4, 0x00, 0x00, 0x00, 0x00, 0x00, 0x00,
  0x00, 0x00, 0x00, 0x00, 0x00, 0x00, 0x00, 0x00, 0x00, 0x00, 0x00, 0x00,
  0x4c, 0xff, 0xff, 0xc4, 0x00, 0x00, 0x00, 0x00, 0x00, 0x00, 0x00, 0x00,
  0x00, 0x00, 0x00, 0x00, 0x00, 0x00, 0x00, 0x00, 0x00, 0x00, 0x4c, 0xff,
  0xff, 0xc4, 0x00, 0x00, 0x00, 0x00, 0x00, 0x00, 0x00, 0x00, 0x00, 0x00,
  0x00, 0x00, 0x00, 0x00, 0x00, 0x00, 0x00, 0x00, 0x4c, 0xff, 0xff, 0xc4,
  0x00, 0x00, 0x00, 0x00, 0x00, 0x00, 0x00, 0x00, 0x00, 0x00, 0x00, 0x00,
  0x00, 0x00, 0x00, 0x00, 0x00, 0x00, 0x4c, 0xff, 0xff, 0xc4, 0x00, 0x00,
  0x00, 0x00, 0x00, 0x00, 0x00, 0x00, 0x00, 0x00, 0x00, 0x00, 0x00, 0x00,
  0x00, 0x00, 0x00, 0x00, 0x4c, 0xff, 0xff, 0xc4, 0x00, 0x00, 0x00, 0x00,
  0x00, 0x00, 0x00, 0x00, 0x00, 0x00, 0x00, 0x00, 0x00, 0x00, 0x00, 0x00,
  0x00, 0x00, 0x4c, 0xff, 0xff, 0xff, 0xff, 0xff, 0xff, 0xff, 0xff, 0xff,
  0xff, 0xff, 0x3c, 0x00, 0x00, 0x00, 0x00, 0x00, 0x00, 0x00, 0x00, 0x00,
  0x4c, 0xff, 0xff, 0xff, 0xff, 0xff, 0xff, 0xff, 0xff, 0xff, 0xff, 0xff,
  0x3c, 0x00, 0x00, 0x00, 0x00, 0x00, 0x00, 0x00, 0x00, 0x00, 0x4c, 0xff,
  0xff, 0xf5, 0xd4, 0xd4, 0xd4, 0xd4, 0xd4, 0xd4, 0xd4, 0xd4, 0x31, 0x00,
  0x00, 0x00, 0x00, 0x00, 0x00, 0x00, 0x00, 0x00, 0x4c, 0xff, 0xff, 0xc4,
  0x00, 0x00, 0x00, 0x00, 0x00, 0x00, 0x00, 0x00, 0x00, 0x00, 0x00, 0x00,
  0x00, 0x00, 0x00, 0x00, 0x00, 0x00, 0x4c, 0xff, 0xff, 0xc4, 0x00, 0x00,
  0x00, 0x00, 0x00, 0x00, 0x00, 0x00, 0x00, 0x00, 0x00, 0x00, 0x00, 0x00,
  0x00, 0x00, 0x00, 0x00, 0x4c, 0xff, 0xff, 0xc4, 0x00, 0x00, 0x00, 0x00,
  0x00, 0x00, 0x00, 0x00, 0x00, 0x00, 0x00, 0x00, 0x00, 0x00, 0x00, 0x00,
  0x00, 0x00, 0x4c, 0xff, 0xff, 0xc4, 0x00, 0x00, 0x00, 0x00, 0x00, 0x00,
  0x00, 0x00, 0x00, 0x00, 0x00, 0x00, 0x00, 0x00, 0x00, 0x00, 0x00, 0x00,
  0x4c, 0xff, 0xff, 0xc4, 0x00, 0x00, 0x00, 0x00, 0x00, 0x00, 0x00, 0x00,
  0x00, 0x00, 0x00, 0x00, 0x00, 0x00, 0x00, 0x00, 0x00, 0x00, 0x4c, 0xff,
  0xff, 0xc4, 0x00, 0x00, 0x00, 0x00, 0x00, 0x00, 0x00, 0x00, 0x00, 0x00,
  0x00, 0x00, 0x00, 0x00, 0x00, 0x00, 0x00, 0x00, 0x4c, 0xff, 0xff, 0xc4,
  0x00, 0x00, 0x00, 0x00, 0x00, 0x00, 0x00, 0x00, 0x00, 0x00, 0x00, 0x00,
  0x00, 0x00, 0x00, 0x00, 0x00, 0x00, 0x4c, 0xff, 0xff, 0xc4, 0x00, 0x00,
  0x00, 0x00, 0x00, 0x00, 0x00, 0x00, 0x00, 0x00, 0x00, 0x00, 0x00, 0x00,
  0x00, 0x00, 0x00, 0x00, 0x4c, 0xff, 0xff, 0xc4, 0x00, 0x00, 0x00, 0x00,
  0x00, 0x00, 0x00, 0x00, 0x00, 0x00, 0xc7, 0xe0, 0xe0, 0xe0, 0xe0, 0xe0,
  0xe0, 0xe0, 0xe9, 0xff, 0xff, 0xf8, 0xe0, 0xe0, 0xe0, 0xe0, 0xe0, 0xe0,
  0xe0, 0xe0, 0xe0, 0xce, 0xe4, 0xff, 0xff, 0xff, 0xff, 0xff, 0xff, 0xff,
  0xff, 0xff, 0xff, 0xff, 0xff, 0xff, 0xff, 0xff, 0xff, 0xff, 0xff, 0xff,
  0xff, 0xec, 0xe4, 0xff, 0xff, 0xff, 0xff, 0xff, 0xff, 0xff, 0xff, 0xff,
  0xff, 0xff, 0xff, 0xff, 0xff, 0xff, 0xff, 0xff, 0xff, 0xff, 0xff, 0xec,
  0xb0, 0xff, 0xff, 0xff, 0xff, 0xff, 0xff, 0xff, 0xff, 0xff, 0xff, 0xff,
  0xff, 0xff, 0xff, 0xff, 0xff, 0xff, 0xff, 0xff, 0xff, 0xb4, 0xb0, 0xff,
  0xff, 0xff, 0xff, 0xff, 0xff, 0xff, 0xff, 0xff, 0xff, 0xff, 0xff, 0xff,
  0xff, 0xff, 0xff, 0xff, 0xff, 0xff, 0xff, 0xb4, 0x8f, 0xd0, 0xd0, 0xd0,
  0xd0, 0xd0, 0xd0, 0xd0, 0xd0, 0xff, 0xff, 0xff, 0xd3, 0xd0, 0xd0, 0xd0,
  0xd0, 0xd0, 0xd0, 0xd0, 0xd0, 0x92, 0x00, 0x00, 0x00, 0x00, 0x00, 0x00,
  0x00, 0x00, 0x04, 0xff, 0xff, 0xff, 0x10, 0x00, 0x00, 0x00, 0x00, 0x00,
  0x00, 0x00, 0x00, 0x00, 0x00, 0x00, 0x00, 0x00, 0x00, 0x00, 0x00, 0x00,
  0x04, 0xff, 0xff, 0xff, 0x10, 0x00, 0x00, 0x00, 0x00, 0x00, 0x00, 0x00,
  0x00, 0x00, 0x00, 0x00, 0x00, 0x00, 0x00, 0x00, 0x00, 0x00, 0x04, 0xff,
  0xff, 0xff, 0x10, 0x00, 0x00, 0x00, 0x00, 0x00, 0x00, 0x00, 0x00, 0x00,
  0x00, 0x00, 0x00, 0x00, 0x00, 0x00, 0x00, 0x00, 0x04, 0xff, 0xff, 0xff,
  0xc7, 0x75, 0x09, 0x00, 0x00, 0x00, 0x00, 0x00, 0x00, 0x00, 0x00, 0x00,
  0x00, 0x00, 0x00, 0x00, 0x00, 0x00, 0x04, 0xff, 0xff, 0xff, 0xff, 0xff,
  0xe4, 0x61, 0x02, 0x00, 0x00, 0x00, 0x00, 0x00, 0x00, 0x00, 0x00, 0x00,
  0x00, 0x00, 0x00, 0x00, 0x04, 0xff, 0xff, 0xff, 0xff, 0xff, 0xff, 0xff,
  0xd1, 0x3e, 0x00, 0x00, 0x00, 0x00, 0x00, 0x00, 0x00, 0x00, 0x00, 0x00,
  0x00, 0x00, 0x04, 0xff, 0xff, 0xff, 0x76, 0xee, 0xff, 0xff, 0xff, 0xff,
  0xa1, 0x14, 0x00, 0x00, 0x00, 0x00, 0x00, 0x00, 0x00, 0x00, 0x00, 0x00,
  0x04, 0xff, 0xff, 0xff, 0x10, 0x15, 0x9f, 0xff, 0xff, 0xff, 0xff, 0xe9,
  0x43, 0x00, 0x00, 0x00, 0x00, 0x00, 0x00, 0x00, 0x00, 0x00, 0x04, 0xff,
  0xff, 0xff, 0x10, 0x00, 0x00, 0x47, 0xe2, 0xff, 0xff, 0xfb, 0x41, 0x00,
  0x00, 0x00, 0x00, 0x00, 0x00, 0x00, 0x00, 0x00, 0x04, 0xff, 0xff, 0xff,
  0x10, 0x00, 0x00, 0x00, 0x0e, 0xa6, 0xff, 0x6f, 0x00, 0x00, 0x00, 0x00,
  0x00, 0x00, 0x00, 0x00, 0x00, 0x00, 0x04, 0xff, 0xff, 0xff, 0x10, 0x00,
  0x00, 0x00, 0x00, 0x00, 0x48, 0x00, 0x00, 0x00, 0x00, 0x00, 0x00, 0x00,
  0x00, 0x00, 0x00, 0x00, 0x04, 0xff, 0xff, 0xff, 0x10, 0x00, 0x00, 0x00,
  0x00, 0x00, 0x00, 0x00, 0x00, 0x00, 0x00, 0x00, 0x00, 0x00, 0x00, 0x00,
  0x00, 0x00, 0x04, 0xff, 0xff, 0xff, 0x10, 0x00, 0x00, 0x00, 0x00, 0x00,
  0x00, 0x00, 0x00, 0x00, 0x00, 0x00, 0x00, 0x00, 0x00, 0x00, 0x00, 0x00,
  0x04, 0xff, 0xff, 0xff, 0x10, 0x00, 0x00, 0x00, 0x00, 0x00, 0x00, 0x00,
  0x00, 0x00, 0x00, 0x00, 0x00, 0x00, 0x00, 0x00, 0x00, 0x00, 0x04, 0xff,
  0xff, 0xff, 0x10, 0x00, 0x00, 0x00, 0x00, 0x00, 0x00, 0x00, 0x00, 0x00,
  0x00, 0x00, 0x00, 0x00, 0x00, 0x00, 0x00, 0x00, 0x04, 0xff, 0xff, 0xff,
  0x10, 0x00, 0x00, 0x00, 0x00, 0x00, 0x00, 0x00, 0x00, 0x00, 0x00, 0x00,
  0x00, 0x00, 0x00, 0x00, 0x00, 0x00, 0x04, 0xff, 0xff, 0xff, 0x10, 0x00,
  0x00, 0x00, 0x00, 0x00, 0x00, 0x00, 0x00, 0x00, 0x00, 0x00, 0x00, 0x00,
  0x00, 0x00, 0x00, 0x00, 0x02, 0x94, 0x94, 0x94, 0x09, 0x00, 0x00, 0x00,
  0x00, 0x00, 0x00, 0x00, 0x00, 0x00, 0x00, 0x64, 0xff, 0xff, 0xff, 0xff,
  0xff, 0xff, 0xff, 0xff, 0xff, 0xff, 0xff, 0xff, 0xff, 0xff, 0xff, 0xff,
  0xff, 0xff, 0xff, 0xff, 0x6c, 0x00, 0x00, 0x64, 0xff, 0xff, 0xff, 0xff,
  0xff, 0xff, 0xff, 0xff, 0xff, 0xff, 0xff, 0xff, 0xff, 0xff, 0xff, 0xff,
  0xff, 0xff, 0xff, 0xff, 0x6c, 0x00, 0x00, 0x54, 0xd8, 0xd8, 0xd8, 0xd8,
  0xd8, 0xd8, 0xd8, 0xd8, 0xd8, 0xfa, 0xff, 0xff, 0xfc, 0xd8, 0xd8, 0xd8,
  0xd8, 0xd8, 0xd8, 0xd8, 0x5b, 0x00, 0x00, 0x00, 0x00, 0x00, 0x00, 0x00,
  0x00, 0x00, 0x00, 0x00, 0x3d, 0xfe, 0xff, 0xff, 0x95, 0x00, 0x00, 0x00,
  0x00, 0x00, 0x00, 0x00, 0x00, 0x00, 0x00, 0x00, 0x00, 0x00, 0x00, 0x00,
  0x00, 0x00, 0x00, 0x08, 0xd8, 0xff, 0xff, 0xed, 0x14, 0x00, 0x00, 0x00,
  0x00, 0x00, 0x00, 0x00, 0x00, 0x00, 0x00, 0x00, 0x00, 0x00, 0x00, 0x00,
  0x00, 0x00, 0x00, 0x9e, 0xff, 0xff, 0xff, 0x94, 0x00, 0x00, 0x00, 0x00,
  0x00, 0x00, 0x00, 0x00, 0x00, 0x00, 0x00, 0x00, 0x00, 0x00, 0x00, 0x00,
  0x00, 0x00, 0x67, 0xff, 0xff, 0xff, 0xff, 0x90, 0x19, 0x8a, 0x0a, 0x00,
  0x00, 0x00, 0x00, 0x00, 0x00, 0x00, 0x00, 0x00, 0x00, 0x00, 0x00, 0x00,
  0x00, 0x4f, 0xfc, 0xff, 0xff, 0xff, 0xff, 0xae, 0xdb, 0xff, 0xd2, 0x24,
  0x00, 0x00, 0x00, 0x00, 0x00, 0x00, 0x00, 0x00, 0x00, 0x00, 0x00, 0x00,
  0x48, 0xf8, 0xff, 0xff, 0xff, 0xff, 0xff, 0xef, 0xff, 0xff, 0xff, 0xef,
  0x4a, 0x00, 0x00, 0x00, 0x00, 0x00, 0x00, 0x00, 0x00, 0x00, 0x00, 0x5e,
  0xfb, 0xff, 0xff, 0xf7, 0xc9, 0xff, 0xff, 0x90, 0x73, 0xfd, 0xff, 0xff,
  0xfd, 0x7b, 0x00, 0x00, 0x00, 0x00, 0x00, 0x00, 0x00, 0x06, 0x8c, 0xff,
  0xff, 0xff, 0xfa, 0x4b, 0x90, 0xff, 0xff, 0x90, 0x00, 0x49, 0xf0, 0xff,
  0xff, 0xff, 0x9f, 0x05, 0x00, 0x00, 0x00, 0x00, 0x2e, 0xcc, 0xff, 0xff,
  0xff, 0xf5, 0x4b, 0x00, 0x90, 0xff, 0xff, 0x90, 0x00, 0x00, 0x2d, 0xe4,
  0xff, 0xff, 0xff, 0xba, 0x0b, 0x00, 0x05, 0x9a, 0xfd, 0xff, 0xff, 0xff,
  0xe9, 0x36, 0x00, 0x00, 0x90, 0xff, 0xff, 0x90, 0x00, 0x00, 0x00, 0x1d,
  0xd5, 0xff, 0xff, 0xff, 0xc2, 0x09, 0x00, 0x8f, 0xff, 0xff, 0xff, 0xc0,
  0x19, 0x00, 0x00, 0x00, 0x90, 0xff, 0xff, 0x90, 0x00, 0x00, 0x00, 0x00,
  0x11, 0xcb, 0xff, 0xff, 0xcd, 0x12, 0x00, 0x05, 0xd2, 0xf5, 0x76, 0x03,
  0x00, 0x00, 0x00, 0x00, 0x90, 0xff, 0xff, 0x90, 0x00, 0x00, 0x00, 0x00,
  0x00, 0x10, 0xd0, 0xc4, 0x0f, 0x00, 0x00, 0x00, 0x2a, 0x1e, 0x00, 0x00,
  0x00, 0x00, 0x00, 0x00, 0x90, 0xff, 0xff, 0x90, 0x00, 0x00, 0x00, 0x00,
  0x00, 0x00, 0x17, 0x0b, 0x00, 0x00, 0x00, 0x00, 0x00, 0x00, 0x00, 0x00,
  0x00, 0x00, 0x00, 0x00, 0x90, 0xff, 0xff, 0x90, 0x00, 0x00, 0x00, 0x00,
  0x00, 0x00, 0x00, 0x00, 0x00, 0x00, 0x00, 0x00, 0x00, 0x00, 0x00, 0x00,
  0x00, 0x00, 0x00, 0x00, 0x90, 0xff, 0xff, 0x90, 0x00, 0x00, 0x00, 0x00,
  0x00, 0x00, 0x00, 0x00, 0x00, 0x00, 0x00, 0x00, 0x00, 0x00, 0x00, 0x00,
  0x00, 0x00, 0x00, 0x00, 0x90, 0xff, 0xff, 0x90, 0x00, 0x00, 0x00, 0x00,
  0x00, 0x00, 0x00, 0x00, 0x00, 0x00, 0x00, 0x00, 0x00, 0x00, 0x00, 0x00,
  0x00, 0x00, 0x00, 0x00, 0x90, 0xff, 0xff, 0x90, 0x00, 0x00, 0x00, 0x00,
  0x00, 0x00, 0x00, 0x00, 0x00, 0x00, 0x00, 0x00, 0x00, 0x00, 0x00, 0x00,
  0x00, 0x00, 0x00, 0x00, 0x90, 0xff, 0xff, 0x90, 0x00, 0x00, 0x00, 0x00,
  0x00, 0x00, 0x00, 0x00, 0x00, 0x00, 0x00, 0x00, 0x00, 0x00, 0x00, 0x00,
  0x00, 0x00, 0x00, 0x00, 0x57, 0x9c, 0x9c, 0x57, 0x00, 0x00, 0x00, 0x00,
  0x00, 0x00, 0x00, 0x00, 0x00, 0x00, 0x00, 0x00, 0x00, 0x00, 0x02, 0x47,
  0x52, 0x00, 0x00, 0x00, 0x00, 0x00, 0x00, 0x00, 0x00, 0x4f, 0x6e, 0x20,
  0x00, 0x00, 0x00, 0x00, 0x00, 0x00, 0x00, 0x07, 0xdb, 0xff, 0xef, 0x12,
  0x00, 0x00, 0x00, 0x00, 0x00, 0x00, 0x00, 0xce, 0xff, 0xff, 0x94, 0x00,
  0x00, 0x00, 0x00, 0x00, 0x00, 0x00, 0x95, 0xff, 0xff, 0x8e, 0x00, 0x00,
  0x00, 0x00, 0x00, 0x00, 0x33, 0xff, 0xff, 0xff, 0x37, 0x00, 0x00, 0x00,
  0x00, 0x00, 0x00, 0x00, 0x1e, 0xfd, 0xff, 0xf4, 0x11, 0x00, 0x00, 0x00,
  0x00, 0x00, 0xa4, 0xff, 0xff, 0xb0, 0x00, 0x00, 0x00, 0x00, 0x00, 0x00,
  0x00, 0x00, 0x00, 0xb7, 0xff, 0xff, 0x5f, 0x00, 0x00, 0x00, 0x00, 0x25,
  0xfb, 0xff, 0xf9, 0x24, 0x00, 0x00, 0x00, 0x00, 0x39, 0xc0, 0xc0, 0xc0,
  0xc0, 0xde, 0xff, 0xf6, 0xc1, 0xc0, 0xc0, 0xc0, 0xc0, 0xdd, 0xff, 0xff,
  0xf0, 0xc0, 0xc0, 0xc0, 0xc0, 0x39, 0x4c, 0xff, 0xff, 0xff, 0xff, 0xff,
  0xff, 0xff, 0xff, 0xff, 0xff, 0xff, 0xff, 0xff, 0xff, 0xff, 0xff, 0xff,
  0xff, 0xff, 0xff, 0x4c, 0x4c, 0xff, 0xff, 0xff, 0xff, 0xff, 0xff, 0xff,
  0xff, 0xff, 0xff, 0xff, 0xff, 0xff, 0xff, 0xff, 0xff, 0xff, 0xff, 0xff,
  0xff, 0x4c, 0x00, 0x00, 0x00, 0x00, 0x00, 0x00, 0x00, 0xfc, 0xff, 0xd4,
  0x00, 0x00, 0xe0, 0xff, 0xfc, 0x00, 0x00, 0x00, 0x00, 0x00, 0x00, 0x00,
  0x00, 0x00, 0x00, 0x19, 0x13, 0x00, 0x00, 0xfc, 0xff, 0xd4, 0x00, 0x00,
  0xe0, 0xff, 0xfc, 0x00, 0x00, 0x2e, 0x3d, 0x0a, 0x00, 0x00, 0x00, 0x28,
  0xd9, 0xff, 0x8c, 0x00, 0x00, 0xfc, 0xff, 0xd4, 0x00, 0x00, 0xe0, 0xff,
  0xfc, 0x00, 0x00, 0xa1, 0xff, 0xfb, 0x7c, 0x00, 0x00, 0x03, 0xe7, 0xff,
  0xec, 0x07, 0x00, 0xfc, 0xff, 0xd4, 0x00, 0x00, 0xe0, 0xff, 0xfc, 0x00,
  0x00, 0xde, 0xff, 0xff, 0x41, 0x00, 0x00, 0x00, 0x8b, 0xff, 0xff, 0x4f,
  0x00, 0xfc, 0xff, 0xd4, 0x00, 0x00, 0xe0, 0xff, 0xfc, 0x00, 0x24, 0xff,
  0xff, 0xe4, 0x02, 0x00, 0x00, 0x00, 0x3e, 0xff, 0xff, 0x9c, 0x00, 0xfc,
  0xff, 0xd4, 0x00, 0x00, 0xe0, 0xff, 0xfc, 0x00, 0x75, 0xff, 0xff, 0x87,
  0x00, 0x00, 0x00, 0x00, 0x05, 0xf2, 0xff, 0xe5, 0x00, 0xfc, 0xff, 0xd4,
  0x00, 0x00, 0xe0, 0xff, 0xfc, 0x00, 0xc5, 0xff, 0xff, 0x27, 0x00, 0x00,
  0x00, 0x00, 0x00, 0xb9, 0xff, 0xff, 0x1a, 0xfc, 0xff, 0xd4, 0x00, 0x00,
  0xe0, 0xff, 0xfc, 0x21, 0xfe, 0xff, 0xc4, 0x00, 0x00, 0x00, 0x00, 0x00,
  0x00, 0x91, 0xff, 0xee, 0x36, 0xfc, 0xff, 0xd4, 0x00, 0x00, 0xe0, 0xff,
  0xfc, 0x67, 0xfb, 0xff, 0x59, 0x00, 0x00, 0x00, 0x00, 0x00, 0x00, 0x29,
  0x2f, 0x02, 0x00, 0xfc, 0xff, 0xd4, 0x00, 0x00, 0xe0, 0xff, 0xfc, 0x00,
  0x0c, 0x46, 0x04, 0x00, 0x00, 0x00, 0x00, 0x00, 0x00, 0x00, 0x00, 0x00,
  0x00, 0xfc, 0xff, 0xd4, 0x00, 0x00, 0xe0, 0xff, 0xfc, 0x00, 0x00, 0x00,
  0x00, 0x00, 0x00, 0x00, 0xb7, 0xf4, 0xf4, 0xf4, 0xf4, 0xf4, 0xf4, 0xff,
  0xff, 0xfd, 0xf4, 0xf4, 0xfe, 0xff, 0xff, 0xf4, 0xf4, 0xf4, 0xf4, 0xf4,
  0xf4, 0xc2, 0xc0, 0xff, 0xff, 0xff, 0xff, 0xff, 0xff, 0xff, 0xff, 0xff,
  0xff, 0xff, 0xff, 0xff, 0xff, 0xff, 0xff, 0xff, 0xff, 0xff, 0xff, 0xcc,
  0xc0, 0xff, 0xff, 0xff, 0xff, 0xff, 0xff, 0xff, 0xff, 0xff, 0xff, 0xff,
  0xff, 0xff, 0xff, 0xff, 0xff, 0xff, 0xff, 0xff, 0xff, 0xcc, 0x00, 0x00,
  0x00, 0x00, 0x00, 0x00, 0x00, 0x00, 0x08, 0x7c, 0x23, 0x00, 0x00, 0x00,
  0x00, 0x00, 0x00, 0x00, 0x00, 0x00, 0x00, 0x00, 0x00, 0x00, 0x00, 0x00,
  0x00, 0x00, 0x00, 0x31, 0xd6, 0xff, 0xf1, 0x52, 0x00, 0x00, 0x00, 0x00,
  0x00, 0x00, 0x00, 0x00, 0x00, 0x00, 0x00, 0x00, 0x00, 0x00, 0x00, 0x00,
  0x00, 0x28, 0xdd, 0xff, 0xff, 0xfe, 0x78, 0x00, 0x00, 0x00, 0x00, 0x00,
  0x00, 0x00, 0x00, 0x00, 0x00, 0x00, 0x00, 0x00, 0x00, 0x00, 0x00, 0x00,
  0x16, 0xca, 0xff, 0xff, 0xff, 0x8f, 0x00, 0x00, 0x00, 0x00, 0x00, 0x00,
  0x00, 0x00, 0x00, 0x00, 0x00, 0x00, 0x00, 0x00, 0x00, 0x00, 0x00, 0x0d,
  0xc5, 0xff, 0xff, 0xd6, 0x13, 0x00, 0x00, 0x00, 0x00, 0x00, 0x00, 0x00,
  0x00, 0x7b, 0xb8, 0xb8, 0xb8, 0xb8, 0xb8, 0xb8, 0xb8, 0xb8, 0xc7, 0xff,
  0xff, 0xc5, 0xb8, 0xb8, 0xb8, 0xb8, 0xb8, 0xb8, 0x73, 0x00, 0x00, 0xac,
  0xff, 0xff, 0xff, 0xff, 0xff, 0xff, 0xff, 0xff, 0xff, 0xff, 0xff, 0xff,
  0xff, 0xff, 0xff, 0xff, 0xff, 0xff, 0xa0, 0x00, 0x00, 0xac, 0xff, 0xff,
  0xff, 0xff, 0xff, 0xff, 0xff, 0xff, 0xff, 0xff, 0xff, 0xff, 0xff, 0xff,
  0xff, 0xff, 0xff, 0xff, 0xa0, 0x00, 0x00, 0x00, 0x00, 0x00, 0x00, 0x00,
  0x00, 0x00, 0x00, 0x90, 0xff, 0xff, 0x94, 0x00, 0x00, 0x00, 0x00, 0x00,
  0x00, 0x00, 0x00, 0x00, 0x00, 0x00, 0x00, 0x00, 0x00, 0x00, 0x00, 0x00,
  0x00, 0x90, 0xff, 0xff, 0x94, 0x00, 0x00, 0x00, 0x00, 0x00, 0x00, 0x00,
  0x00, 0x00, 0x00, 0x00, 0x00, 0x00, 0x00, 0x00, 0x00, 0x00, 0x00, 0x90,
  0xff, 0xff, 0x94, 0x00, 0x00, 0x00, 0x00, 0x00, 0x00, 0x00, 0x00, 0x00,
  0x00, 0x00, 0x00, 0x00, 0x00, 0x00, 0x00, 0x00, 0x00, 0x90, 0xff, 0xff,
  0x94, 0x00, 0x00, 0x00, 0x00, 0x00, 0x00, 0x00, 0x00, 0x00, 0x00, 0x00,
  0x4e, 0xc0, 0xc0, 0xc0, 0xc0, 0xc0, 0xc0, 0xe4, 0xff, 0xff, 0xe5, 0xc0,
  0xc0, 0xc0, 0xc0, 0xc0, 0xc0, 0x5a, 0x00, 0x00, 0x00, 0x00, 0x68, 0xff,
  0xff, 0xff, 0xff, 0xff, 0xff, 0xff, 0xff, 0xff, 0xff, 0xff, 0xff, 0xff,
  0xff, 0xff, 0xff, 0x78, 0x00, 0x00, 0x00, 0x00, 0x68, 0xff, 0xff, 0xff,
  0xff, 0xff, 0xff, 0xff, 0xff, 0xff, 0xff, 0xff, 0xff, 0xff, 0xff, 0xff,
  0xff, 0x78, 0x00, 0x00, 0x00, 0x00, 0x00, 0x00, 0x00, 0x00, 0x00, 0x00,
  0x00, 0x90, 0xff, 0xff, 0x94, 0x00, 0x00, 0x00, 0x00, 0x00, 0x00, 0x00,
  0x00, 0x00, 0x00, 0x00, 0x00, 0x00, 0x00, 0x00, 0x00, 0x00, 0x00, 0x90,
  0xff, 0xff, 0x94, 0x00, 0x00, 0x00, 0x00, 0x00, 0x00, 0x00, 0x00, 0x00,
  0x00, 0x00, 0x00, 0x00, 0x00, 0x00, 0x00, 0x00, 0x00, 0x90, 0xff, 0xff,
  0x94, 0x00, 0x00, 0x00, 0x00, 0x00, 0x00, 0x00, 0x00, 0x00, 0x00, 0x00,
  0x00, 0x00, 0x00, 0x00, 0x00, 0x00, 0x00, 0x90, 0xff, 0xff, 0x94, 0x00,
  0x00, 0x00, 0x00, 0x00, 0x00, 0x00, 0x00, 0x00, 0x84, 0xc0, 0xc0, 0xc0,
  0xc0, 0xc0, 0xc0, 0xc0, 0xc0, 0xe4, 0xff, 0xff, 0xe5, 0xc0, 0xc0, 0xc0,
  0xc0, 0xc0, 0xc0, 0xc0, 0xc0, 0x99, 0xb0, 0xff, 0xff, 0xff, 0xff, 0xff,
  0xff, 0xff, 0xff, 0xff, 0xff, 0xff, 0xff, 0xff, 0xff, 0xff, 0xff, 0xff,
  0xff, 0xff, 0xff, 0xcc, 0xb0, 0xff, 0xff, 0xff, 0xff, 0xff, 0xff, 0xff,
  0xff, 0xff, 0xff, 0xff, 0xff, 0xff, 0xff, 0xff, 0xff, 0xff, 0xff, 0xff,
  0xff, 0xcc, 0x00, 0x00, 0x00, 0x00, 0x00, 0x00, 0x00, 0x00, 0x00, 0x00,
  0x59, 0xa8, 0xa8, 0x3f, 0x00, 0x00, 0x00, 0x00, 0x00, 0x00, 0x00, 0x00,
  0x00, 0x00, 0x00, 0x00, 0x00, 0x00, 0x00, 0x00, 0x00, 0x00, 0x00, 0x00,
  0x88, 0xff, 0xff, 0x60, 0x00, 0x00, 0x00, 0x00, 0x00, 0x00, 0x00, 0x00,
  0x00, 0x00, 0x00, 0x7c, 0xff, 0xff, 0xff, 0xff, 0xff, 0xff, 0xff, 0xff,
  0xff, 0xff, 0xff, 0xff, 0xff, 0xff, 0xff, 0xff, 0xff, 0xff, 0xff, 0xff,
  0x88, 0x00, 0x00, 0x7c, 0xff, 0xff, 0xff, 0xff, 0xff, 0xff, 0xff, 0xff,
  0xff, 0xff, 0xff, 0xff, 0xff, 0xff, 0xff, 0xff, 0xff, 0xff, 0xff, 0xff,
  0x88, 0x00, 0x00, 0x1d, 0x3c, 0x3c, 0x3c, 0x3c, 0x3c, 0x3c, 0x3c, 0x3c,
  0xa4, 0xff, 0xff, 0x85, 0x3c, 0x3c, 0x3c, 0x3c, 0x3c, 0x3c, 0x3c, 0x3c,
  0x1f, 0x00, 0x00, 0x00, 0x00, 0x0a, 0xe0, 0xe0, 0xe0, 0xe0, 0xe0, 0xe0,
  0xf1, 0xff, 0xff, 0xec, 0xe0, 0xe0, 0xe0, 0xe0, 0xe0, 0xe0, 0x2a, 0x00,
  0x00, 0x00, 0x00, 0x00, 0x00, 0x0c, 0xff, 0xff, 0xff, 0xff, 0xff, 0xff,
  0xff, 0xff, 0xff, 0xff, 0xff, 0xff, 0xff, 0xff, 0xff, 0xff, 0x30, 0x00,
  0x00, 0x00, 0x00, 0x00, 0x00, 0x0c, 0xff, 0xff, 0xb4, 0x00, 0x00, 0x00,
  0x88, 0xff, 0xff, 0x60, 0x00, 0x00, 0x00, 0xc0, 0xff, 0xff, 0x30, 0x00,
  0x00, 0x00, 0x00, 0x00, 0x00, 0x0c, 0xff, 0xff, 0xff, 0xff, 0xff, 0xff,
  0xff, 0xff, 0xff, 0xff, 0xff, 0xff, 0xff, 0xff, 0xff, 0xff, 0x30, 0x00,
  0x00, 0x00, 0x00, 0x00, 0x00, 0x0a, 0xdc, 0xdc, 0xdc, 0xdc, 0xdc, 0xdc,
  0xef, 0xff, 0xff, 0xe9, 0xdc, 0xdc, 0xdc, 0xdc, 0xdc, 0xdc, 0x29, 0x00,
  0x00, 0x00, 0x00, 0x00, 0x00, 0x00, 0x00, 0x00, 0x00, 0x00, 0x00, 0x00,
  0x88, 0xff, 0xff, 0x60, 0x00, 0x00, 0x00, 0x00, 0x00, 0x00, 0x00, 0x00,
  0x00, 0x00, 0x00, 0x00, 0x00, 0xa4, 0xff, 0xff, 0xff, 0xff, 0xff, 0xff,
  0xff, 0xff, 0xff, 0xff, 0xff, 0xff, 0xff, 0xff, 0xff, 0xff, 0x98, 0x00,
  0x00, 0x00, 0x00, 0x00, 0x00, 0x97, 0xec, 0xec, 0xec, 0xec, 0xec, 0xec,
  0xf6, 0xff, 0xff, 0xf3, 0xec, 0xec, 0xec, 0xf2, 0xff, 0xff, 0x98, 0x00,
  0x00, 0x00, 0x00, 0x00, 0x00, 0x00, 0x00, 0x00, 0x00, 0x00, 0x00, 0x00,
  0x88, 0xff, 0xff, 0x60, 0x00, 0x00, 0x00, 0x50, 0xff, 0xff, 0x98, 0x00,
  0x00, 0x00, 0x0c, 0xff, 0xff, 0xff, 0xff, 0xff, 0xff, 0xff, 0xff, 0xff,
  0xff, 0xff, 0xff, 0xff, 0xff, 0xff, 0xff, 0xff, 0xff, 0xff, 0xff, 0xff,
  0xff, 0x18, 0x0c, 0xff, 0xff, 0xff, 0xff, 0xff, 0xff, 0xff, 0xff, 0xff,
  0xff, 0xff, 0xff, 0xff, 0xff, 0xff, 0xff, 0xff, 0xff, 0xff, 0xff, 0xff,
  0xff, 0x18, 0x02, 0x2c, 0x2c, 0x2c, 0x2c, 0x2c, 0x2c, 0x2c, 0x2c, 0x2c,
  0x9c, 0xff, 0xff, 0x7b, 0x2c, 0x2c, 0x2c, 0x6e, 0xff, 0xff, 0xa9, 0x2c,
  0x2c, 0x04, 0x00, 0x00, 0x00, 0xd4, 0xff, 0xff, 0xff, 0xff, 0xff, 0xff,
  0xff, 0xff, 0xff, 0xff, 0xff, 0xff, 0xff, 0xff, 0xff, 0xff, 0x98, 0x00,
  0x00, 0x00, 0x00, 0x00, 0x00, 0xd4, 0xff, 0xff, 0xff, 0xff, 0xff, 0xff,
  0xff, 0xff, 0xff, 0xff, 0xff, 0xff, 0xff, 0xff, 0xff, 0xff, 0x98, 0x00,
  0x00, 0x00, 0x00, 0x00, 0x00, 0x0d, 0x10, 0x10, 0x10, 0x10, 0x10, 0x10,
  0x91, 0xff, 0xff, 0x69, 0x10, 0x10, 0x10, 0x5b, 0xff, 0xff, 0x98, 0x00,
  0x00, 0x00, 0x00, 0x00, 0x00, 0x00, 0x00, 0x00, 0x02, 0x92, 0x9a, 0x98,
  0xe3, 0xff, 0xff, 0x4f, 0x00, 0x00, 0x00, 0x03, 0x0c, 0x0c, 0x07, 0x00,
  0x00, 0x00, 0x00, 0x00, 0x00, 0x00, 0x00, 0x00, 0x00, 0x8d, 0xff, 0xff,
  0xff, 0xff, 0xdf, 0x0e, 0x00, 0x00, 0x00, 0x00, 0x00, 0x00, 0x00, 0x00,
  0x00, 0x00, 0x00, 0x00, 0x00, 0x00, 0x00, 0x00, 0x00, 0x28, 0x9a, 0x95,
  0x87, 0x5d, 0x0d, 0x00, 0x00, 0x00, 0x00, 0x00, 0x00, 0x00, 0x00, 0x00,
  0x00, 0x00, 0x00, 0x00, 0x00, 0x00, 0x00, 0x23, 0x5b, 0x0f, 0x00, 0x00,
  0x00, 0x00, 0x00, 0x00, 0x4f, 0x58, 0x55, 0x00, 0x00, 0x00, 0x00, 0x00,
  0x00, 0x00, 0x00, 0x00, 0x00, 0x00, 0x00, 0x8d, 0xff, 0xfa, 0x57, 0x00,
  0x31, 0x04, 0x00, 0x00, 0xe8, 0xff, 0xf8, 0x00, 0x00, 0x00, 0x00, 0x00,
  0x00, 0x00, 0x00, 0x00, 0x00, 0x00, 0x0b, 0xed, 0xff, 0xf9, 0x16, 0x27,
  0xff, 0xf6, 0x91, 0x00, 0xe8, 0xff, 0xf8, 0x00, 0x00, 0x00, 0x00, 0x00,
  0x00, 0x00, 0x00, 0x00, 0x00, 0x00, 0x73, 0xff, 0xff, 0xa5, 0x00, 0x62,
  0xff, 0xff, 0x85, 0x00, 0xe8, 0xff, 0xf8, 0x00, 0x00, 0x00, 0x00, 0x00,
  0x00, 0x00, 0x00, 0x00, 0x00, 0x14, 0xed, 0xff, 0xfe, 0x2e, 0x00, 0x9d,
  0xff, 0xff, 0x48, 0x00, 0xe8, 0xff, 0xf8, 0x00, 0x00, 0x00, 0x00, 0x00,
  0x00, 0x00, 0x00, 0x00, 0x00, 0x9c, 0xff, 0xff, 0xab, 0x00, 0x04, 0xea,
  0xff, 0xff, 0xc1, 0xb8, 0xf9, 0xff, 0xfd, 0xb8, 0xb8, 0xb8, 0xb8, 0xb5,
  0x00, 0x00, 0x00, 0x00, 0x37, 0xfe, 0xff, 0xff, 0x41, 0x00, 0x47, 0xff,
  0xff, 0xff, 0xff, 0xff, 0xff, 0xff, 0xff, 0xff, 0xff, 0xff, 0xff, 0xfc,
  0x00, 0x00, 0x00, 0x0d, 0xda, 0xff, 0xff, 0xff, 0x38, 0x00, 0xa2, 0xff,
  0xff, 0xff, 0xff, 0xff, 0xff, 0xff, 0xff, 0xff, 0xff, 0xff, 0xff, 0xfc,
  0x00, 0x00, 0x02, 0xaf, 0xff, 0xff, 0xff, 0xff, 0x38, 0x1b, 0xf9, 0xff,
  0xec, 0x07, 0x00, 0x00, 0xe8, 0xff, 0xf8, 0x00, 0x00, 0x00, 0x00, 0x00,
  0x00, 0x00, 0x4a, 0xff, 0xff, 0xff, 0xff, 0xff, 0x38, 0x92, 0xff, 0xff,
  0x8c, 0x00, 0x00, 0x00, 0xe8, 0xff, 0xf8, 0x00, 0x00, 0x00, 0x00, 0x00,
  0x00, 0x00, 0x01, 0xce, 0xff, 0xf0, 0xff, 0xff, 0x38, 0x08, 0x79, 0xe9,
  0x18, 0x00, 0x00, 0x00, 0xe8, 0xff, 0xf8, 0x00, 0x00, 0x00, 0x00, 0x00,
  0x00, 0x00, 0x00, 0x4f, 0xc0, 0x85, 0xff, 0xff, 0x38, 0x00, 0x00, 0x0a,
  0x00, 0x00, 0x00, 0x00, 0xe8, 0xff, 0xf8, 0x00, 0x00, 0x00, 0x00, 0x00,
  0x00, 0x00, 0x00, 0x02, 0x0f, 0x80, 0xff, 0xff, 0x38, 0x49, 0xbc, 0xbc,
  0xbc, 0xbc, 0xbc, 0xbc, 0xf9, 0xff, 0xfd, 0xbc, 0xbc, 0xbc, 0xbc, 0xbc,
  0xbc, 0x14, 0x00, 0x00, 0x00, 0x80, 0xff, 0xff, 0x38, 0x64, 0xff, 0xff,
  0xff, 0xff, 0xff, 0xff, 0xff, 0xff, 0xff, 0xff, 0xff, 0xff, 0xff, 0xff,
  0xff, 0x1c, 0x00, 0x00, 0x00, 0x80, 0xff, 0xff, 0x38, 0x64, 0xff, 0xff,
  0xff, 0xff, 0xff, 0xff, 0xff, 0xff, 0xff, 0xff, 0xff, 0xff, 0xff, 0xff,
  0xff, 0x1c, 0x00, 0x00, 0x00, 0x80, 0xff, 0xff, 0x38, 0x00, 0x00, 0x00,
  0x00, 0x00, 0x00, 0x00, 0xe8, 0xff, 0xf8, 0x00, 0x00, 0x00, 0x00, 0x00,
  0x00, 0x00, 0x00, 0x00, 0x00, 0x80, 0xff, 0xff, 0x38, 0x00, 0x00, 0x00,
  0x00, 0x00, 0x00, 0x00, 0xe8, 0xff, 0xf8, 0x00, 0x00, 0x00, 0x00, 0x00,
  0x00, 0x00, 0x00, 0x00, 0x00, 0x80, 0xff, 0xff, 0x38, 0x00, 0x00, 0x00,
  0x00, 0x00, 0x00, 0x00, 0xe8, 0xff, 0xf8, 0x00, 0x00, 0x00, 0x00, 0x00,
  0x00, 0x00, 0x00, 0x00, 0x00, 0x80, 0xff, 0xff, 0x38, 0x00, 0x00, 0x00,
  0x00, 0x00, 0x00, 0x00, 0xe8, 0xff, 0xf8, 0x00, 0x00, 0x00, 0x00, 0x00,
  0x00, 0x00, 0x00, 0x00, 0x00, 0x80, 0xff, 0xff, 0x38, 0x00, 0x00, 0x00,
  0x00, 0x00, 0x00, 0x00, 0xe8, 0xff, 0xf8, 0x00, 0x00, 0x00, 0x00, 0x00,
  0x00, 0x00, 0x00, 0x00, 0x00, 0x80, 0xff, 0xff, 0x38, 0x00, 0x00, 0x00,
  0x00, 0x00, 0x00, 0x00, 0xe8, 0xff, 0xf8, 0x00, 0x00, 0x00, 0x00, 0x00,
  0x00, 0x00, 0x00, 0x00, 0x00, 0x80, 0xff, 0xff, 0x38, 0x00, 0x00, 0x00,
  0x00, 0x00, 0x00, 0x00, 0xe8, 0xff, 0xf8, 0x00, 0x00, 0x00, 0x00, 0x00,
  0x00, 0x00, 0x00, 0x00, 0x00, 0x50, 0xa0, 0xa0, 0x23, 0x00, 0x00, 0x00,
  0x00, 0x00, 0x00, 0x00, 0x98, 0xa8, 0xa2, 0x00, 0x00, 0x00, 0x00, 0x00,
  0x00, 0x00, 0x00, 0x00, 0x00, 0x00, 0x00, 0x09, 0x6b, 0x1d, 0x00, 0x00,
  0x00, 0x00, 0x3f, 0x21, 0x00, 0x00, 0x00, 0x00, 0x00, 0x00, 0x00, 0x00,
  0x00, 0x00, 0x00, 0x00, 0x00, 0x00, 0x00, 0x5f, 0xff, 0xff, 0x95, 0x00,
  0x00, 0x07, 0xef, 0xff, 0xda, 0x06, 0x00, 0x00, 0x00, 0x00, 0x00, 0x00,
  0x00, 0x00, 0x00, 0x00, 0x00, 0x00, 0x00, 0xcb, 0xff, 0xff, 0x53, 0x00,
  0x00, 0x56, 0xff, 0xff, 0xb0, 0x00, 0x00, 0x00, 0x00, 0x00, 0x00, 0x00,
  0x00, 0x00, 0x00, 0x00, 0x00, 0x00, 0x48, 0xff, 0xff, 0xe4, 0x04, 0x00,
  0x00, 0xc4, 0xff, 0xff, 0x49, 0x00, 0x00, 0x00, 0x00, 0x00, 0x00, 0x00,
  0x00, 0x00, 0x00, 0x00, 0x00, 0x05, 0xd4, 0xff, 0xff, 0x6e, 0x00, 0x00,
  0x44, 0xff, 0xff, 0xfe, 0xa9, 0xa8, 0xa8, 0xa8, 0xa8, 0xa8, 0xa8, 0xa8,
  0xa8, 0x2a, 0x00, 0x00, 0x00, 0x76, 0xff, 0xff, 0xe3, 0x07, 0x00, 0x02,
  0xd0, 0xff, 0xff, 0xff, 0xff, 0xff, 0xff, 0xff, 0xff, 0xff, 0xff, 0xff,
  0xff, 0x40, 0x00, 0x00, 0x1d, 0xf4, 0xff, 0xff, 0x8c, 0x00, 0x00, 0x63,
  0xff, 0xff, 0xff, 0xff, 0xff, 0xff, 0xff, 0xff, 0xff, 0xff, 0xff, 0xff,
  0xff, 0x40, 0x00, 0x04, 0xc3, 0xff, 0xff, 0xff, 0x88, 0x00, 0x18, 0xea,
  0xff, 0xff, 0x4a, 0x7c, 0xff, 0xff, 0x70, 0x00, 0x00, 0x00, 0x00, 0x00,
  0x00, 0x00, 0x00, 0x9b, 0xff, 0xff, 0xff, 0xff, 0x88, 0x04, 0xbd, 0xff,
  0xff, 0xaf, 0x00, 0x7c, 0xff, 0xff, 0x70, 0x00, 0x00, 0x00, 0x00, 0x00,
  0x00, 0x00, 0x3d, 0xff, 0xff, 0xff, 0xff, 0xff, 0x88, 0x79, 0xff, 0xff,
  0xf0, 0x1f, 0x00, 0x7c, 0xff, 0xff, 0x70, 0x00, 0x00, 0x00, 0x00, 0x00,
  0x00, 0x00, 0x00, 0xc2, 0xff, 0xf5, 0xff, 0xff, 0x88, 0x06, 0xa8, 0xff,
  0x50, 0x00, 0x00, 0x7c, 0xff, 0xff, 0xff, 0xff, 0xff, 0xff, 0xff, 0xff,
  0xa8, 0x00, 0x00, 0x40, 0xde, 0x71, 0xff, 0xff, 0x88, 0x00, 0x02, 0x50,
  0x00, 0x00, 0x00, 0x7c, 0xff, 0xff, 0xff, 0xff, 0xff, 0xff, 0xff, 0xff,
  0xa8, 0x00, 0x00, 0x00, 0x1b, 0x5c, 0xff, 0xff, 0x88, 0x00, 0x00, 0x00,
  0x00, 0x00, 0x00, 0x7c, 0xff, 0xff, 0xbe, 0x8c, 0x8c, 0x8c, 0x8c, 0x8c,
  0x5b, 0x00, 0x00, 0x00, 0x00, 0x5c, 0xff, 0xff, 0x88, 0x00, 0x00, 0x00,
  0x00, 0x00, 0x00, 0x7c, 0xff, 0xff, 0x70, 0x00, 0x00, 0x00, 0x00, 0x00,
  0x00, 0x00, 0x00, 0x00, 0x00, 0x5c, 0xff, 0xff, 0x88, 0x00, 0x00, 0x00,
  0x00, 0x00, 0x00, 0x7c, 0xff, 0xff, 0x70, 0x00, 0x00, 0x00, 0x00, 0x00,
  0x00, 0x00, 0x00, 0x00, 0x00, 0x5c, 0xff, 0xff, 0x88, 0x00, 0x00, 0x00,
  0x00, 0x00, 0x00, 0x7c, 0xff, 0xff, 0xff, 0xff, 0xff, 0xff, 0xff, 0xff,
  0xf8, 0x00, 0x00, 0x00, 0x00, 0x5c, 0xff, 0xff, 0x88, 0x00, 0x00, 0x00,
  0x00, 0x00, 0x00, 0x7c, 0xff, 0xff, 0xff, 0xff, 0xff, 0xff, 0xff, 0xff,
  0xf8, 0x00, 0x00, 0x00, 0x00, 0x5c, 0xff, 0xff, 0x88, 0x00, 0x00, 0x00,
  0x00, 0x00, 0x00, 0x7c, 0xff, 0xff, 0xc5, 0x98, 0x98, 0x98, 0x98, 0x98,
  0x93, 0x00, 0x00, 0x00, 0x00, 0x5c, 0xff, 0xff, 0x88, 0x00, 0x00, 0x00,
  0x00, 0x00, 0x00, 0x7c, 0xff, 0xff, 0x70, 0x00, 0x00, 0x00, 0x00, 0x00,
  0x00, 0x00, 0x00, 0x00, 0x00, 0x5c, 0xff, 0xff, 0x88, 0x00, 0x00, 0x00,
  0x00, 0x00, 0x00, 0x7c, 0xff, 0xff, 0x70, 0x00, 0x00, 0x00, 0x00, 0x00,
  0x00, 0x00, 0x00, 0x00, 0x00, 0x5c, 0xff, 0xff, 0x88, 0x00, 0x00, 0x00,
  0x00, 0x00, 0x00, 0x7c, 0xff, 0xff, 0x70, 0x00, 0x00, 0x00, 0x00, 0x00,
  0x00, 0x00, 0x00, 0x00, 0x00, 0x5c, 0xff, 0xff, 0x88, 0x00, 0x00, 0x00,
  0x00, 0x00, 0x00, 0x7c, 0xff, 0xff, 0x70, 0x00, 0x00, 0x00, 0x00, 0x00,
  0x00, 0x00, 0x00, 0x00, 0x00, 0x39, 0xa0, 0xa0, 0x55, 0x00, 0x00, 0x00,
  0x00, 0x00, 0x00, 0x51, 0xa8, 0xa8, 0x49, 0x00, 0x00, 0x00, 0x00, 0x00,
  0x00, 0x00, 0x00, 0x00, 0x00, 0x00, 0x08, 0x70, 0x24, 0x00, 0x00, 0x00,
  0x00, 0x00, 0x00, 0x7b, 0x61, 0x25, 0x00, 0x00, 0x00, 0x00, 0x00, 0x00,
  0x00, 0x00, 0x00, 0x00, 0x00, 0x00, 0x57, 0xff, 0xff, 0x7e, 0x00, 0x00,
  0x00, 0x00, 0x27, 0xff, 0xff, 0xae, 0x00, 0x00, 0x00, 0x00, 0x00, 0x00,
  0x00, 0x00, 0x00, 0x00, 0x00, 0x00, 0xb7, 0xff, 0xff, 0x34, 0x00, 0x00,
  0x00, 0x00, 0xa2, 0xff, 0xff, 0x4f, 0x00, 0x00, 0x00, 0x00, 0x00, 0x00,
  0x00, 0x00, 0x00, 0x00, 0x00, 0x19, 0xfc, 0xff, 0xd3, 0x63, 0x84, 0x5e,
  0x00, 0x33, 0xfd, 0xff, 0xff, 0xff, 0xff, 0xff, 0xff, 0xff, 0xff, 0xff,
  0xec, 0x00, 0x00, 0x00, 0x00, 0x8c, 0xff, 0xff, 0x6a, 0xc0, 0xff, 0xb8,
  0x09, 0xd6, 0xff, 0xff, 0xff, 0xff, 0xff, 0xff, 0xff, 0xff, 0xff, 0xff,
  0xec, 0x00, 0x00, 0x00, 0x18, 0xf6, 0xff, 0xf6, 0x0d, 0xc0, 0xff, 0xba,
  0xad, 0xff, 0xff, 0xff, 0x76, 0x48, 0x48, 0x63, 0xfc, 0xff, 0xe8, 0x4b,
  0x42, 0x00, 0x00, 0x00, 0x92, 0xff, 0xff, 0xe8, 0x00, 0xc0, 0xff, 0xfd,
  0xff, 0xff, 0xff, 0xff, 0xe7, 0x2f, 0x0b, 0xc5, 0xff, 0xff, 0x55, 0x00,
  0x00, 0x00, 0x00, 0x2c, 0xf9, 0xff, 0xff, 0xe8, 0x00, 0xc0, 0xff, 0xcf,
  0xc8, 0xe0, 0x35, 0xd2, 0xff, 0xf4, 0xd0, 0xff, 0xff, 0x96, 0x00, 0x00,
  0x00, 0x00, 0x06, 0xcb, 0xff, 0xff, 0xff, 0xe8, 0x00, 0xc0, 0xff, 0xb8,
  0x06, 0x16, 0x00, 0x1e, 0xef, 0xff, 0xff, 0xff, 0xc7, 0x03, 0x00, 0x00,
  0x00, 0x00, 0x7d, 0xff, 0xff, 0xff, 0xff, 0xe8, 0x00, 0xc0, 0xff, 0xb8,
  0x00, 0x2b, 0x85, 0xed, 0xff, 0xff, 0xff, 0xff, 0xff, 0xdb, 0x7a, 0x2f,
  0x02, 0x00, 0x3c, 0xff, 0xff, 0xf7, 0xff, 0xe8, 0x00, 0xc0, 0xff, 0xe8,
  0xdf, 0xff, 0xff, 0xff, 0xff, 0xca, 0x71, 0xd6, 0xff, 0xff, 0xff, 0xff,
  0xf2, 0x52, 0x00, 0xce, 0x9c, 0xd0, 0xff, 0xe8, 0x00, 0xc0, 0xff, 0xbe,
  0xc9, 0xff, 0xfe, 0xc3, 0x50, 0x02, 0x5e, 0x29, 0x59, 0xc1, 0xfc, 0xff,
  0xc7, 0x02, 0x00, 0x40, 0x09, 0xd0, 0xff, 0xe8, 0x00, 0xc0, 0xff, 0xb8,
  0x27, 0x75, 0x1d, 0x00, 0x43, 0xc6, 0xff, 0xfb, 0x41, 0x00, 0x11, 0x5a,
  0x2b, 0x00, 0x00, 0x00, 0x00, 0xd0, 0xff, 0xe8, 0x00, 0xc0, 0xff, 0xb8,
  0x00, 0x21, 0x72, 0xd0, 0xff, 0xff, 0xdc, 0x43, 0x22, 0x2a, 0x00, 0x00,
  0x00, 0x00, 0x00, 0x00, 0x00, 0xd0, 0xff, 0xe8, 0x00, 0xc0, 0xff, 0xb8,
  0x00, 0x6d, 0xff, 0xff, 0xdd, 0x6c, 0x07, 0x58, 0xed, 0xff, 0x89, 0x00,
  0x00, 0x00, 0x00, 0x00, 0x00, 0xd0, 0xff, 0xe8, 0x00, 0xc0, 0xff, 0xb8,
  0x00, 0x00, 0x63, 0x43, 0x0d, 0x65, 0xcf, 0xff, 0xff, 0xa6, 0x08, 0x00,
  0x00, 0x00, 0x00, 0x00, 0x00, 0xd0, 0xff, 0xe8, 0x00, 0xc0, 0xff, 0xb8,
  0x00, 0x21, 0x67, 0xaa, 0xf0, 0xff, 0xff, 0xd9, 0x4c, 0x05, 0x88, 0x64,
  0x0c, 0x00, 0x00, 0x00, 0x00, 0xd0, 0xff, 0xe8, 0x00, 0xc0, 0xff, 0xb8,
  0x00, 0x4d, 0xfd, 0xff, 0xff, 0xc0, 0x54, 0x04, 0x2c, 0xc3, 0xff, 0xff,
  0xb9, 0x01, 0x00, 0x00, 0x00, 0xd0, 0xff, 0xe8, 0x00, 0x8a, 0xb8, 0x84,
  0x00, 0x00, 0x6b, 0x6a, 0x1c, 0x01, 0x3d, 0xa7, 0xfc, 0xff, 0xff, 0xb3,
  0x0d, 0x00, 0x00, 0x00, 0x00, 0xd0, 0xff, 0xe8, 0x00, 0x00, 0x00, 0x00,
  0x00, 0x04, 0x2d, 0x5e, 0x98, 0xe4, 0xff, 0xff, 0xff, 0xef, 0x6a, 0x01,
  0x00, 0x00, 0x00, 0x00, 0x00, 0xd0, 0xff, 0xe8, 0x00, 0x00, 0x00, 0x00,
  0x9a, 0xf8, 0xff, 0xff, 0xff, 0xff, 0xff, 0xde, 0x7b, 0x10, 0x00, 0x00,
  0x00, 0x00, 0x00, 0x00, 0x00, 0xd0, 0xff, 0xe8, 0x00, 0x00, 0x00, 0x00,
  0x29, 0xfa, 0xff, 0xff, 0xd9, 0x90, 0x38, 0x00, 0x00, 0x00, 0x00, 0x00,
  0x00, 0x00, 0x00, 0x00, 0x00, 0x82, 0xa0, 0x91, 0x00, 0x00, 0x00, 0x00,
  0x00, 0x59, 0x4f, 0x14, 0x00, 0x00, 0x00, 0x00, 0x00, 0x00, 0x00, 0x00,
  0x00, 0x00, 0x00, 0x00, 0x00, 0x00, 0x49, 0x60, 0x1a, 0x00, 0x00, 0x00,
  0x00, 0x00, 0x00, 0x00, 0x00, 0x00, 0x00, 0x00, 0x00, 0x09, 0x54, 0x54,
  0x24, 0x00, 0x00, 0x00, 0x00, 0xc1, 0xff, 0xfc, 0xff, 0xff, 0xff, 0xff,
  0xff, 0xff, 0xff, 0xff, 0x98, 0x3c, 0x64, 0x51, 0x1c, 0xff, 0xff, 0x70,
  0x00, 0x00, 0x00, 0x15, 0xfc, 0xff, 0xc0, 0xfc, 0xff, 0xff, 0xff, 0xff,
  0xff, 0xff, 0xff, 0x98, 0x9c, 0xff, 0xd0, 0x1c, 0xff, 0xff, 0x70, 0x00,
  0x00, 0x00, 0x65, 0xff, 0xff, 0x6d, 0x6e, 0xa0, 0xff, 0xff, 0xa9, 0x70,
  0x70, 0x70, 0x42, 0x9c, 0xff, 0xd0, 0x1c, 0xff, 0xff, 0x70, 0x00, 0x00,
  0x00, 0xcf, 0xff, 0xf9, 0x13, 0x00, 0xa0, 0xff, 0xfa, 0x19, 0x47, 0xb1,
  0x17, 0x00, 0x9c, 0xff, 0xd0, 0x1c, 0xff, 0xff, 0x70, 0x00, 0x00, 0x45,
  0xff, 0xff, 0xa8, 0x00, 0x0d, 0xf3, 0xff, 0xa6, 0x07, 0xe0, 0xff, 0x96,
  0x00, 0x9c, 0xff, 0xd0, 0x1c, 0xff, 0xff, 0x70, 0x00, 0x00, 0xb9, 0xff,
  0xff, 0x6c, 0x00, 0x74, 0xff, 0xfe, 0x2d, 0x19, 0x99, 0xff, 0xfb, 0x26,
  0x9c, 0xff, 0xd0, 0x1c, 0xff, 0xff, 0x70, 0x00, 0x3f, 0xff, 0xff, 0xff,
  0x6c, 0x32, 0xf3, 0xff, 0xf8, 0xe6, 0xff, 0xff, 0xff, 0xff, 0x9e, 0x9c,
  0xff, 0xd0, 0x1c, 0xff, 0xff, 0x70, 0x07, 0xd3, 0xff, 0xff, 0xff, 0x6c,
  0x52, 0xff, 0xff, 0xff, 0xff, 0xff, 0xff, 0xf5, 0xff, 0xf9, 0xaf, 0xff,
  0xd0, 0x1c, 0xff, 0xff, 0x70, 0x6f, 0xff, 0xff, 0xff, 0xff, 0x6c, 0x09,
  0xf4, 0xf1, 0xb9, 0x83, 0x4f, 0x1c, 0x1b, 0xfd, 0xf8, 0xdd, 0xff, 0xd0,
  0x1c, 0xff, 0xff, 0x70, 0x23, 0xfd, 0xff, 0xff, 0xff, 0x6c, 0x00, 0x36,
  0x04, 0x4f, 0xc4, 0xc4, 0x2d, 0x00, 0x67, 0x19, 0x9c, 0xff, 0xd0, 0x1c,
  0xff, 0xff, 0x70, 0x00, 0xb5, 0xc2, 0xff, 0xff, 0x6c, 0x00, 0x00, 0x00,
  0x68, 0xff, 0xff, 0x3c, 0x00, 0x00, 0x00, 0x9c, 0xff, 0xd0, 0x1c, 0xff,
  0xff, 0x70, 0x00, 0x38, 0x39, 0xff, 0xff, 0x6c, 0x28, 0x6c, 0x6c, 0xa8,
  0xff, 0xff, 0x8e, 0x6c, 0x6c, 0x3b, 0x9c, 0xff, 0xd0, 0x1c, 0xff, 0xff,
  0x70, 0x00, 0x00, 0x30, 0xff, 0xff, 0x6c, 0x60, 0xff, 0xff, 0xff, 0xff,
  0xff, 0xff, 0xff, 0xff, 0x8c, 0x9c, 0xff, 0xd0, 0x1c, 0xff, 0xff, 0x70,
  0x00, 0x00, 0x30, 0xff, 0xff, 0x6c, 0x60, 0xff, 0xff, 0xff, 0xff, 0xff,
  0xff, 0xff, 0xff, 0x8c, 0x9c, 0xff, 0xd0, 0x1c, 0xff, 0xff, 0x70, 0x00,
  0x00, 0x30, 0xff, 0xff, 0x6c, 0x00, 0x00, 0x00, 0x68, 0xff, 0xff, 0x3c,
  0x00, 0x00, 0x00, 0x9c, 0xff, 0xd0, 0x1c, 0xff, 0xff, 0x70, 0x00, 0x00,
  0x30, 0xff, 0xff, 0x6c, 0x00, 0x00, 0x00, 0x68, 0xff, 0xff, 0x3c, 0x00,
  0x00, 0x00, 0x9c, 0xff, 0xd0, 0x1c, 0xff, 0xff, 0x70, 0x00, 0x00, 0x30,
  0xff, 0xff, 0x6c, 0x00, 0x00, 0x00, 0x68, 0xff, 0xff, 0x3c, 0x00, 0x21,
  0x40, 0x18, 0x28, 0x20, 0x1c, 0xff, 0xff, 0x70, 0x00, 0x00, 0x30, 0xff,
  0xff, 0x6c, 0x00, 0x00, 0x06, 0x7e, 0xff, 0xff, 0xd1, 0xee, 0xff, 0xda,
  0x00, 0x00, 0x00, 0x1c, 0xff, 0xff, 0x70, 0x00, 0x00, 0x30, 0xff, 0xff,
  0x6c, 0xa6, 0xd4, 0xfb, 0xff, 0xff, 0xff, 0xff, 0xff, 0xff, 0xeb, 0x0c,
  0x10, 0x0c, 0x37, 0xff, 0xff, 0x6c, 0x00, 0x00, 0x30, 0xff, 0xff, 0x6c,
  0xd9, 0xff, 0xff, 0xff, 0xff, 0xf0, 0xbc, 0x85, 0x4f, 0x18, 0x60, 0xff,
  0xff, 0xff, 0xff, 0xff, 0x52, 0x00, 0x00, 0x30, 0xff, 0xff, 0x6c, 0xa4,
  0xc6, 0x90, 0x5c, 0x27, 0x01, 0x00, 0x00, 0x00, 0x00, 0x08, 0xf4, 0xff,
  0xff, 0xff, 0xc1, 0x08, 0x00, 0x00, 0x1e, 0xa0, 0xa0, 0x43, 0x00, 0x00,
  0x00, 0x00, 0x00, 0x00, 0x00, 0x00, 0x00, 0x00, 0x00, 0x52, 0x66, 0x59,
  0x2f, 0x00, 0x00, 0x00, 0x00, 0x00, 0x00, 0x00, 0x38, 0x4e, 0x09, 0x00,
  0x00, 0x00, 0x00, 0x00, 0x22, 0x70, 0xb5, 0x30, 0x00, 0x00, 0x00, 0x00,
  0x00, 0x00, 0x00, 0x00, 0x00, 0x00, 0x00, 0x00, 0xb5, 0xff, 0xf4, 0x19,
  0x00, 0x00, 0x00, 0x00, 0x4f, 0xff, 0xff, 0xba, 0x00, 0x00, 0x00, 0x00,
  0x00, 0x00, 0x00, 0x00, 0x00, 0x00, 0x00, 0x20, 0xfc, 0xff, 0xdb, 0xff,
  0xff, 0xff, 0xff, 0xff, 0xff, 0xff, 0xff, 0xff, 0xff, 0xff, 0xff, 0xff,
  0xff, 0xe4, 0x00, 0x00, 0x00, 0x00, 0x00, 0x92, 0xff, 0xff, 0x71, 0xff,
  0xff, 0xff, 0xff, 0xff, 0xff, 0xff, 0xff, 0xff, 0xff, 0xff, 0xff, 0xff,
  0xff, 0xe4, 0x00, 0x00, 0x00, 0x00, 0x23, 0xf8, 0xff, 0xe0, 0x0d, 0x50,
  0x50, 0x50, 0x50, 0x50, 0x50, 0x50, 0x50, 0x50, 0x50, 0x50, 0x50, 0x50,
  0x50, 0x47, 0x00, 0x00, 0x00, 0x00, 0xaf, 0xff, 0xff, 0x68, 0x00, 0x00,
  0x00, 0x00, 0x00, 0x00, 0x00, 0x00, 0x00, 0x00, 0x00, 0x00, 0x00, 0x00,
  0x00, 0x00, 0x00, 0x00, 0x00, 0x42, 0xff, 0xff, 0xf8, 0x07, 0x00, 0x00,
  0xa0, 0xf4, 0xf4, 0xf4, 0xf4, 0xf4, 0xf4, 0xf4, 0xf4, 0xf4, 0xf4, 0xf4,
  0x40, 0x00, 0x00, 0x00, 0x0d, 0xdd, 0xff, 0xff, 0xf4, 0x00, 0x00, 0x00,
  0xa8, 0xff, 0xff, 0xff, 0xff, 0xff, 0xff, 0xff, 0xff, 0xff, 0xff, 0xff,
  0x44, 0x00, 0x00, 0x01, 0xab, 0xff, 0xff, 0xff, 0xf4, 0x00, 0x00, 0x00,
  0xa8, 0xff, 0xec, 0x00, 0x00, 0x00, 0x00, 0x00, 0x00, 0x78, 0xff, 0xff,
  0x44, 0x00, 0x00, 0x3e, 0xff, 0xff, 0xff, 0xff, 0xf4, 0x00, 0x00, 0x00,
  0xa8, 0xff, 0xff, 0xff, 0xff, 0xff, 0xff, 0xff, 0xff, 0xff, 0xff, 0xff,
  0x44, 0x00, 0x00, 0x00, 0xc6, 0xff, 0xf6, 0xff, 0xf4, 0x00, 0x00, 0x00,
  0xa0, 0xf4, 0xf4, 0xf4, 0xf4, 0xf4, 0xf4, 0xf4, 0xf4, 0xf4, 0xf4, 0xf4,
  0x40, 0x00, 0x00, 0x00, 0x49, 0xb9, 0xa6, 0xff, 0xf4, 0x00, 0x00, 0x00,
  0x00, 0x00, 0x00, 0x00, 0x00, 0x00, 0x00, 0x00, 0x00, 0x00, 0x00, 0x00,
  0x00, 0x00, 0x00, 0x00, 0x01, 0x0e, 0xa4, 0xff, 0xf4, 0x00, 0xa8, 0xff,
  0xff, 0xff, 0xff, 0xff, 0xff, 0xff, 0xff, 0xff, 0xff, 0xff, 0xff, 0xff,
  0xff, 0xff, 0x1c, 0x00, 0x00, 0x00, 0xa4, 0xff, 0xf4, 0x00, 0xa8, 0xff,
  0xff, 0xff, 0xff, 0xff, 0xff, 0xff, 0xff, 0xff, 0xff, 0xff, 0xff, 0xff,
  0xff, 0xff, 0x1c, 0x00, 0x00, 0x00, 0xa4, 0xff, 0xf4, 0x00, 0xa8, 0xff,
  0xd7, 0x38, 0x38, 0x38, 0x38, 0x38, 0x38, 0x38, 0x38, 0x38, 0x38, 0x92,
  0xff, 0xff, 0x1c, 0x00, 0x00, 0x00, 0xa4, 0xff, 0xf4, 0x00, 0x90, 0xdc,
  0xdf, 0xff, 0xff, 0xff, 0xff, 0xff, 0xff, 0xff, 0xff, 0xff, 0xff, 0xfc,
  0xf8, 0xf8, 0x1b, 0x00, 0x00, 0x00, 0xa4, 0xff, 0xf4, 0x00, 0x00, 0x00,
  0x30, 0xff, 0xff, 0xff, 0xff, 0xff, 0xff, 0xff, 0xff, 0xff, 0xff, 0x98,
  0x00, 0x00, 0x00, 0x00, 0x00, 0x00, 0xa4, 0xff, 0xf4, 0x00, 0x00, 0x00,
  0x0a, 0x38, 0x38, 0x38, 0x47, 0xff, 0xff, 0xd7, 0x38, 0x38, 0x38, 0x21,
  0x00, 0x00, 0x00, 0x00, 0x00, 0x00, 0xa4, 0xff, 0xf4, 0x00, 0x00, 0x00,
  0x00, 0x00, 0x00, 0x00, 0x14, 0xff, 0xff, 0xcc, 0x00, 0x00, 0x00, 0x00,
  0x00, 0x00, 0x00, 0x00, 0x00, 0x00, 0xa4, 0xff, 0xf4, 0x00, 0x00, 0x00,
  0x00, 0x00, 0x00, 0x00, 0x16, 0xff, 0xff, 0xcb, 0x00, 0x00, 0x00, 0x00,
  0x00, 0x00, 0x00, 0x00, 0x00, 0x00, 0xa4, 0xff, 0xf4, 0x00, 0x00, 0x00,
  0x00, 0x39, 0xd9, 0xd4, 0xe0, 0xff, 0xff, 0xbe, 0x00, 0x00, 0x00, 0x00,
  0x00, 0x00, 0x00, 0x00, 0x00, 0x00, 0xa4, 0xff, 0xf4, 0x00, 0x00, 0x00,
  0x00, 0x02, 0xe8, 0xff, 0xff, 0xff, 0xff, 0x69, 0x00, 0x00, 0x00, 0x00,
  0x00, 0x00, 0x00, 0x00, 0x00, 0x00, 0x66, 0xa0, 0x98, 0x00, 0x00, 0x00,
  0x00, 0x00, 0x64, 0x8d, 0x85, 0x6e, 0x2e, 0x00, 0x00, 0x00, 0x00, 0x00,
  0x00, 0x00, 0x00, 0x00, 0x00, 0x00, 0x00, 0x07, 0x86, 0x3f, 0x04, 0x00,
  0x00, 0x00, 0x87, 0x90, 0x72, 0x00, 0x00, 0x2a, 0x90, 0x90, 0x3f, 0x00,
  0x00, 0x00, 0x00, 0x00, 0x00, 0x00, 0x53, 0xff, 0xff, 0x92, 0x00, 0x00,
  0x00, 0xf0, 0xff, 0xcc, 0x00, 0x00, 0x4c, 0xff, 0xff, 0x70, 0x00, 0x00,
  0x00, 0x00, 0x00, 0x00, 0x00, 0xaf, 0xff, 0xff, 0x94, 0xff, 0xff, 0xff,
  0xff, 0xff, 0xff, 0xff, 0xff, 0xff, 0xff, 0xff, 0xff, 0xff, 0xff, 0x60,
  0x00, 0x00, 0x00, 0x12, 0xf9, 0xff, 0xde, 0x59, 0xff, 0xff, 0xff, 0xff,
  0xff, 0xff, 0xff, 0xff, 0xff, 0xff, 0xff, 0xff, 0xff, 0xff, 0x60, 0x00,
  0x00, 0x00, 0x81, 0xff, 0xff, 0x77, 0x32, 0x94, 0x94, 0x94, 0xf9, 0xff,
  0xea, 0x94, 0x94, 0xb4, 0xff, 0xff, 0xc3, 0x94, 0x94, 0x37, 0x00, 0x00,
  0x10, 0xf0, 0xff, 0xfc, 0x14, 0x00, 0x00, 0x00, 0x00, 0xf0, 0xff, 0xcc,
  0x00, 0x00, 0x4c, 0xff, 0xff, 0x70, 0x00, 0x00, 0x00, 0x00, 0x00, 0x80,
  0xff, 0xff, 0xf4, 0x00, 0x00, 0x00, 0x00, 0x00, 0xf0, 0xff, 0xcc, 0x00,
  0x00, 0x4c, 0xff, 0xff, 0x70, 0x00, 0x00, 0x00, 0x00, 0x1e, 0xf4, 0xff,
  0xff, 0xf4, 0x10, 0xff, 0xff, 0xff, 0xff, 0xff, 0xff, 0xff, 0xff, 0xff,
  0xff, 0xff, 0xff, 0xff, 0xff, 0xff, 0xec, 0x02, 0xba, 0xff, 0xff, 0xff,
  0xf4, 0x10, 0xff, 0xff, 0xff, 0xff, 0xff, 0xff, 0xff, 0xff, 0xff, 0xff,
  0xff, 0xff, 0xff, 0xff, 0xff, 0xec, 0x5a, 0xff, 0xff, 0xff, 0xff, 0xf4,
  0x0b, 0xb0, 0xb0, 0xdb, 0xff, 0xff, 0xe2, 0xb0, 0xb0, 0xb0, 0xb0, 0xb0,
  0xb0, 0xb0, 0xb0, 0xb0, 0xa2, 0x12, 0xf4, 0xff, 0xfc, 0xff, 0xf4, 0x00,
  0x00, 0x5e, 0xf8, 0xff, 0xfe, 0x62, 0x34, 0x34, 0x34, 0x34, 0x34, 0x34,
  0x34, 0x34, 0x34, 0x05, 0x00, 0x95, 0xb2, 0xd0, 0xff, 0xf4, 0x1e, 0xa7,
  0xff, 0xff, 0xff, 0xff, 0xff, 0xff, 0xff, 0xff, 0xff, 0xff, 0xff, 0xff,
  0xff, 0xff, 0x1c, 0x00, 0x23, 0x12, 0xd0, 0xff, 0xf7, 0xe5, 0xff, 0xff,
  0xff, 0xff, 0xff, 0xff, 0xff, 0xff, 0xff, 0xff, 0xff, 0xff, 0xff, 0xff,
  0xff, 0x1c, 0x00, 0x00, 0x00, 0xd0, 0xff, 0xf4, 0x6a, 0xff, 0xff, 0xff,
  0xff, 0x8c, 0x00, 0x00, 0xd8, 0xff, 0xbc, 0x00, 0x00, 0x94, 0xff, 0xff,
  0x1c, 0x00, 0x00, 0x00, 0xd0, 0xff, 0xf4, 0x03, 0xc2, 0x83, 0xff, 0xff,
  0xff, 0xff, 0xff, 0xff, 0xff, 0xff, 0xff, 0xff, 0xff, 0xff, 0xff, 0x1c,
  0x00, 0x00, 0x00, 0xd0, 0xff, 0xf4, 0x00, 0x00, 0x3b, 0xff, 0xff, 0xff,
  0xff, 0xff, 0xff, 0xff, 0xff, 0xff, 0xff, 0xff, 0xff, 0xff, 0x1c, 0x00,
  0x00, 0x00, 0xd0, 0xff, 0xf4, 0x00, 0x00, 0x47, 0xff, 0xff, 0x82, 0x0c,
  0x0c, 0xd9, 0xff, 0xbf, 0x0c, 0x0c, 0x99, 0xff, 0xff, 0x1c, 0x00, 0x00,
  0x00, 0xd0, 0xff, 0xf4, 0x00, 0x00, 0x5a, 0xff, 0xff, 0xff, 0xff, 0xff,
  0xff, 0xff, 0xff, 0xff, 0xff, 0xff, 0xff, 0xff, 0x1c, 0x00, 0x00, 0x00,
  0xd0, 0xff, 0xf4, 0x00, 0x00, 0x88, 0xff, 0xff, 0xff, 0xff, 0xff, 0xff,
  0xff, 0xff, 0xff, 0xff, 0xff, 0xff, 0xff, 0x1c, 0x00, 0x00, 0x00, 0xd0,
  0xff, 0xf4, 0x00, 0x01, 0xd9, 0xff, 0xf5, 0x0c, 0x04, 0x04, 0xd8, 0xff,
  0xbd, 0x04, 0x04, 0x95, 0xff, 0xff, 0x1c, 0x00, 0x00, 0x00, 0xd0, 0xff,
  0xf4, 0x00, 0x61, 0xff, 0xff, 0xae, 0x00, 0x00, 0x00, 0xd8, 0xff, 0xbc,
  0x3c, 0xa9, 0xe5, 0xff, 0xff, 0x12, 0x00, 0x00, 0x00, 0xd0, 0xff, 0xf4,
  0x00, 0x5e, 0xef, 0xff, 0x40, 0x00, 0x00, 0x00, 0xd8, 0xff, 0xbc, 0x0d,
  0xf8, 0xff, 0xff, 0xc1, 0x00, 0x00, 0x00, 0x00, 0x7e, 0x9c, 0x94, 0x00,
  0x00, 0x1c, 0x7d, 0x00, 0x00, 0x00, 0x00, 0x1e, 0x24, 0x1a, 0x00, 0x5e,
  0x6f, 0x45, 0x06, 0x00, 0x00, 0x00, 0x00, 0x00, 0x00, 0x74, 0xff, 0xff,
  0xff, 0xff, 0xff, 0xff, 0xff, 0xda, 0x00, 0x00, 0x00, 0x00, 0x00, 0x00,
  0x00, 0x00, 0x00, 0x00, 0x00, 0x00, 0x00, 0x00, 0x00, 0x74, 0xff, 0xff,
  0xff, 0xff, 0xff, 0xff, 0xff, 0xe1, 0x00, 0x00, 0x00, 0x00, 0x00, 0x00,
  0x00, 0x00, 0x00, 0x00, 0x00, 0x00, 0x00, 0x00, 0x00, 0x60, 0xd4, 0xd4,
  0xd4, 0xd4, 0xd4, 0xfe, 0xff, 0xf0, 0x00, 0x00, 0x00, 0x00, 0x00, 0x00,
  0x00, 0x00, 0x00, 0x00, 0x00, 0x00, 0x00, 0x00, 0x00, 0x00, 0x00, 0x00,
  0x00, 0x00, 0x00, 0xec, 0xff, 0xfe, 0x06, 0x00, 0x00, 0x00, 0x00, 0x00,
  0x00, 0x00, 0x00, 0x00, 0x00, 0x00, 0x00, 0x00, 0x00, 0x00, 0x00, 0x00,
  0x00, 0x00, 0x00, 0xd0, 0xff, 0xff, 0x24, 0x00, 0x00, 0x00, 0x00, 0x00,
  0x00, 0x00, 0x00, 0x00, 0x00, 0x00, 0x00, 0x00, 0x00, 0x00, 0x00, 0x00,
  0x00, 0x27, 0x96, 0xd0, 0xff, 0xff, 0x4c, 0x00, 0x00, 0x00, 0x00, 0x00,
  0x00, 0x00, 0x00, 0x00, 0x00, 0x00, 0x00, 0x00, 0x00, 0x00, 0x00, 0x00,
  0x00, 0x6a, 0xff, 0xff, 0xff, 0xff, 0x80, 0x00, 0x00, 0x00, 0x00, 0x00,
  0x00, 0x00, 0x00, 0x00, 0x00, 0x00, 0x00, 0x00, 0x00, 0x00, 0x00, 0x00,
  0x00, 0xa9, 0xff, 0xff, 0xff, 0xff, 0xbd, 0x00, 0x00, 0x00, 0x00, 0x00,
  0x00, 0x00, 0x00, 0x00, 0x00, 0x00, 0x00, 0x00, 0x00, 0x00, 0x00, 0x00,
  0x07, 0xf2, 0xff, 0xff, 0xff, 0xff, 0xfa, 0x0f, 0x00, 0x00, 0x00, 0x00,
  0x00, 0x00, 0x00, 0x00, 0x00, 0x00, 0x00, 0x00, 0x00, 0x00, 0x00, 0x00,
  0x4e, 0xff, 0xff, 0xff, 0xe1, 0xff, 0xff, 0x61, 0x00, 0x00, 0x00, 0x00,
  0x00, 0x00, 0x00, 0x00, 0x00, 0x00, 0x00, 0x00, 0x00, 0x00, 0x00, 0x00,
  0xb5, 0xff, 0xff, 0xcb, 0x6e, 0xff, 0xff, 0xcd, 0x00, 0x00, 0x00, 0x00,
  0x00, 0x00, 0x00, 0x00, 0x00, 0x00, 0x00, 0x00, 0x00, 0x00, 0x00, 0x25,
  0xfe, 0xff, 0xff, 0x6b, 0x16, 0xfa, 0xff, 0xff, 0x43, 0x00, 0x00, 0x00,
  0x00, 0x00, 0x00, 0x00, 0x00, 0x00, 0x00, 0x00, 0x00, 0x00, 0x00, 0xa7,
  0xff, 0xff, 0xef, 0x0c, 0x00, 0xa3, 0xff, 0xff, 0xd2, 0x03, 0x00, 0x00,
  0x00, 0x00, 0x00, 0x00, 0x00, 0x00, 0x00, 0x00, 0x00, 0x00, 0x38, 0xfe,
  0xff, 0xff, 0x84, 0x00, 0x00, 0x30, 0xff, 0xff, 0xff, 0x72, 0x00, 0x00,
  0x00, 0x00, 0x00, 0x00, 0x00, 0x00, 0x00, 0x00, 0x00, 0x0b, 0xd9, 0xff,
  0xff, 0xeb, 0x0e, 0x00, 0x00, 0x00, 0xa5, 0xff, 0xff, 0xfa, 0x3a, 0x00,
  0x00, 0x00, 0x00, 0x00, 0x00, 0x00, 0x00, 0x00, 0x01, 0xa7, 0xff, 0xff,
  0xff, 0x63, 0x00, 0x00, 0x00, 0x00, 0x1a, 0xf3, 0xff, 0xff, 0xe5, 0x21,
  0x00, 0x00, 0x00, 0x00, 0x00, 0x00, 0x00, 0x01, 0x97, 0xff, 0xff, 0xff,
  0xb9, 0x00, 0x00, 0x00, 0x00, 0x00, 0x00, 0x60, 0xff, 0xff, 0xff, 0xe4,
  0x28, 0x00, 0x00, 0x00, 0x00, 0x00, 0x0c, 0xae, 0xff, 0xff, 0xff, 0xe2,
  0x15, 0x00, 0x00, 0x00, 0x00, 0x00, 0x00, 0x00, 0x9c, 0xff, 0xff, 0xff,
  0xea, 0x45, 0x00, 0x00, 0x00, 0x45, 0xda, 0xff, 0xff, 0xff, 0xed, 0x2e,
  0x00, 0x00, 0x00, 0x00, 0x00, 0x00, 0x00, 0x00, 0x06, 0xb2, 0xff, 0xff,
  0xff, 0xfe, 0x90, 0x08, 0x0e, 0xce, 0xff, 0xff, 0xff, 0xe8, 0x33, 0x00,
  0x00, 0x00, 0x00, 0x00, 0x00, 0x00, 0x00, 0x00, 0x00, 0x05, 0xad, 0xff,
  0xff, 0xff, 0xc3, 0x0e, 0x00, 0x0c, 0xbb, 0xff, 0xcc, 0x1f, 0x00, 0x00,
  0x00, 0x00, 0x00, 0x00, 0x00, 0x00, 0x00, 0x00, 0x00, 0x00, 0x02, 0x7a,
  0xfb, 0xd4, 0x0f, 0x00, 0x00, 0x00, 0x08, 0x67, 0x04, 0x00, 0x00, 0x00,
  0x00, 0x00, 0x00, 0x00, 0x00, 0x00, 0x00, 0x00, 0x00, 0x00, 0x00, 0x00,
  0x37, 0x25, 0x00, 0x00, 0x00, 0x00, 0x00, 0x00, 0x00, 0x5b, 0x7c, 0x7c,
  0x1d, 0x00, 0x00, 0x00, 0x00, 0x1d, 0x7c, 0x7c, 0x5b, 0x00, 0x00, 0x00,
  0x00, 0x00, 0x00, 0x00, 0x00, 0x00, 0x00, 0xbc, 0xff, 0xff, 0x3c, 0x00,
  0x00, 0x00, 0x00, 0x3c, 0xff, 0xff, 0xbc, 0x00, 0x00, 0x00, 0x00, 0x00,
  0x00, 0x00, 0x00, 0x00, 0x00, 0xbc, 0xff, 0xff, 0x3c, 0x00, 0x00, 0x00,
  0x00, 0x3c, 0xff, 0xff, 0xbc, 0x00, 0x00, 0x00, 0x00, 0x00, 0x00, 0x00,
  0x00, 0x00, 0x00, 0xbc, 0xff, 0xff, 0x3c, 0x00, 0x00, 0x00, 0x00, 0x3c,
  0xff, 0xff, 0xbc, 0x00, 0x00, 0x00, 0x00, 0x00, 0x00, 0x00, 0x00, 0x00,
  0x00, 0xbc, 0xff, 0xff, 0x3c, 0x00, 0x00, 0x00, 0x00, 0x3c, 0xff, 0xff,
  0xbc, 0x00, 0x00, 0x00, 0x00, 0x00, 0x0b, 0xb4, 0xb4, 0xb4, 0xb4, 0xeb,
  0xff, 0xff, 0xc5, 0xb4, 0xb4, 0xb4, 0xb4, 0xc5, 0xff, 0xff, 0xeb, 0xb4,
  0xb4, 0xb4, 0xb4, 0x27, 0x10, 0xff, 0xff, 0xff, 0xff, 0xff, 0xff, 0xff,
  0xff, 0xff, 0xff, 0xff, 0xff, 0xff, 0xff, 0xff, 0xff, 0xff, 0xff, 0xff,
  0xff, 0x38, 0x10, 0xff, 0xff, 0xff, 0xff, 0xff, 0xff, 0xff, 0xff, 0xff,
  0xff, 0xff, 0xff, 0xff, 0xff, 0xff, 0xff, 0xff, 0xff, 0xff, 0xff, 0x38,
  0x00, 0x00, 0x00, 0x00, 0x00, 0xbc, 0xff, 0xff, 0x3c, 0x00, 0x00, 0x00,
  0x00, 0x3c, 0xff, 0xff, 0xbc, 0x00, 0x00, 0x00, 0x00, 0x00, 0x00, 0x00,
  0x00, 0x00, 0x00, 0xbc, 0xff, 0xff, 0x3c, 0x00, 0x00, 0x00, 0x00, 0x3c,
  0xff, 0xff, 0xbc, 0x00, 0x00, 0x00, 0x00, 0x00, 0x00, 0x00, 0x00, 0x00,
  0x00, 0xbc, 0xff, 0xff, 0x3c, 0x00, 0x00, 0x00, 0x00, 0x3c, 0xff, 0xff,
  0xbc, 0x00, 0x00, 0x00, 0x00, 0x00, 0x00, 0x00, 0x00, 0x00, 0x00, 0xbc,
  0xff, 0xff, 0x3c, 0x00, 0x00, 0x00, 0x00, 0x3c, 0xff, 0xff, 0xbc, 0x00,
  0x00, 0x00, 0x00, 0x00, 0xe4, 0xff, 0xff, 0xff, 0xff, 0xff, 0xff, 0xff,
  0xff, 0xff, 0xff, 0xff, 0xff, 0xff, 0xff, 0xff, 0xff, 0xff, 0xff, 0xff,
  0xff, 0xf8, 0xe4, 0xff, 0xff, 0xff, 0xff, 0xff, 0xff, 0xff, 0xff, 0xff,
  0xff, 0xff, 0xff, 0xff, 0xff, 0xff, 0xff, 0xff, 0xff, 0xff, 0xff, 0xf8,
  0xa7, 0xbc, 0xbc, 0xbc, 0xbc, 0xbc, 0xbc, 0xbc, 0xbc, 0xbc, 0xbc, 0xbc,
  0xbc, 0xbc, 0xbc, 0xbc, 0xbc, 0xbc, 0xbc, 0xbc, 0xbc, 0xb6, 0x00, 0x00,
  0x00, 0x00, 0x00, 0x00, 0x2c, 0x00, 0x00, 0x00, 0x00, 0x00, 0x00, 0x00,
  0x0d, 0x2f, 0x00, 0x00, 0x00, 0x00, 0x00, 0x00, 0x00, 0x00, 0x00, 0x00,
  0x00, 0x67, 0xff, 0xd8, 0x72, 0x0e, 0x00, 0x00, 0x03, 0x65, 0xe8, 0xfb,
  0x74, 0x00, 0x00, 0x00, 0x00, 0x00, 0x00, 0x00, 0x00, 0x00, 0x6f, 0xfe,
  0xff, 0xff, 0xbc, 0x07, 0x00, 0x00, 0x11, 0xbf, 0xff, 0xff, 0xff, 0xb0,
  0x0e, 0x00, 0x00, 0x00, 0x00, 0x00, 0x07, 0x9f, 0xff, 0xff, 0xff, 0xc5,
  0x0b, 0x00, 0x00, 0x00, 0x00, 0x04, 0x95, 0xff, 0xff, 0xff, 0xd8, 0x28,
  0x00, 0x00, 0x00, 0x33, 0xcf, 0xff, 0xff, 0xff, 0xb5, 0x0d, 0x00, 0x00,
  0x00, 0x00, 0x00, 0x00, 0x00, 0x6d, 0xfd, 0xff, 0xff, 0xf2, 0x48, 0x00,
  0x5e, 0xfc, 0xff, 0xff, 0xff, 0x91, 0x03, 0x00, 0x00, 0x00, 0x00, 0x00,
  0x00, 0x00, 0x00, 0x00, 0x4f, 0xf5, 0xff, 0xff, 0xfc, 0x5a, 0x05, 0xa1,
  0xff, 0xee, 0x58, 0x00, 0x00, 0x00, 0x00, 0x00, 0x00, 0x00, 0x00, 0x00,
  0x00, 0x00, 0x00, 0x3c, 0xf1, 0xff, 0xbb, 0x26, 0x00, 0x01, 0x72, 0x1b,
  0x00, 0x00, 0x00, 0x00, 0x00, 0x00, 0x00, 0x00, 0x00, 0x00, 0x00, 0x00,
  0x00, 0x00, 0x3c, 0x59, 0x00, 0x00, 0x00, 0x40, 0xff, 0xff, 0xff, 0xff,
  0xff, 0xff, 0xff, 0xff, 0xff, 0xff, 0xff, 0xff, 0xff, 0xff, 0xff, 0xff,
  0xff, 0xff, 0xff, 0xff, 0x44, 0x00, 0x00, 0x40, 0xff, 0xff, 0xff, 0xff,
  0xff, 0xff, 0xff, 0xff, 0xff, 0xff, 0xff, 0xff, 0xff, 0xff, 0xff, 0xff,
  0xff, 0xff, 0xff, 0xff, 0x44, 0x00, 0x00, 0x2a, 0xa8, 0xa8, 0xa8, 0xa8,
  0xa8, 0xa8, 0xa8, 0xa8, 0xd5, 0xff, 0xff, 0xc6, 0xa8, 0xa8, 0xa8, 0xa8,
  0xa8, 0xa8, 0xa8, 0xa8, 0x2c, 0x00, 0x00, 0x00, 0x00, 0x00, 0x00, 0x00,
  0x00, 0x00, 0x00, 0x00, 0x84, 0xff, 0xff, 0x58, 0x00, 0x00, 0x00, 0x00,
  0x00, 0x00, 0x00, 0x00, 0x00, 0x00, 0x00, 0x00, 0x00, 0x4e, 0x9c, 0x9c,
  0x9c, 0x9c, 0x9c, 0x9c, 0xcf, 0xff, 0xff, 0xbe, 0x9c, 0x9c, 0x9c, 0x9c,
  0x9c, 0x9c, 0x4e, 0x00, 0x00, 0x00, 0x00, 0x00, 0x00, 0x80, 0xff, 0xff,
  0xff, 0xff, 0xff, 0xff, 0xff, 0xff, 0xff, 0xff, 0xff, 0xff, 0xff, 0xff,
  0xff, 0xff, 0x80, 0x00, 0x00, 0x00, 0x00, 0x00, 0x00, 0x80, 0xff, 0xff,
  0xff, 0xff, 0xff, 0xff, 0xff, 0xff, 0xff, 0xff, 0xff, 0xff, 0xff, 0xff,
  0xff, 0xff, 0x80, 0x00, 0x00, 0x00, 0x00, 0x00, 0x00, 0x80, 0xff, 0xff,
  0x58, 0x00, 0x00, 0x00, 0x84, 0xff, 0xff, 0x58, 0x00, 0x00, 0x00, 0x5c,
  0xff, 0xff, 0x80, 0x00, 0x00, 0x00, 0x00, 0x00, 0x00, 0x80, 0xff, 0xff,
  0x58, 0x00, 0x00, 0x00, 0x84, 0xff, 0xff, 0x58, 0x00, 0x00, 0x00, 0x5c,
  0xff, 0xff, 0x80, 0x00, 0x00, 0x00, 0x00, 0x00, 0x00, 0x80, 0xff, 0xff,
  0xff, 0xff, 0xff, 0xff, 0xff, 0xff, 0xff, 0xff, 0xff, 0xff, 0xff, 0xff,
  0xff, 0xff, 0x80, 0x00, 0x00, 0x00, 0x00, 0x00, 0x00, 0x80, 0xff, 0xff,
  0xff, 0xff, 0xff, 0xff, 0xff, 0xff, 0xff, 0xff, 0xff, 0xff, 0xff, 0xff,
  0xff, 0xff, 0x80, 0x00, 0x00, 0x00, 0x00, 0x00, 0x00, 0x80, 0xff, 0xff,
  0x99, 0x64, 0x64, 0x64, 0xb4, 0xff, 0xff, 0x99, 0x64, 0x64, 0x64, 0x9c,
  0xff, 0xff, 0x80, 0x00, 0x00, 0x00, 0x00, 0x00, 0x00, 0x80, 0xff, 0xff,
  0x58, 0x00, 0x00, 0x00, 0x84, 0xff, 0xff, 0x58, 0x00, 0x00, 0x00, 0x5c,
  0xff, 0xff, 0x80, 0x00, 0x00, 0x00, 0x23, 0x98, 0x98, 0xcc, 0xff, 0xff,
  0xbb, 0x98, 0x98, 0x98, 0xcd, 0xff, 0xff, 0xbb, 0x98, 0x98, 0x98, 0xbd,
  0xff, 0xff, 0xcc, 0x98, 0x98, 0x23, 0x3c, 0xff, 0xff, 0xff, 0xff, 0xff,
  0xff, 0xff, 0xff, 0xff, 0xff, 0xff, 0xff, 0xff, 0xff, 0xff, 0xff, 0xff,
  0xff, 0xff, 0xff, 0xff, 0xff, 0x3c, 0x3c, 0xff, 0xff, 0xff, 0xff, 0xff,
  0xff, 0xff, 0xff, 0xff, 0xff, 0xff, 0xff, 0xff, 0xff, 0xff, 0xff, 0xff,
  0xff, 0xff, 0xff, 0xff, 0xff, 0x3c, 0x00, 0x00, 0x00, 0x80, 0xff, 0xff,
  0x58, 0x00, 0x00, 0x00, 0x00, 0x00, 0x00, 0x00, 0x00, 0x00, 0x00, 0x5c,
  0xff, 0xff, 0x80, 0x00, 0x00, 0x00, 0x00, 0x00, 0x00, 0x80, 0xff, 0xff,
  0x58, 0x00, 0x00, 0x00, 0x00, 0x00, 0x00, 0x00, 0x00, 0x00, 0x00, 0x5c,
  0xff, 0xff, 0x80, 0x00, 0x00, 0x00, 0x00, 0x00, 0x00, 0x80, 0xff, 0xff,
  0x58, 0x00, 0x00, 0x00, 0x00, 0x00, 0x00, 0x05, 0x15, 0x10, 0x10, 0x77,
  0xff, 0xff, 0x7c, 0x00, 0x00, 0x00, 0x00, 0x00, 0x00, 0x80, 0xff, 0xff,
  0x58, 0x00, 0x00, 0x00, 0x00, 0x00, 0x00, 0x06, 0xe5, 0xff, 0xff, 0xff,
  0xff, 0xff, 0x63, 0x00, 0x00, 0x00, 0x00, 0x00, 0x00, 0x80, 0xff, 0xff,
  0x58, 0x00, 0x00, 0x00, 0x00, 0x00, 0x00, 0x00, 0x8c, 0xff, 0xff, 0xff,
  0xff, 0xd8, 0x11, 0x00, 0x00, 0x00, 0x00, 0x00, 0x00, 0x56, 0xac, 0xac,
  0x3b, 0x00, 0x00, 0x00, 0x00, 0x00, 0x00, 0x00, 0x2f, 0x92, 0x8c, 0x7d,
  0x4f, 0x07, 0x00, 0x00, 0x00, 0x00, 0x00, 0x00, 0x00, 0x00, 0x00, 0x00,
  0x55, 0x52, 0x18, 0x00, 0x50, 0xff, 0xff, 0xff, 0xff, 0xff, 0xcd, 0x00,
  0x00, 0x00, 0x00, 0x00, 0x00, 0x00, 0x00, 0x00, 0x00, 0x00, 0x00, 0x08,
  0xee, 0xff, 0xff, 0x44, 0x50, 0xff, 0xff, 0xff, 0xff, 0xff, 0xff, 0x32,
  0x00, 0x00, 0x00, 0x00, 0x00, 0x00, 0x00, 0x00, 0x00, 0x00, 0x00, 0x5a,
  0xff, 0xff, 0xe4, 0x03, 0x35, 0xac, 0xac, 0xac, 0xcf, 0xff, 0xff, 0xb1,
  0x00, 0x00, 0x00, 0x00, 0x00, 0x00, 0x00, 0x00, 0x00, 0x00, 0x03, 0xd3,
  0xff, 0xff, 0x75, 0x00, 0x00, 0x00, 0x00, 0x00, 0x1d, 0xf9, 0xff, 0xff,
  0x42, 0x00, 0x00, 0x00, 0x00, 0x00, 0x00, 0x00, 0x00, 0x00, 0x6c, 0xff,
  0xff, 0xea, 0x0b, 0x00, 0x00, 0x00, 0x00, 0x00, 0x00, 0x8b, 0xff, 0xff,
  0xe1, 0x0f, 0x00, 0x00, 0x00, 0x00, 0x00, 0x00, 0x00, 0x1e, 0xed, 0xff,
  0xff, 0x62, 0x00, 0x00, 0x00, 0x00, 0x00, 0x00, 0x00, 0x0c, 0xdf, 0xff,
  0xff, 0xbb, 0x05, 0x00, 0x00, 0x00, 0x00, 0x00, 0x0a, 0xce, 0xff, 0xff,
  0xc2, 0x01, 0x00, 0x00, 0x00, 0x00, 0x00, 0x00, 0x00, 0x00, 0x37, 0xf9,
  0xff, 0xff, 0xae, 0x09, 0x00, 0x00, 0x00, 0x08, 0xb0, 0xff, 0xff, 0xee,
  0x1e, 0x00, 0x00, 0x00, 0x00, 0x00, 0x00, 0x00, 0x00, 0x00, 0x00, 0x56,
  0xfd, 0xff, 0xff, 0xcb, 0x26, 0x00, 0x15, 0xc6, 0xff, 0xff, 0xff, 0xff,
  0xff, 0xff, 0xff, 0xff, 0xff, 0xff, 0xff, 0xff, 0xff, 0xff, 0xff, 0xff,
  0xff, 0xff, 0xff, 0xff, 0xf9, 0x36, 0x1e, 0xcc, 0xff, 0xff, 0xb8, 0xff,
  0xff, 0xff, 0xff, 0xff, 0xff, 0xff, 0xff, 0xff, 0xff, 0xff, 0xff, 0xff,
  0xff, 0xde, 0xf9, 0xff, 0x9c, 0x00, 0x00, 0x0a, 0xb5, 0x86, 0x3b, 0xc8,
  0xc8, 0xc8, 0xd6, 0xff, 0xff, 0xf7, 0xc8, 0xc8, 0xc8, 0xc8, 0xde, 0xff,
  0xff, 0x9c, 0x3f, 0xc5, 0x08, 0x00, 0x00, 0x00, 0x03, 0x00, 0x00, 0x00,
  0x00, 0x00, 0x66, 0xff, 0xff, 0xc0, 0x00, 0x00, 0x00, 0x00, 0x6f, 0xff,
  0xff, 0x91, 0x00, 0x01, 0x00, 0x00, 0x00, 0x00, 0x00, 0x00, 0x00, 0x00,
  0x00, 0x00, 0xa1, 0xff, 0xff, 0x93, 0x00, 0x00, 0x00, 0x00, 0x7d, 0xff,
  0xff, 0x84, 0x00, 0x00, 0x00, 0x00, 0x00, 0x00, 0x00, 0x00, 0x00, 0x00,
  0x00, 0x02, 0xe3, 0xff, 0xff, 0x54, 0x00, 0x00, 0x00, 0x00, 0x8e, 0xff,
  0xff, 0x75, 0x00, 0x00, 0x00, 0x00, 0x00, 0x00, 0x00, 0x00, 0x00, 0x00,
  0x00, 0x51, 0xff, 0xff, 0xf7, 0x10, 0x00, 0x00, 0x00, 0x00, 0xa2, 0xff,
  0xff, 0x64, 0x00, 0x00, 0x00, 0x00, 0x00, 0x00, 0x00, 0x00, 0x00, 0x00,
  0x0c, 0xdc, 0xff, 0xff, 0xa5, 0x00, 0x00, 0x00, 0x00, 0x00, 0xbc, 0xff,
  0xff, 0x4e, 0x00, 0x00, 0x00, 0x00, 0x00, 0x00, 0x00, 0x00, 0x00, 0x08,
  0xb7, 0xff, 0xff, 0xfb, 0x28, 0x00, 0x00, 0x00, 0x00, 0x00, 0xe0, 0xff,
  0xff, 0x35, 0x00, 0x00, 0x00, 0x00, 0x00, 0x00, 0x00, 0x00, 0x24, 0xca,
  0xff, 0xff, 0xff, 0x82, 0x00, 0x00, 0x00, 0x00, 0x00, 0x26, 0xff, 0xff,
  0xff, 0x12, 0x00, 0x00, 0x00, 0x00, 0x00, 0x00, 0x2a, 0x93, 0xfa, 0xff,
  0xff, 0xff, 0xaf, 0x02, 0x00, 0x3d, 0xd2, 0xc7, 0xc5, 0xec, 0xff, 0xff,
  0xdc, 0x00, 0x00, 0x00, 0x00, 0x00, 0x00, 0x1b, 0xeb, 0xff, 0xff, 0xff,
  0xff, 0x9b, 0x04, 0x00, 0x00, 0x01, 0xde, 0xff, 0xff, 0xff, 0xff, 0xff,
  0x74, 0x00, 0x00, 0x00, 0x00, 0x00, 0x00, 0x00, 0x46, 0xff, 0xff, 0xe3,
  0x4f, 0x00, 0x00, 0x00, 0x00, 0x00, 0xa5, 0xff, 0xff, 0xfb, 0xd4, 0x79,
  0x01, 0x00, 0x00, 0x00, 0x00, 0x00, 0x00, 0x00, 0x00, 0x85, 0x5f, 0x06,
  0x00, 0x00, 0x00, 0x00, 0x00, 0x00, 0x00, 0x03, 0x03, 0x00, 0x00, 0x00,
  0x00, 0x00, 0x00, 0x00, 0x00, 0x00, 0x00, 0x00, 0x00, 0x00, 0x1e, 0x75,
  0x4a, 0x00, 0x00, 0x00, 0x00, 0x00, 0x00, 0x00, 0x00, 0x55, 0x7d, 0x30,
  0x00, 0x00, 0x00, 0x00, 0x00, 0x00, 0x00, 0x45, 0xfe, 0xff, 0xf2, 0x29,
  0x00, 0x00, 0x00, 0x00, 0x00, 0x00, 0x04, 0xdf, 0xff, 0xff, 0x87, 0x00,
  0x00, 0x00, 0x00, 0x00, 0x00, 0x00, 0xab, 0xff, 0xff, 0xce, 0x03, 0x00,
  0x00, 0x00, 0x00, 0x00, 0x67, 0xff, 0xff, 0xea, 0x12, 0x00, 0x00, 0x00,
  0x00, 0x00, 0x00, 0x00, 0x1b, 0xf4, 0xff, 0xd8, 0x29, 0x00, 0x00, 0x00,
  0x00, 0x0f, 0xea, 0xff, 0xff, 0x50, 0x00, 0x00, 0x00, 0x00, 0xe0, 0xff,
  0xff, 0xff, 0xff, 0xff, 0xff, 0xff, 0xff, 0xff, 0xff, 0xff, 0xff, 0xff,
  0xff, 0xff, 0xff, 0xff, 0xff, 0xff, 0xff, 0xd8, 0xe0, 0xff, 0xff, 0xff,
  0xff, 0xff, 0xff, 0xff, 0xff, 0xff, 0xff, 0xff, 0xff, 0xff, 0xff, 0xff,
  0xff, 0xff, 0xff, 0xff, 0xff, 0xd8, 0x77, 0x88, 0x88, 0x88, 0x88, 0x88,
  0x88, 0x88, 0x88, 0x88, 0x88, 0x88, 0x88, 0x88, 0x88, 0x88, 0x88, 0x88,
  0x88, 0x88, 0x88, 0x72, 0x00, 0x00, 0x00, 0x00, 0x00, 0x00, 0x00, 0x00,
  0x00, 0x00, 0x00, 0x00, 0x00, 0x00, 0x00, 0x00, 0x00, 0x00, 0x00, 0x00,
  0x00, 0x00, 0x00, 0x18, 0x48, 0x48, 0x48, 0x48, 0x48, 0x48, 0x48, 0x48,
  0x42, 0x00, 0x01, 0x4c, 0x4c, 0x2e, 0x00, 0x33, 0xdc, 0xdc, 0x7f, 0x00,
  0x00, 0x58, 0xff, 0xff, 0xff, 0xff, 0xff, 0xff, 0xff, 0xff, 0xec, 0x00,
  0x04, 0xff, 0xff, 0x9c, 0x00, 0x3c, 0xff, 0xff, 0x94, 0x00, 0x00, 0x58,
  0xff, 0xff, 0xff, 0xff, 0xff, 0xff, 0xff, 0xff, 0xec, 0x00, 0x04, 0xff,
  0xff, 0x9c, 0x00, 0x3c, 0xff, 0xff, 0x94, 0x00, 0x00, 0x58, 0xff, 0xff,
  0x4e, 0x18, 0x18, 0x18, 0xd8, 0xff, 0xec, 0x00, 0x04, 0xff, 0xff, 0x9c,
  0x00, 0x3c, 0xff, 0xff, 0x94, 0x00, 0x00, 0x58, 0xff, 0xff, 0xff, 0xff,
  0xff, 0xff, 0xff, 0xff, 0xec, 0x00, 0x04, 0xff, 0xff, 0x9c, 0x00, 0x3c,
  0xff, 0xff, 0x94, 0x00, 0x00, 0x58, 0xff, 0xff, 0xff, 0xff, 0xff, 0xff,
  0xff, 0xff, 0xec, 0x00, 0x04, 0xff, 0xff, 0x9c, 0x00, 0x3c, 0xff, 0xff,
  0x94, 0x00, 0x00, 0x5e, 0xff, 0xff, 0x31, 0x00, 0x00, 0x00, 0xd4, 0xff,
  0xec, 0x00, 0x04, 0xff, 0xff, 0x9c, 0x00, 0x3c, 0xff, 0xff, 0x94, 0x00,
  0x00, 0x68, 0xff, 0xff, 0xff, 0xff, 0xff, 0xff, 0xff, 0xff, 0xec, 0x00,
  0x04, 0xff, 0xff, 0x9c, 0x00, 0x3c, 0xff, 0xff, 0x94, 0x00, 0x00, 0x7a,
  0xff, 0xff, 0xff, 0xff, 0xff, 0xff, 0xff, 0xff, 0xec, 0x00, 0x04, 0xff,
  0xff, 0x9c, 0x00, 0x3c, 0xff, 0xff, 0x94, 0x00, 0x00, 0xa6, 0xff, 0xda,
  0x14, 0x14, 0x14, 0x14, 0xd7, 0xff, 0xec, 0x00, 0x04, 0xff, 0xff, 0x9c,
  0x00, 0x3c, 0xff, 0xff, 0x94, 0x00, 0x00, 0xd4, 0xff, 0xa3, 0x00, 0x00,
  0x00, 0x00, 0xd4, 0xff, 0xec, 0x00, 0x00, 0x18, 0x18, 0x0e, 0x00, 0x3c,
  0xff, 0xff, 0x94, 0x00, 0x24, 0xff, 0xff, 0x6d, 0x00, 0x0a, 0x1a, 0x1b,
  0xe1, 0xff, 0xea, 0x00, 0x00, 0x00, 0x03, 0x00, 0x00, 0x47, 0xff, 0xff,
  0x92, 0x00, 0xa3, 0xff, 0xff, 0x27, 0x00, 0x1d, 0xfb, 0xff, 0xff, 0xff,
  0xd1, 0x00, 0x00, 0x00, 0x5a, 0xff, 0xfb, 0xff, 0xff, 0xff, 0x7e, 0x00,
  0x59, 0xf0, 0xc3, 0x00, 0x00, 0x00, 0xb6, 0xff, 0xff, 0xee, 0x50, 0x00,
  0x00, 0x00, 0x03, 0xe6, 0xff, 0xff, 0xff, 0xec, 0x26, 0x00, 0x00, 0x25,
  0x36, 0x00, 0x00, 0x00, 0x26, 0x47, 0x33, 0x03, 0x00, 0x00, 0x00, 0x00,
  0x00, 0x5f, 0x8f, 0x82, 0x5b, 0x10, 0x00, 0x00, 0x00, 0x00, 0x00, 0x00,
  0x00, 0x00, 0x00, 0x00, 0x00, 0x00, 0x00, 0x00, 0x00, 0x10, 0x40, 0x40,
  0x29, 0x00, 0x00, 0x00, 0x00, 0x00, 0x00, 0x00, 0x00, 0x00, 0x00, 0x00,
  0x00, 0x00, 0x00, 0x00, 0x00, 0x00, 0x00, 0x00, 0x40, 0xff, 0xff, 0xa6,
  0x00, 0x00, 0x00, 0x00, 0x00, 0x00, 0x00, 0xfc, 0xff, 0xff, 0xff, 0xff,
  0xff, 0xff, 0xff, 0xff, 0x08, 0x00, 0x00, 0x40, 0xff, 0xff, 0xa4, 0x00,
  0x00, 0x00, 0x00, 0x00, 0x00, 0x00, 0xfc, 0xff, 0xff, 0xff, 0xff, 0xff,
  0xff, 0xff, 0xff, 0x08, 0x00, 0x00, 0x40, 0xff, 0xff, 0xa2, 0x00, 0x00,
  0x00, 0x00, 0x00, 0x00, 0x00, 0xa1, 0xa4, 0xa4, 0xf4, 0xff, 0xfb, 0xa4,
  0xa4, 0xa4, 0x05, 0x00, 0x00, 0x43, 0xff, 0xff, 0x9e, 0x00, 0x00, 0x00,
  0x00, 0x00, 0x00, 0x00, 0x00, 0x00, 0x00, 0xe0, 0xff, 0xf4, 0x00, 0x00,
  0x00, 0x6b, 0xac, 0xac, 0xc2, 0xff, 0xff, 0xdf, 0xac, 0xac, 0xac, 0xac,
  0xac, 0x63, 0x00, 0x00, 0x00, 0x00, 0xe0, 0xff, 0xf4, 0x00, 0x00, 0x00,
  0xa0, 0xff, 0xff, 0xff, 0xff, 0xff, 0xff, 0xff, 0xff, 0xff, 0xff, 0xff,
  0x90, 0x00, 0x00, 0x00, 0x00, 0xe0, 0xff, 0xf4, 0x00, 0x00, 0x00, 0xa0,
  0xff, 0xff, 0xff, 0xff, 0xff, 0xff, 0xff, 0xff, 0xff, 0xff, 0xff, 0x89,
  0x00, 0x00, 0x00, 0x00, 0xe0, 0xff, 0xf4, 0x00, 0x00, 0x00, 0x00, 0x00,
  0x00, 0x71, 0xff, 0xff, 0x6e, 0x00, 0x00, 0x50, 0xff, 0xff, 0x81, 0x00,
  0x00, 0x00, 0x00, 0xe0, 0xff, 0xf4, 0x00, 0x00, 0x00, 0x00, 0x00, 0x00,
  0x89, 0xff, 0xff, 0x55, 0x00, 0x00, 0x57, 0xff, 0xff, 0x79, 0x00, 0x00,
  0x00, 0x00, 0xe0, 0xff, 0xf4, 0x00, 0x00, 0x00, 0x00, 0x00, 0x00, 0xa2,
  0xff, 0xff, 0x3b, 0x00, 0x00, 0x61, 0xff, 0xff, 0x6f, 0x00, 0x00, 0x00,
  0x00, 0xe0, 0xff, 0xf4, 0x00, 0x00, 0x00, 0x00, 0x00, 0x00, 0xcf, 0xff,
  0xff, 0x18, 0x00, 0x00, 0x6a, 0xff, 0xff, 0x65, 0x00, 0x00, 0x00, 0x00,
  0xe0, 0xff, 0xf4, 0x00, 0x00, 0x02, 0x07, 0x00, 0x06, 0xfa, 0xff, 0xe7,
  0x00, 0x00, 0x00, 0x76, 0xff, 0xff, 0x59, 0x00, 0x00, 0x00, 0x00, 0xe0,
  0xff, 0xf7, 0x6f, 0xaf, 0xee, 0x58, 0x00, 0x42, 0xff, 0xff, 0xb5, 0x00,
  0x00, 0x00, 0x85, 0xff, 0xff, 0x4b, 0x00, 0x00, 0x25, 0x69, 0xf1, 0xff,
  0xff, 0xff, 0xff, 0xff, 0x79, 0x00, 0x9b, 0xff, 0xff, 0x72, 0x00, 0x00,
  0x00, 0x96, 0xff, 0xff, 0x3c, 0x30, 0xe8, 0xff, 0xff, 0xff, 0xff, 0xff,
  0xff, 0xff, 0xf7, 0x73, 0x12, 0xf0, 0xff, 0xff, 0x1f, 0x00, 0x00, 0x00,
  0xa9, 0xff, 0xff, 0x2a, 0x0f, 0xfe, 0xff, 0xff, 0xff, 0xff, 0xe5, 0x9b,
  0x4e, 0x0a, 0x00, 0x92, 0xff, 0xff, 0xc4, 0x00, 0x00, 0x00, 0x00, 0xc2,
  0xff, 0xff, 0x15, 0x00, 0xd4, 0xfd, 0xc6, 0x7c, 0x31, 0x01, 0x00, 0x00,
  0x00, 0x3b, 0xfb, 0xff, 0xff, 0x43, 0x00, 0x00, 0x00, 0x00, 0xe8, 0xff,
  0xf8, 0x01, 0x00, 0x34, 0x13, 0x00, 0x00, 0x00, 0x00, 0x00, 0x00, 0x2e,
  0xea, 0xff, 0xff, 0xb9, 0x00, 0x00, 0x00, 0x00, 0x31, 0xff, 0xff, 0xd7,
  0x00, 0x00, 0x00, 0x00, 0x00, 0x00, 0x00, 0x00, 0x00, 0x56, 0xf2, 0xff,
  0xff, 0xee, 0x1f, 0x17, 0xc3, 0xb9, 0xb9, 0xec, 0xff, 0xff, 0xa2, 0x00,
  0x00, 0x00, 0x00, 0x00, 0x00, 0x00, 0x00, 0x40, 0xfe, 0xff, 0xff, 0xf4,
  0x3b, 0x00, 0x00, 0xbe, 0xff, 0xff, 0xff, 0xff, 0xfd, 0x3d, 0x00, 0x00,
  0x00, 0x00, 0x00, 0x00, 0x00, 0x00, 0x00, 0x6e, 0xff, 0xe3, 0x33, 0x00,
  0x00, 0x00, 0x84, 0xff, 0xff, 0xf8, 0xc7, 0x53, 0x00, 0x00, 0x00, 0x00,
  0x00, 0x00, 0x00, 0x00, 0x00, 0x00, 0x00, 0x6b, 0x10, 0x00, 0x00, 0x00,
  0x00, 0x00, 0x02, 0x03, 0x00, 0x00, 0x00, 0x00, 0x00, 0x00, 0xe4, 0xff,
  0xff, 0xff, 0xff, 0xff, 0xff, 0xff, 0xff, 0xff, 0xff, 0xff, 0x28, 0x00,
  0x00, 0x00, 0x00, 0x00, 0x00, 0x00, 0x00, 0x00, 0x00, 0x00, 0xe4, 0xff,
  0xff, 0xff, 0xff, 0xff, 0xff, 0xff, 0xff, 0xff, 0xff, 0xff, 0x28, 0x00,
  0x00, 0x00, 0x00, 0x00, 0x00, 0x07, 0x00, 0x00, 0x00, 0x00, 0x95, 0xbf,
  0xff, 0xff, 0xcf, 0xa8, 0xa8, 0xb4, 0xff, 0xff, 0xdd, 0xd8, 0xff, 0xff,
  0xff, 0xff, 0xff, 0xff, 0xff, 0xff, 0xe6, 0x73, 0x00, 0x00, 0x00, 0x44,
  0xff, 0xff, 0x74, 0x00, 0x00, 0x24, 0xff, 0xff, 0x9c, 0x8c, 0xff, 0xff,
  0xff, 0xff, 0xff, 0xff, 0xff, 0xff, 0xff, 0x88, 0x00, 0x00, 0x00, 0x44,
  0xff, 0xff, 0x74, 0x00, 0x00, 0x24, 0xff, 0xff, 0x9c, 0x69, 0xc0, 0xc1,
  0xc4, 0xc0, 0xc0, 0xc0, 0xdf, 0xff, 0xff, 0x65, 0x00, 0x00, 0x00, 0x44,
  0xff, 0xff, 0xc9, 0x9c, 0x9c, 0xaa, 0xff, 0xff, 0x9c, 0x3e, 0xbd, 0xef,
  0x68, 0x00, 0x00, 0x00, 0xa2, 0xff, 0xff, 0x43, 0x00, 0x00, 0x00, 0x44,
  0xff, 0xff, 0xff, 0xff, 0xff, 0xff, 0xff, 0xff, 0x9c, 0x3b, 0xff, 0xff,
  0xa6, 0x00, 0x00, 0x00, 0xd9, 0xff, 0xff, 0x18, 0x00, 0x00, 0x00, 0x44,
  0xff, 0xff, 0xff, 0xff, 0xff, 0xff, 0xff, 0xff, 0x9c, 0x07, 0xf9, 0xff,
  0xe4, 0x00, 0x00, 0x11, 0xfe, 0xff, 0xde, 0x00, 0x00, 0x00, 0x00, 0x44,
  0xff, 0xff, 0x74, 0x00, 0x00, 0x24, 0xff, 0xff, 0x9c, 0x00, 0xc0, 0xff,
  0xff, 0x24, 0x00, 0x4a, 0xff, 0xff, 0xa5, 0x00, 0x00, 0x00, 0x00, 0x44,
  0xff, 0xff, 0x74, 0x00, 0x00, 0x24, 0xff, 0xff, 0x9c, 0x00, 0x77, 0xff,
  0xff, 0x7e, 0x00, 0x9f, 0xff, 0xff, 0x68, 0x00, 0x00, 0x00, 0x00, 0x44,
  0xff, 0xff, 0xc0, 0x8c, 0x8c, 0x9c, 0xff, 0xff, 0x9c, 0x00, 0x2b, 0xff,
  0xff, 0xde, 0x0a, 0xf1, 0xff, 0xfd, 0x19, 0x00, 0x00, 0x00, 0x00, 0x44,
  0xff, 0xff, 0xff, 0xff, 0xff, 0xff, 0xff, 0xff, 0x9c, 0x00, 0x00, 0xd0,
  0xff, 0xff, 0x98, 0xff, 0xff, 0xc3, 0x00, 0x00, 0x00, 0x00, 0x00, 0x44,
  0xff, 0xff, 0xff, 0xff, 0xff, 0xff, 0xff, 0xff, 0x9c, 0x00, 0x00, 0x6f,
  0xff, 0xff, 0xff, 0xff, 0xff, 0x6a, 0x00, 0x00, 0x00, 0x00, 0x00, 0x44,
  0xff, 0xff, 0x74, 0x00, 0x00, 0x24, 0xff, 0xff, 0x9c, 0x00, 0x00, 0x0f,
  0xf0, 0xff, 0xff, 0xff, 0xec, 0x0a, 0x00, 0x00, 0x00, 0x00, 0x00, 0x44,
  0xff, 0xff, 0x74, 0x00, 0x00, 0x24, 0xff, 0xff, 0x9c, 0x00, 0x00, 0x00,
  0x82, 0xff, 0xff, 0xff, 0x80, 0x00, 0x00, 0x00, 0x00, 0x02, 0x19, 0x68,
  0xff, 0xff, 0xc5, 0xb1, 0xd3, 0xf4, 0xff, 0xff, 0x9c, 0x00, 0x00, 0x00,
  0x94, 0xff, 0xff, 0xff, 0x91, 0x00, 0x00, 0x00, 0x00, 0x5f, 0xff, 0xff,
  0xff, 0xff, 0xff, 0xff, 0xff, 0xff, 0xff, 0xff, 0x9c, 0x00, 0x00, 0x69,
  0xff, 0xff, 0xff, 0xff, 0xff, 0x6f, 0x00, 0x00, 0x00, 0x2d, 0xff, 0xff,
  0xff, 0xff, 0xff, 0xfe, 0xe3, 0xc9, 0xff, 0xff, 0x9c, 0x00, 0x6f, 0xfe,
  0xff, 0xff, 0xef, 0xff, 0xff, 0xfd, 0x63, 0x00, 0x00, 0x03, 0xb8, 0x98,
  0x75, 0x51, 0x2d, 0x09, 0x00, 0x24, 0xff, 0xff, 0xb0, 0xa8, 0xff, 0xff,
  0xff, 0xb5, 0x11, 0xc9, 0xff, 0xff, 0xff, 0x99, 0x0f, 0x00, 0x00, 0x00,
  0x00, 0x00, 0x00, 0x00, 0x00, 0x24, 0xff, 0xff, 0xd3, 0xfb, 0xff, 0xff,
  0xba, 0x08, 0x00, 0x13, 0xd4, 0xff, 0xff, 0xf1, 0x31, 0x00, 0x00, 0x00,
  0x00, 0x00, 0x00, 0x00, 0x00, 0x24, 0xff, 0xff, 0x9c, 0x72, 0xfe, 0x87,
  0x04, 0x00, 0x00, 0x00, 0x0d, 0xa8, 0xff, 0x4e, 0x00, 0x00, 0x00, 0x00,
  0x00, 0x00, 0x00, 0x00, 0x00, 0x17, 0xa8, 0xa8, 0x66, 0x02, 0x39, 0x00,
  0x00, 0x00, 0x00, 0x00, 0x00, 0x00, 0x3d, 0x00, 0x00, 0xc8, 0xff, 0xff,
  0xff, 0xff, 0xff, 0xff, 0xff, 0xff, 0xff, 0xff, 0xff, 0xff, 0xff, 0xff,
  0xff, 0xff, 0xff, 0xff, 0xff, 0xff, 0xd8, 0xc8, 0xff, 0xff, 0xff, 0xff,
  0xff, 0xff, 0xff, 0xff, 0xff, 0xff, 0xff, 0xff, 0xff, 0xff, 0xff, 0xff,
  0xff, 0xff, 0xff, 0xff, 0xd8, 0xb2, 0xe4, 0xe4, 0xe4, 0xe4, 0xe4, 0xe4,
  0xe4, 0xe4, 0xe4, 0xe4, 0xe4, 0xe4, 0xe4, 0xe4, 0xe4, 0xfd, 0xff, 0xff,
  0xe6, 0xe4, 0xc0, 0x00, 0x00, 0x00, 0x00, 0x00, 0x00, 0x00, 0x00, 0x00,
  0x00, 0x00, 0x00, 0x00, 0x00, 0x00, 0x00, 0xe8, 0xff, 0xff, 0x18, 0x00,
  0x00, 0x00, 0x00, 0x00, 0x00, 0x00, 0x00, 0x00, 0x00, 0x00, 0x00, 0x00,
  0x00, 0x00, 0x00, 0x00, 0x00, 0xe8, 0xff, 0xff, 0x18, 0x00, 0x00, 0x00,
  0x00, 0x00, 0x00, 0x00, 0x00, 0x00, 0x00, 0x00, 0x00, 0x00, 0x00, 0x00,
  0x00, 0x00, 0x00, 0xe8, 0xff, 0xff, 0x18, 0x00, 0x00, 0x00, 0x00, 0x6c,
  0xc0, 0xc0, 0xc0, 0xc0, 0xc0, 0xc0, 0xc0, 0xc0, 0xc0, 0x75, 0x00, 0x00,
  0x00, 0xe8, 0xff, 0xff, 0x18, 0x00, 0x00, 0x00, 0x00, 0x90, 0xff, 0xff,
  0xff, 0xff, 0xff, 0xff, 0xff, 0xff, 0xff, 0x9c, 0x00, 0x00, 0x00, 0xe8,
  0xff, 0xff, 0x18, 0x00, 0x00, 0x00, 0x00, 0x90, 0xff, 0xff, 0xff, 0xff,
  0xff, 0xff, 0xff, 0xff, 0xff, 0x9c, 0x00, 0x00, 0x00, 0xe8, 0xff, 0xff,
  0x18, 0x00, 0x00, 0x00, 0x00, 0x90, 0xff, 0xff, 0x38, 0x00, 0x00, 0x00,
  0x38, 0xff, 0xff, 0x9c, 0x00, 0x00, 0x00, 0xe8, 0xff, 0xff, 0x18, 0x00,
  0x00, 0x00, 0x00, 0x90, 0xff, 0xff, 0x38, 0x00, 0x00, 0x00, 0x38, 0xff,
  0xff, 0x9c, 0x00, 0x00, 0x00, 0xe8, 0xff, 0xff, 0x18, 0x00, 0x00, 0x00,
  0x00, 0x90, 0xff, 0xff, 0x38, 0x00, 0x00, 0x00, 0x38, 0xff, 0xff, 0x9c,
  0x00, 0x00, 0x00, 0xe8, 0xff, 0xff, 0x18, 0x00, 0x00, 0x00, 0x00, 0x90,
  0xff, 0xff, 0x38, 0x00, 0x00, 0x00, 0x38, 0xff, 0xff, 0x9c, 0x00, 0x00,
  0x00, 0xe8, 0xff, 0xff, 0x18, 0x00, 0x00, 0x00, 0x00, 0x90, 0xff, 0xff,
  0xff, 0xff, 0xff, 0xff, 0xff, 0xff, 0xff, 0x9c, 0x00, 0x00, 0x00, 0xe8,
  0xff, 0xff, 0x18, 0x00, 0x00, 0x00, 0x00, 0x90, 0xff, 0xff, 0xff, 0xff,
  0xff, 0xff, 0xff, 0xff, 0xff, 0x9c, 0x00, 0x00, 0x00, 0xe8, 0xff, 0xff,
  0x18, 0x00, 0x00, 0x00, 0x00, 0x90, 0xff, 0xff, 0xbe, 0xac, 0xac, 0xac,
  0xac, 0xac, 0xac, 0x68, 0x00, 0x00, 0x00, 0xe8, 0xff, 0xff, 0x18, 0x00,
  0x00, 0x00, 0x00, 0x90, 0xff, 0xff, 0x38, 0x00, 0x00, 0x00, 0x00, 0x00,
  0x00, 0x00, 0x00, 0x00, 0x00, 0xe8, 0xff, 0xff, 0x18, 0x00, 0x00, 0x00,
  0x00, 0x45, 0x7c, 0x7c, 0x1b, 0x00, 0x00, 0x00, 0x00, 0x00, 0x39, 0x31,
  0x2d, 0x2c, 0x3d, 0xf9, 0xff, 0xff, 0x11, 0x00, 0x00, 0x00, 0x00, 0x00,
  0x00, 0x00, 0x00, 0x00, 0x00, 0x00, 0x00, 0x00, 0xb0, 0xff, 0xff, 0xff,
  0xff, 0xff, 0xff, 0xef, 0x01, 0x00, 0x00, 0x00, 0x00, 0x00, 0x00, 0x00,
  0x00, 0x00, 0x00, 0x00, 0x00, 0x00, 0x46, 0xff, 0xff, 0xff, 0xff, 0xff,
  0xff, 0x7a, 0x00, 0x00, 0x00, 0x00, 0x00, 0x00, 0x00, 0x00, 0x00, 0x00,
  0x00, 0x00, 0x00, 0x00, 0x04, 0xc0, 0xc4, 0xbd, 0xad, 0x88, 0x3b, 0x00,
  0x00, 0x00, 0x00, 0x00, 0x00, 0x00, 0x00, 0x00, 0x00, 0x00, 0x00, 0x00,
  0x00, 0x3f, 0x88, 0x88, 0x46, 0x00, 0x00, 0x00, 0x00, 0x00, 0x00, 0x00,
  0x00, 0x00, 0x00, 0x00, 0x00, 0x00, 0x00, 0x00, 0x00, 0x00, 0x00, 0x00,
  0x00, 0x78, 0xff, 0xff, 0x84, 0x00, 0x00, 0x00, 0x00, 0x00, 0x00, 0x00,
  0x00, 0x00, 0x00, 0x00, 0x00, 0x00, 0x00, 0x00, 0x00, 0x00, 0x00, 0x00,
  0x00, 0x78, 0xff, 0xff, 0x84, 0x00, 0x00, 0x00, 0x00, 0x00, 0x00, 0x00,
  0x00, 0x00, 0x00, 0x00, 0x00, 0x00, 0x00, 0x00, 0x00, 0x00, 0x00, 0x00,
  0x00, 0x78, 0xff, 0xff, 0x84, 0x00, 0x00, 0x00, 0x00, 0x00, 0x00, 0x00,
  0x00, 0x00, 0x00, 0x00, 0x00, 0x50, 0xff, 0xff, 0xff, 0xff, 0xff, 0xff,
  0xff, 0xff, 0xff, 0xff, 0xff, 0xff, 0xff, 0xff, 0xff, 0xff, 0xff, 0xff,
  0x74, 0x00, 0x00, 0x00, 0x00, 0x50, 0xff, 0xff, 0xff, 0xff, 0xff, 0xff,
  0xff, 0xff, 0xff, 0xff, 0xff, 0xff, 0xff, 0xff, 0xff, 0xff, 0xff, 0xff,
  0x74, 0x00, 0x00, 0x00, 0x00, 0x50, 0xff, 0xff, 0xd3, 0xac, 0xac, 0xac,
  0xac, 0xd3, 0xff, 0xff, 0xd7, 0xac, 0xac, 0xac, 0xac, 0xd6, 0xff, 0xff,
  0x74, 0x00, 0x00, 0x00, 0x00, 0x50, 0xff, 0xff, 0x78, 0x00, 0x00, 0x00,
  0x00, 0x78, 0xff, 0xff, 0x84, 0x00, 0x00, 0x00, 0x00, 0x80, 0xff, 0xff,
  0x74, 0x00, 0x00, 0x00, 0x00, 0x50, 0xff, 0xff, 0x78, 0x00, 0x00, 0x00,
  0x00, 0x78, 0xff, 0xff, 0x84, 0x00, 0x00, 0x00, 0x00, 0x80, 0xff, 0xff,
  0x74, 0x00, 0x00, 0x00, 0x00, 0x50, 0xff, 0xff, 0x78, 0x00, 0x00, 0x00,
  0x00, 0x78, 0xff, 0xff, 0x84, 0x00, 0x00, 0x00, 0x00, 0x80, 0xff, 0xff,
  0x74, 0x00, 0x00, 0x00, 0x00, 0x50, 0xff, 0xff, 0xff, 0xff, 0xff, 0xff,
  0xff, 0xff, 0xff, 0xff, 0xff, 0xff, 0xff, 0xff, 0xff, 0xff, 0xff, 0xff,
  0x74, 0x00, 0x00, 0x00, 0x00, 0x50, 0xff, 0xff, 0xff, 0xff, 0xff, 0xff,
  0xff, 0xff, 0xff, 0xff, 0xff, 0xff, 0xff, 0xff, 0xff, 0xff, 0xff, 0xff,
  0x74, 0x00, 0x00, 0x00, 0x00, 0x35, 0xac, 0xac, 0xac, 0xad, 0xac, 0xac,
  0xac, 0xda, 0xff, 0xff, 0xd2, 0xac, 0xac, 0xac, 0xac, 0xac, 0xac, 0xac,
  0x4d, 0x00, 0x00, 0x00, 0x00, 0x00, 0x0f, 0x6e, 0xc9, 0xaa, 0x00, 0x00,
  0x00, 0xaf, 0xff, 0xff, 0x5e, 0x00, 0x00, 0x00, 0x00, 0x00, 0x00, 0x00,
  0x00, 0x00, 0x00, 0x00, 0x00, 0x00, 0x0e, 0xeb, 0xff, 0xff, 0x5b, 0x00,
  0x01, 0xe4, 0xff, 0xff, 0x2d, 0x00, 0x00, 0x00, 0x00, 0x00, 0x00, 0x00,
  0x00, 0x00, 0x00, 0x00, 0x00, 0x00, 0x00, 0x60, 0xff, 0xff, 0xf7, 0x47,
  0x47, 0xff, 0xff, 0xe2, 0x01, 0x00, 0x00, 0x00, 0x00, 0x00, 0x00, 0x00,
  0x00, 0x00, 0x00, 0x00, 0x00, 0x00, 0x00, 0x00, 0xa0, 0xff, 0xff, 0xf8,
  0xe2, 0xff, 0xff, 0x79, 0x00, 0x00, 0x00, 0x00, 0x00, 0x00, 0x00, 0x00,
  0x00, 0x00, 0x00, 0x00, 0x00, 0x00, 0x00, 0x00, 0x04, 0xb0, 0xff, 0xff,
  0xff, 0xff, 0xe8, 0x0c, 0x00, 0x00, 0x00, 0x00, 0x00, 0x00, 0x00, 0x00,
  0x00, 0x00, 0x00, 0x00, 0x00, 0x00, 0x00, 0x00, 0x1a, 0x90, 0xff, 0xff,
  0xff, 0xff, 0xff, 0xf2, 0xb4, 0x7f, 0x5d, 0x3b, 0x24, 0x14, 0x04, 0x00,
  0x00, 0x00, 0x00, 0x00, 0x01, 0x28, 0x6c, 0xb9, 0xfc, 0xff, 0xff, 0xff,
  0xfe, 0xff, 0xff, 0xff, 0xff, 0xff, 0xff, 0xff, 0xff, 0xff, 0xff, 0xfa,
  0xf4, 0xea, 0x29, 0x07, 0xce, 0xff, 0xff, 0xff, 0xff, 0xff, 0xf9, 0x91,
  0x14, 0x47, 0x9d, 0xe5, 0xff, 0xff, 0xff, 0xff, 0xff, 0xff, 0xff, 0xff,
  0xff, 0xaa, 0x00, 0x00, 0x38, 0xfd, 0xff, 0xff, 0xe0, 0x84, 0x19, 0x00,
  0x00, 0x00, 0x00, 0x00, 0x17, 0x4a, 0x73, 0x90, 0xac, 0xc5, 0xd7, 0xe7,
  0xf6, 0x51, 0x00, 0x00, 0x00, 0x75, 0x78, 0x34, 0x01, 0x00, 0x00, 0x00,
  0x00, 0x00, 0x00, 0x00, 0x00, 0x00, 0x00, 0x00, 0x00, 0x00, 0x00, 0x00,
  0x00, 0x00, 0x00, 0x00, 0x00, 0x00, 0x00, 0x00, 0x00, 0x00, 0x00, 0x00,
  0x1b, 0x5e, 0x0e, 0x00, 0x00, 0x02, 0x81, 0x5d, 0x32, 0x00, 0x00, 0x00,
  0x00, 0x00, 0x00, 0x00, 0x00, 0x01, 0x19, 0x39, 0x5a, 0x84, 0xb0, 0xdf,
  0xff, 0xff, 0xce, 0x16, 0x00, 0x1d, 0xff, 0xff, 0xc3, 0x00, 0x00, 0x00,
  0x00, 0x00, 0x00, 0x00, 0x00, 0x6f, 0xff, 0xff, 0xff, 0xff, 0xff, 0xff,
  0xff, 0xff, 0xe0, 0x7a, 0x00, 0x3f, 0xff, 0xff, 0x9f, 0x00, 0x00, 0x00,
  0x00, 0x00, 0x00, 0x00, 0x00, 0x70, 0xff, 0xff, 0xdc, 0xb5, 0x93, 0x72,
  0x4a, 0x18, 0x00, 0x00, 0x00, 0x63, 0xff, 0xff, 0x76, 0x00, 0x00, 0x00,
  0x00, 0x00, 0x00, 0x00, 0x00, 0x70, 0xff, 0xff, 0x34, 0x00, 0x00, 0x00,
  0x00, 0x00, 0x00, 0x00, 0x00, 0x94, 0xff, 0xff, 0x4a, 0x00, 0x00, 0x00,
  0x00, 0x00, 0x00, 0x00, 0x00, 0x70, 0xff, 0xff, 0xff, 0xff, 0xff, 0xff,
  0xff, 0xff, 0xff, 0x5c, 0x00, 0xc5, 0xff, 0xff, 0xff, 0xff, 0xff, 0xff,
  0xff, 0xff, 0x34, 0x00, 0x00, 0x70, 0xff, 0xff, 0xff, 0xff, 0xff, 0xff,
  0xff, 0xff, 0xff, 0x5c, 0x08, 0xf6, 0xff, 0xff, 0xff, 0xff, 0xff, 0xff,
  0xff, 0xff, 0x34, 0x00, 0x00, 0x70, 0xff, 0xff, 0x6a, 0x44, 0x44, 0x44,
  0x61, 0xff, 0xff, 0x5c, 0x49, 0xff, 0xff, 0xcc, 0x98, 0x98, 0xd3, 0xff,
  0xff, 0x9c, 0x1e, 0x00, 0x00, 0x70, 0xff, 0xff, 0x34, 0x00, 0x00, 0x00,
  0x28, 0xff, 0xff, 0x5c, 0x93, 0xff, 0xff, 0x9b, 0x00, 0x00, 0xb7, 0xff,
  0xec, 0x00, 0x00, 0x00, 0x00, 0x76, 0xff, 0xff, 0x6a, 0x44, 0x44, 0x44,
  0x61, 0xff, 0xff, 0x68, 0xee, 0xff, 0xff, 0xd9, 0x00, 0x00, 0xea, 0xff,
  0xc1, 0x00, 0x00, 0x00, 0x00, 0x7c, 0xff, 0xff, 0xff, 0xff, 0xff, 0xff,
  0xff, 0xff, 0xff, 0xcb, 0xff, 0xff, 0xff, 0xff, 0x19, 0x21, 0xff, 0xff,
  0x8d, 0x00, 0x00, 0x00, 0x00, 0x84, 0xff, 0xff, 0xff, 0xff, 0xff, 0xff,
  0xff, 0xff, 0xff, 0xff, 0xff, 0xf6, 0xff, 0xff, 0x6f, 0x6e, 0xff, 0xff,
  0x50, 0x00, 0x00, 0x00, 0x00, 0x98, 0xff, 0xff, 0x1b, 0x00, 0x00, 0x00,
  0x00, 0x00, 0x00, 0x75, 0xff, 0x9d, 0xd6, 0xff, 0xcc, 0xbe, 0xff, 0xfb,
  0x12, 0x00, 0x00, 0x00, 0x00, 0xad, 0xff, 0xff, 0x07, 0x00, 0x00, 0x00,
  0x00, 0x00, 0x00, 0x00, 0x92, 0x38, 0x8a, 0xff, 0xff, 0xfd, 0xff, 0xbc,
  0x00, 0x00, 0x00, 0x00, 0x00, 0xc5, 0xff, 0xff, 0xff, 0xff, 0xff, 0xff,
  0xff, 0xff, 0xff, 0x68, 0x05, 0x00, 0x35, 0xff, 0xff, 0xff, 0xff, 0x65,
  0x00, 0x00, 0x00, 0x00, 0x03, 0xf4, 0xff, 0xff, 0xff, 0xff, 0xff, 0xff,
  0xff, 0xff, 0xff, 0x68, 0x00, 0x00, 0x00, 0xd6, 0xff, 0xff, 0xee, 0x0a,
  0x00, 0x00, 0x00, 0x00, 0x2d, 0xff, 0xff, 0xff, 0xff, 0xcb, 0x44, 0x44,
  0x58, 0xff, 0xff, 0x68, 0x00, 0x00, 0x04, 0xc8, 0xff, 0xff, 0xd0, 0x04,
  0x00, 0x00, 0x00, 0x00, 0x65, 0xff, 0xff, 0xff, 0xff, 0xb8, 0x00, 0x00,
  0x1c, 0xff, 0xff, 0x68, 0x00, 0x00, 0x91, 0xff, 0xff, 0xff, 0xff, 0x90,
  0x00, 0x00, 0x00, 0x00, 0xba, 0xff, 0xff, 0xd9, 0xff, 0xff, 0xff, 0xff,
  0xff, 0xff, 0xff, 0x68, 0x00, 0x6b, 0xff, 0xff, 0xff, 0xff, 0xff, 0xff,
  0x65, 0x00, 0x00, 0x28, 0xfd, 0xff, 0xd1, 0xb0, 0xff, 0xff, 0xff, 0xff,
  0xff, 0xff, 0xff, 0x72, 0x91, 0xff, 0xff, 0xff, 0x93, 0xb4, 0xff, 0xff,
  0xfe, 0x81, 0x03, 0x3d, 0xe7, 0xff, 0x66, 0xb0, 0xff, 0xc8, 0x3c, 0x3c,
  0x51, 0xff, 0xff, 0xfb, 0xff, 0xff, 0xff, 0xa3, 0x01, 0x11, 0xdf, 0xff,
  0xff, 0xe3, 0x21, 0x00, 0x15, 0xa0, 0x04, 0x73, 0xa8, 0x78, 0x00, 0x00,
  0x08, 0x4c, 0x4c, 0x55, 0xf2, 0xf9, 0x7c, 0x03, 0x00, 0x00, 0x24, 0xdc,
  0xf1, 0x2a, 0x00, 0x00, 0x00, 0x00, 0x00, 0x00, 0x00, 0x00, 0x00, 0x00,
  0x00, 0x00, 0x00, 0x00, 0x45, 0x2e, 0x00, 0x00, 0x00, 0x00, 0x00, 0x15,
  0x46, 0x00, 0x00, 0x00, 0x44, 0xff, 0xff, 0xff, 0xff, 0xff, 0xff, 0xff,
  0xff, 0x4c, 0x3c, 0xff, 0xff, 0xff, 0xff, 0xff, 0xff, 0xff, 0xff, 0x64,
  0x00, 0x00, 0x44, 0xff, 0xff, 0xd7, 0xc8, 0xc8, 0xdc, 0xff, 0xff, 0x4c,
  0x3c, 0xff, 0xff, 0xd7, 0xc8, 0xc8, 0xd7, 0xff, 0xff, 0x64, 0x00, 0x00,
  0x44, 0xff, 0xff, 0x48, 0x00, 0x00, 0x5c, 0xff, 0xff, 0x4c, 0x3c, 0xff,
  0xff, 0x48, 0x00, 0x00, 0x48, 0xff, 0xff, 0x64, 0x00, 0x00, 0x44, 0xff,
  0xff, 0x48, 0x00, 0x00, 0x5c, 0xff, 0xff, 0x4c, 0x3c, 0xff, 0xff, 0x48,
  0x00, 0x00, 0x48, 0xff, 0xff, 0x64, 0x00, 0x00, 0x44, 0xff, 0xff, 0xff,
  0xff, 0xff, 0xff, 0xff, 0xff, 0x4c, 0x3c, 0xff, 0xff, 0xff, 0xff, 0xff,
  0xff, 0xff, 0xff, 0x64, 0x00, 0x00, 0x35, 0xc8, 0xc8, 0xc8, 0xc8, 0xc8,
  0xc8, 0xc8, 0xc8, 0x3b, 0x2e, 0xc8, 0xc8, 0xc8, 0xc8, 0xc8, 0xc8, 0xc8,
  0xc8, 0x4e, 0x00, 0x00, 0x00, 0x00, 0x00, 0x00, 0x00, 0x00, 0x00, 0x00,
  0x00, 0x00, 0x00, 0x00, 0x00, 0x00, 0x00, 0x00, 0x00, 0x00, 0x00, 0x00,
  0x00, 0x00, 0x00, 0x68, 0xff, 0xff, 0xff, 0xff, 0xff, 0xff, 0xff, 0xff,
  0xff, 0xff, 0xff, 0xff, 0xff, 0xff, 0xff, 0xff, 0x9c, 0x00, 0x00, 0x00,
  0x00, 0x68, 0xff, 0xff, 0xff, 0xff, 0xff, 0xff, 0xff, 0xff, 0xff, 0xff,
  0xff, 0xff, 0xff, 0xff, 0xff, 0xff, 0x9c, 0x00, 0x00, 0x00, 0x00, 0x68,
  0xff, 0xff, 0x81, 0x30, 0x30, 0x30, 0xa5, 0xff, 0xff, 0x7e, 0x30, 0x30,
  0x30, 0x71, 0xff, 0xff, 0x9c, 0x00, 0x00, 0x00, 0x00, 0x68, 0xff, 0xff,
  0xff, 0xff, 0xff, 0xff, 0xff, 0xff, 0xff, 0xff, 0xff, 0xff, 0xff, 0xff,
  0xff, 0xff, 0x9c, 0x00, 0x00, 0x00, 0x00, 0x68, 0xff, 0xff, 0xff, 0xff,
  0xff, 0xff, 0xff, 0xff, 0xff, 0xff, 0xff, 0xff, 0xff, 0xff, 0xff, 0xff,
  0x9c, 0x00, 0x00, 0x00, 0x00, 0x68, 0xff, 0xff, 0x7e, 0x2c, 0x2c, 0x2c,
  0xa3, 0xff, 0xff, 0x7b, 0x2c, 0x2c, 0x2c, 0x6e, 0xff, 0xff, 0x9c, 0x00,
  0x00, 0x00, 0x00, 0x68, 0xff, 0xff, 0xff, 0xff, 0xff, 0xff, 0xff, 0xff,
  0xff, 0xff, 0xff, 0xff, 0xff, 0xff, 0xff, 0xff, 0x9c, 0x00, 0x00, 0x00,
  0x00, 0x68, 0xff, 0xff, 0xff, 0xff, 0xff, 0xff, 0xff, 0xff, 0xff, 0xff,
  0xff, 0xff, 0xff, 0xff, 0xff, 0xff, 0x9c, 0x00, 0x00, 0x00, 0x00, 0x00,
  0x00, 0x00, 0x00, 0x00, 0x00, 0x00, 0x90, 0xff, 0xff, 0x60, 0x00, 0x00,
  0x00, 0x00, 0x00, 0x00, 0x00, 0x00, 0x00, 0xb0, 0xff, 0xff, 0xff, 0xff,
  0xff, 0xff, 0xff, 0xff, 0xff, 0xff, 0xff, 0xff, 0xff, 0xff, 0xff, 0xff,
  0xff, 0xff, 0xff, 0xff, 0xb4, 0xb0, 0xff, 0xff, 0xff, 0xff, 0xff, 0xff,
  0xff, 0xff, 0xff, 0xff, 0xff, 0xff, 0xff, 0xff, 0xff, 0xff, 0xff, 0xff,
  0xff, 0xff, 0xb4, 0x4a, 0x6c, 0x6c, 0x6c, 0x6c, 0x6c, 0x6c, 0x6c, 0x6c,
  0xbf, 0xff, 0xff, 0xa3, 0x6c, 0x6c, 0x6c, 0x6c, 0x6c, 0x6c, 0x6c, 0x6c,
  0x4b, 0x00, 0x00, 0x00, 0x00, 0x00, 0x00, 0x00, 0x00, 0x00, 0x90, 0xff,
  0xff, 0x60, 0x00, 0x00, 0x00, 0x00, 0x00, 0x00, 0x00, 0x00, 0x00, 0x00,
  0x00, 0x00, 0x00, 0x00, 0x00, 0x00, 0x00, 0x00, 0x90, 0xff, 0xff, 0x60,
  0x00, 0x00, 0x00, 0x00, 0x00, 0x00, 0x00, 0x00, 0x00, 0x00, 0x00, 0x00,
  0x00, 0x00, 0x00, 0x00, 0x00, 0x00, 0x5e, 0xa8, 0xa8, 0x3f, 0x00, 0x00,
  0x00, 0x00, 0x00, 0x00, 0x00, 0x00, 0x00, 0x40, 0xff, 0xff, 0xff, 0xff,
  0xff, 0xff, 0xff, 0xff, 0xff, 0xff, 0xff, 0xff, 0xff, 0xff, 0xff, 0xff,
  0xff, 0xff, 0xff, 0xff, 0x44, 0x40, 0xff, 0xff, 0xff, 0xff, 0xff, 0xff,
  0xff, 0xff, 0xff, 0xff, 0xff, 0xff, 0xff, 0xff, 0xff, 0xff, 0xff, 0xff,
  0xff, 0xff, 0x44, 0x40, 0xff, 0xff, 0xfa, 0xec, 0xec, 0xec, 0xec, 0xec,
  0xec, 0xec, 0xec, 0xec, 0xec, 0xec, 0xec, 0xec, 0xec, 0xfc, 0xff, 0xff,
  0x44, 0x40, 0xff, 0xff, 0xbc, 0x00, 0x00, 0x00, 0x00, 0x00, 0x00, 0x00,
  0x00, 0x00, 0x00, 0x00, 0x00, 0x00, 0x00, 0xd8, 0xff, 0xff, 0x44, 0x40,
  0xff, 0xff, 0xbc, 0x00, 0x00, 0x00, 0x00, 0x00, 0x00, 0x00, 0x00, 0x00,
  0x00, 0x00, 0x00, 0x00, 0x00, 0xd8, 0xff, 0xff, 0x44, 0x40, 0xff, 0xff,
  0xbc, 0x00, 0x00, 0x00, 0x00, 0x00, 0x00, 0x00, 0x00, 0x00, 0x00, 0x00,
  0x00, 0x00, 0x00, 0xd8, 0xff, 0xff, 0x44, 0x40, 0xff, 0xff, 0xbc, 0x00,
  0x00, 0x8b, 0x90, 0x90, 0x90, 0x90, 0x90, 0x90, 0x90, 0x90, 0x77, 0x00,
  0x00, 0xd8, 0xff, 0xff, 0x44, 0x40, 0xff, 0xff, 0xbc, 0x00, 0x00, 0xf8,
  0xff, 0xff, 0xff, 0xff, 0xff, 0xff, 0xff, 0xff, 0xd4, 0x00, 0x00, 0xd8,
  0xff, 0xff, 0x44, 0x40, 0xff, 0xff, 0xbc, 0x00, 0x00, 0xf8, 0xff, 0xff,
  0xff, 0xff, 0xff, 0xff, 0xff, 0xff, 0xd4, 0x00, 0x00, 0xd8, 0xff, 0xff,
  0x44, 0x40, 0xff, 0xff, 0xbc, 0x00, 0x00, 0xf8, 0xff, 0xb8, 0x00, 0x00,
  0x00, 0x10, 0xff, 0xff, 0xd4, 0x00, 0x00, 0xd8, 0xff, 0xff, 0x44, 0x40,
  0xff, 0xff, 0xbc, 0x00, 0x00, 0xf8, 0xff, 0xb8, 0x00, 0x00, 0x00, 0x10,
  0xff, 0xff, 0xd4, 0x00, 0x00, 0xd8, 0xff, 0xff, 0x44, 0x40, 0xff, 0xff,
  0xbc, 0x00, 0x00, 0xf8, 0xff, 0xb8, 0x00, 0x00, 0x00, 0x10, 0xff, 0xff,
  0xd4, 0x00, 0x00, 0xd8, 0xff, 0xff, 0x44, 0x40, 0xff, 0xff, 0xbc, 0x00,
  0x00, 0xf8, 0xff, 0xd7, 0x70, 0x70, 0x70, 0x79, 0xff, 0xff, 0xd4, 0x00,
  0x00, 0xd8, 0xff, 0xff, 0x44, 0x40, 0xff, 0xff, 0xbc, 0x00, 0x00, 0xf8,
  0xff, 0xff, 0xff, 0xff, 0xff, 0xff, 0xff, 0xff, 0xd4, 0x00, 0x00, 0xd8,
  0xff, 0xff, 0x44, 0x40, 0xff, 0xff, 0xbc, 0x00, 0x00, 0xf8, 0xff, 0xff,
  0xff, 0xff, 0xff, 0xff, 0xff, 0xff, 0xd4, 0x00, 0x00, 0xd8, 0xff, 0xff,
  0x44, 0x40, 0xff, 0xff, 0xbc, 0x00, 0x00, 0x00, 0x00, 0x00, 0x00, 0x00,
  0x00, 0x00, 0x00, 0x00, 0x00, 0x00, 0x00, 0xd8, 0xff, 0xff, 0x44, 0x40,
  0xff, 0xff, 0xbc, 0x00, 0x00, 0x00, 0x00, 0x00, 0x00, 0x00, 0x00, 0x00,
  0x00, 0x00, 0x00, 0x00, 0x00, 0xd8, 0xff, 0xff, 0x44, 0x40, 0xff, 0xff,
  0xbc, 0x00, 0x00, 0x00, 0x00, 0x00, 0x00, 0x00, 0x00, 0x00, 0x00, 0x00,
  0x00, 0x00, 0x00, 0xd8, 0xff, 0xff, 0x44, 0x40, 0xff, 0xff, 0xec, 0xb8,
  0xb8, 0xb8, 0xb8, 0xb8, 0xb8, 0xb8, 0xb8, 0xb8, 0xb8, 0xb8, 0xb8, 0xb8,
  0xb8, 0xf4, 0xff, 0xff, 0x44, 0x40, 0xff, 0xff, 0xff, 0xff, 0xff, 0xff,
  0xff, 0xff, 0xff, 0xff, 0xff, 0xff, 0xff, 0xff, 0xff, 0xff, 0xff, 0xff,
  0xff, 0xff, 0x44, 0x40, 0xff, 0xff, 0xff, 0xff, 0xff, 0xff, 0xff, 0xff,
  0xff, 0xff, 0xff, 0xff, 0xff, 0xff, 0xff, 0xff, 0xff, 0xff, 0xff, 0xff,
  0x44, 0x28, 0xa0, 0xa0, 0x75, 0x00, 0x00, 0x00, 0x00, 0x00, 0x00, 0x00,
  0x00, 0x00, 0x00, 0x00, 0x00, 0x00, 0x00, 0x87, 0xa0, 0xa0, 0x2a, 0x00,
  0x00, 0x00, 0x00, 0x00, 0x00, 0x00, 0x00, 0x00, 0x00, 0x4a, 0x98, 0x88,
  0x3c, 0x00, 0x00, 0x00, 0x00, 0x00, 0x00, 0x00, 0x00, 0x00, 0x00, 0x00,
  0x00, 0x00, 0x00, 0x00, 0x00, 0x00, 0x00, 0x00, 0x00, 0x85, 0xff, 0xff,
  0x67, 0x00, 0x00, 0x00, 0x00, 0x00, 0x00, 0x00, 0x00, 0x00, 0x00, 0x00,
  0x00, 0x14, 0xff, 0xff, 0xff, 0xff, 0xff, 0xff, 0xff, 0xff, 0xff, 0xff,
  0xff, 0xff, 0xff, 0xff, 0xff, 0xff, 0xff, 0xff, 0x44, 0x00, 0x00, 0x00,
  0x00, 0x14, 0xff, 0xff, 0xff, 0xff, 0xff, 0xff, 0xff, 0xff, 0xff, 0xff,
  0xff, 0xff, 0xff, 0xff, 0xff, 0xff, 0xff, 0xff, 0x44, 0x00, 0x00, 0x00,
  0x00, 0x04, 0x38, 0x38, 0x38, 0x38, 0x38, 0x38, 0x42, 0xff, 0xff, 0xd9,
  0x38, 0x38, 0x38, 0x38, 0x38, 0x38, 0x38, 0x38, 0x0e, 0x00, 0x00, 0x00,
  0x00, 0x00, 0x11, 0x54, 0x54, 0x54, 0x54, 0x54, 0x77, 0xff, 0xff, 0xc5,
  0x54, 0x54, 0x54, 0x54, 0x54, 0x54, 0x54, 0x1e, 0x00, 0x00, 0x00, 0x00,
  0x00, 0x00, 0x34, 0xff, 0xff, 0xff, 0xff, 0xff, 0xff, 0xff, 0xff, 0xff,
  0xff, 0xff, 0xff, 0xff, 0xff, 0xff, 0xff, 0x5c, 0x00, 0x00, 0x00, 0x00,
  0x00, 0x00, 0x34, 0xff, 0xff, 0xff, 0xff, 0xff, 0xff, 0xff, 0xff, 0xff,
  0xff, 0xff, 0xff, 0xff, 0xff, 0xff, 0xff, 0x5c, 0x00, 0x00, 0x00, 0x00,
  0x00, 0x00, 0x00, 0x00, 0x00, 0x00, 0x00, 0x82, 0xff, 0xff, 0x8e, 0x00,
  0x00, 0x00, 0x00, 0x00, 0x00, 0x00, 0x00, 0x00, 0x00, 0x00, 0x00, 0x00,
  0xd4, 0xff, 0xff, 0xff, 0xff, 0xff, 0xff, 0xff, 0xff, 0xff, 0xff, 0xff,
  0xff, 0xff, 0xff, 0xff, 0xff, 0xff, 0xff, 0xff, 0xff, 0xd4, 0x00, 0x00,
  0xd4, 0xff, 0xff, 0xff, 0xff, 0xff, 0xff, 0xff, 0xff, 0xff, 0xff, 0xff,
  0xff, 0xff, 0xff, 0xff, 0xff, 0xff, 0xff, 0xff, 0xff, 0xd4, 0x00, 0x00,
  0x48, 0x58, 0x58, 0x58, 0x6a, 0xf2, 0xff, 0xff, 0xc6, 0x58, 0x58, 0x58,
  0x58, 0x92, 0xff, 0xff, 0xf0, 0x6a, 0x58, 0x58, 0x58, 0x48, 0x00, 0x00,
  0x00, 0x00, 0x00, 0x32, 0xd9, 0xff, 0xff, 0xfa, 0x45, 0x24, 0x24, 0x24,
  0x24, 0x26, 0xd5, 0xff, 0xff, 0xde, 0x41, 0x00, 0x00, 0x00, 0x00, 0x00,
  0x00, 0x11, 0x8b, 0xfa, 0xff, 0xff, 0xff, 0xff, 0xff, 0xff, 0xff, 0xff,
  0xff, 0xff, 0xff, 0xfd, 0xff, 0xff, 0xff, 0xad, 0x34, 0x00, 0x00, 0x0f,
  0x8b, 0xef, 0xff, 0xff, 0xff, 0xbd, 0x6d, 0xff, 0xff, 0xff, 0xff, 0xff,
  0xff, 0xff, 0xff, 0x8f, 0x89, 0xfd, 0xff, 0xff, 0xff, 0xd3, 0x20, 0x00,
  0x88, 0xff, 0xff, 0xf1, 0x7f, 0x30, 0x30, 0x30, 0x30, 0x72, 0xff, 0xff,
  0x6f, 0x30, 0x30, 0x30, 0x30, 0x69, 0xe7, 0xff, 0xff, 0x79, 0x00, 0x00,
  0x00, 0x98, 0x6d, 0xc7, 0xff, 0xff, 0xff, 0xff, 0xff, 0xff, 0xff, 0xff,
  0xff, 0xff, 0xff, 0xff, 0xff, 0xff, 0xc8, 0x30, 0x7c, 0x01, 0x00, 0x00,
  0x00, 0x00, 0x00, 0xc0, 0xff, 0xff, 0xff, 0xff, 0xff, 0xff, 0xff, 0xff,
  0xff, 0xff, 0xff, 0xff, 0xff, 0xff, 0xc8, 0x00, 0x00, 0x00, 0x00, 0x00,
  0x00, 0x00, 0x00, 0x00, 0x00, 0x00, 0x03, 0x6f, 0xf8, 0xff, 0xfe, 0x43,
  0x51, 0xf7, 0xd2, 0x73, 0x17, 0x00, 0x00, 0x00, 0x00, 0x00, 0x00, 0x00,
  0x00, 0x00, 0x00, 0x00, 0x13, 0x6a, 0xd9, 0xff, 0xff, 0xfe, 0x6c, 0x21,
  0xe2, 0xff, 0xff, 0xff, 0xfa, 0xa9, 0x3e, 0x00, 0x00, 0x00, 0x00, 0x00,
  0x00, 0x0b, 0x83, 0xc2, 0xfa, 0xff, 0xff, 0xff, 0xde, 0x45, 0x00, 0x00,
  0x03, 0x4c, 0xb6, 0xfe, 0xff, 0xff, 0xff, 0xca, 0x31, 0x00, 0x00, 0x00,
  0x00, 0x00, 0x7e, 0xff, 0xff, 0xff, 0xcd, 0x66, 0x06, 0x00, 0x00, 0x00,
  0x00, 0x00, 0x00, 0x29, 0x9c, 0xfb, 0xff, 0xbe, 0x0d, 0x00, 0x00, 0x00,
  0x00, 0x00, 0x00, 0x84, 0x70, 0x28, 0x00, 0x00, 0x00, 0x00, 0x00, 0x00,
  0x00, 0x00, 0x00, 0x00, 0x00, 0x24, 0x82, 0x07, 0x00, 0x00, 0x00, 0x00,
  0x00, 0x00, 0x31, 0x77, 0x69, 0x3f, 0x00, 0x00, 0x00, 0x00, 0x00, 0x00,
  0x00, 0x00, 0x00, 0x00, 0x00, 0x00, 0x00, 0x00, 0x00, 0x00, 0x00, 0x00,
  0x00, 0x73, 0xff, 0xff, 0x95, 0x00, 0x00, 0x00, 0x00, 0x00, 0x00, 0x00,
  0x00, 0x00, 0x00, 0x00, 0x00, 0x00, 0x00, 0x00, 0x00, 0x00, 0x00, 0x00,
  0x88, 0xff, 0xff, 0x71, 0x00, 0x00, 0x00, 0x00, 0x00, 0x54, 0xff, 0xff,
  0xff, 0xff, 0xff, 0xff, 0xff, 0xff, 0xff, 0x04, 0x00, 0x00, 0x00, 0xa6,
  0xff, 0xff, 0x4d, 0x00, 0x83, 0xf0, 0xf0, 0x3c, 0x54, 0xff, 0xff, 0xff,
  0xff, 0xff, 0xff, 0xff, 0xff, 0xff, 0x04, 0x00, 0x00, 0x00, 0xc5, 0xff,
  0xff, 0x7e, 0x7b, 0xcd, 0xff, 0xff, 0xf5, 0x65, 0xff, 0xff, 0xcf, 0xb0,
  0xb0, 0xb0, 0xf2, 0xff, 0xff, 0x04, 0x40, 0xda, 0xf3, 0xff, 0xff, 0xff,
  0xff, 0xff, 0xff, 0xff, 0xff, 0xff, 0x62, 0xff, 0xff, 0x64, 0x00, 0x00,
  0x00, 0xd4, 0xff, 0xff, 0x04, 0x39, 0xff, 0xff, 0xff, 0xff, 0xff, 0xff,
  0xff, 0xff, 0xff, 0xff, 0xbc, 0x5b, 0xff, 0xff, 0x64, 0x00, 0x00, 0x00,
  0xd4, 0xff, 0xff, 0x04, 0x1d, 0xef, 0xe2, 0xff, 0xff, 0xc7, 0x5c, 0x3b,
  0xa9, 0xff, 0xff, 0x30, 0x54, 0xff, 0xff, 0x64, 0x00, 0x00, 0x00, 0xd4,
  0xff, 0xff, 0x04, 0x00, 0x00, 0x78, 0xff, 0xff, 0x72, 0x00, 0x00, 0xab,
  0xff, 0xff, 0x1d, 0x54, 0xff, 0xff, 0x64, 0x00, 0x00, 0x00, 0xd4, 0xff,
  0xff, 0x04, 0x00, 0x00, 0xae, 0xff, 0xff, 0x3e, 0x00, 0x00, 0xcb, 0xff,
  0xff, 0x0a, 0x54, 0xff, 0xff, 0x64, 0x00, 0x00, 0x00, 0xd4, 0xff, 0xff,
  0x04, 0x00, 0x00, 0xe5, 0xff, 0xfc, 0x0c, 0x00, 0x02, 0xf2, 0xff, 0xe5,
  0x00, 0x54, 0xff, 0xff, 0x64, 0x00, 0x00, 0x00, 0xd4, 0xff, 0xff, 0x04,
  0x00, 0x23, 0xff, 0xff, 0xcf, 0x00, 0x00, 0x35, 0xff, 0xff, 0xb6, 0x00,
  0x54, 0xff, 0xff, 0x64, 0x00, 0x00, 0x00, 0xd4, 0xff, 0xff, 0x04, 0x00,
  0x66, 0xff, 0xff, 0x9d, 0x00, 0x00, 0x81, 0xff, 0xff, 0x77, 0x00, 0x54,
  0xff, 0xff, 0x64, 0x00, 0x00, 0x00, 0xd4, 0xff, 0xff, 0x04, 0x00, 0x80,
  0xff, 0xff, 0xfc, 0x86, 0x0d, 0xe7, 0xff, 0xff, 0x29, 0x00, 0x54, 0xff,
  0xff, 0x64, 0x00, 0x00, 0x00, 0xd4, 0xff, 0xff, 0x04, 0x00, 0x00, 0x84,
  0xff, 0xff, 0xff, 0xea, 0xff, 0xff, 0xcd, 0x00, 0x00, 0x54, 0xff, 0xff,
  0x64, 0x00, 0x00, 0x00, 0xd4, 0xff, 0xff, 0x04, 0x00, 0x00, 0x00, 0x63,
  0xfb, 0xff, 0xff, 0xff, 0xff, 0x57, 0x00, 0x00, 0x54, 0xff, 0xff, 0x64,
  0x00, 0x00, 0x00, 0xd4, 0xff, 0xff, 0x04, 0x00, 0x00, 0x00, 0x00, 0x49,
  0xf7, 0xff, 0xff, 0xff, 0x46, 0x00, 0x00, 0x54, 0xff, 0xff, 0x64, 0x00,
  0x00, 0x00, 0xd4, 0xff, 0xff, 0x04, 0x00, 0x00, 0x00, 0x00, 0x63, 0xff,
  0xff, 0xff, 0xff, 0xf9, 0x53, 0x00, 0x54, 0xff, 0xff, 0xc7, 0xa4, 0xa4,
  0xa4, 0xf0, 0xff, 0xff, 0x04, 0x00, 0x00, 0x00, 0x71, 0xfe, 0xff, 0xff,
  0xe8, 0xff, 0xff, 0xfb, 0x52, 0x54, 0xff, 0xff, 0xff, 0xff, 0xff, 0xff,
  0xff, 0xff, 0xff, 0x04, 0x00, 0x15, 0xac, 0xff, 0xff, 0xff, 0x91, 0x12,
  0xce, 0xff, 0xff, 0xad, 0x54, 0xff, 0xff, 0xff, 0xff, 0xff, 0xff, 0xff,
  0xff, 0xff, 0x04, 0x17, 0xe8, 0xff, 0xff, 0xff, 0x86, 0x00, 0x00, 0x13,
  0xda, 0xb7, 0x07, 0x54, 0xff, 0xff, 0x64, 0x00, 0x00, 0x00, 0xd4, 0xff,
  0xff, 0x04, 0x00, 0x46, 0xf9, 0xf0, 0x56, 0x00, 0x00, 0x00, 0x00, 0x1e,
  0x08, 0x00, 0x54, 0xff, 0xff, 0x64, 0x00, 0x00, 0x00, 0x77, 0x90, 0x90,
  0x02, 0x00, 0x00, 0x49, 0x19, 0x00, 0x00, 0x00, 0x00, 0x00, 0x00, 0x00,
  0x00, 0x00, 0x00, 0x00, 0x00, 0x00, 0x00, 0x00, 0x00, 0x00, 0x00, 0x00,
  0x00, 0x00, 0x00, 0x34, 0x75, 0x64, 0x15, 0x00, 0x00, 0x00, 0x00, 0x00,
  0x00, 0x00, 0x59, 0x5d, 0x1b, 0x00, 0x00, 0x00, 0x00, 0x00, 0x00, 0x00,
  0x00, 0x00, 0x00, 0x7d, 0xff, 0xff, 0x27, 0x00, 0x00, 0x00, 0x00, 0x00,
  0x00, 0x05, 0xe9, 0xff, 0xff, 0x47, 0x00, 0x00, 0x00, 0x00, 0x00, 0x00,
  0x00, 0x00, 0x00, 0x99, 0xff, 0xfe, 0x07, 0x00, 0x00, 0x00, 0x00, 0x00,
  0x00, 0x56, 0xff, 0xff, 0xd5, 0x01, 0x00, 0x00, 0x00, 0x00, 0x00, 0x00,
  0x00, 0x00, 0x00, 0xbd, 0xff, 0xe0, 0x09, 0x54, 0x54, 0x24, 0x00, 0x00,
  0x00, 0xc2, 0xff, 0xff, 0x5a, 0x00, 0x00, 0x22, 0x00, 0x00, 0x00, 0x00,
  0x00, 0x00, 0x00, 0xe4, 0xff, 0xb7, 0x1c, 0xff, 0xff, 0x70, 0x00, 0x00,
  0x3e, 0xff, 0xff, 0xd9, 0x03, 0x3b, 0xc5, 0xf9, 0x2f, 0x00, 0x00, 0x00,
  0x23, 0x88, 0x93, 0xff, 0xff, 0xe5, 0xcb, 0xff, 0xff, 0xfa, 0x79, 0x00,
  0xc4, 0xff, 0xff, 0x4e, 0x00, 0x33, 0xfa, 0xff, 0xd2, 0x06, 0x00, 0x00,
  0x33, 0xff, 0xff, 0xff, 0xff, 0xff, 0xff, 0xff, 0xff, 0xff, 0x79, 0x58,
  0xff, 0xff, 0xb8, 0x00, 0x00, 0x00, 0x81, 0xff, 0xff, 0x79, 0x00, 0x00,
  0x19, 0xf8, 0xf5, 0xff, 0xff, 0xbc, 0xb3, 0xff, 0xff, 0xa7, 0x44, 0xea,
  0xff, 0xf6, 0x2e, 0x1e, 0x2f, 0x41, 0x5a, 0xf7, 0xff, 0xf1, 0x15, 0x00,
  0x00, 0x00, 0x9f, 0xff, 0xf4, 0x03, 0x37, 0xff, 0xff, 0x7c, 0xd6, 0xff,
  0xff, 0xff, 0xff, 0xff, 0xff, 0xff, 0xff, 0xff, 0xff, 0xff, 0x92, 0x00,
  0x00, 0x00, 0xd9, 0xff, 0xbe, 0x00, 0x4c, 0xff, 0xff, 0x5f, 0xf9, 0xff,
  0xff, 0xff, 0xff, 0xff, 0xff, 0xff, 0xff, 0xff, 0xff, 0xff, 0xf6, 0x14,
  0x00, 0x13, 0xff, 0xff, 0x83, 0x00, 0x63, 0xff, 0xff, 0x33, 0xbb, 0xff,
  0xff, 0xfa, 0xd8, 0xb6, 0x95, 0x75, 0x56, 0x37, 0x6a, 0xff, 0xff, 0x68,
  0x00, 0x52, 0xff, 0xff, 0x46, 0x00, 0x90, 0xff, 0xff, 0x11, 0x52, 0x64,
  0x29, 0x04, 0x00, 0x00, 0x00, 0x00, 0x00, 0x00, 0x0f, 0xeb, 0x70, 0x05,
  0x00, 0x95, 0xff, 0xff, 0x4a, 0x00, 0xca, 0xff, 0xdc, 0x00, 0x00, 0x00,
  0x00, 0x00, 0x00, 0x00, 0x00, 0x00, 0x00, 0x00, 0x00, 0x0c, 0x00, 0x00,
  0x00, 0x78, 0xff, 0xff, 0xfa, 0x77, 0xfe, 0xff, 0xa3, 0x00, 0x23, 0x8c,
  0x8c, 0x8c, 0x8c, 0x8c, 0x8c, 0x8c, 0x8c, 0x8c, 0x8c, 0x89, 0x00, 0x00,
  0x00, 0x00, 0x64, 0xfc, 0xff, 0xff, 0xff, 0xff, 0x52, 0x00, 0x40, 0xff,
  0xff, 0xff, 0xff, 0xff, 0xff, 0xff, 0xff, 0xff, 0xff, 0xfc, 0x00, 0x00,
  0x00, 0x00, 0x00, 0x4e, 0xf6, 0xff, 0xff, 0xfc, 0x10, 0x00, 0x40, 0xff,
  0xff, 0xff, 0xff, 0xff, 0xff, 0xff, 0xff, 0xff, 0xff, 0xfc, 0x00, 0x00,
  0x00, 0x00, 0x00, 0x00, 0x8e, 0xff, 0xff, 0xff, 0xba, 0x0a, 0x40, 0xff,
  0xff, 0x60, 0x00, 0x00, 0x00, 0x00, 0x00, 0xc0, 0xff, 0xfc, 0x00, 0x00,
  0x00, 0x00, 0x00, 0x2e, 0xf7, 0xff, 0xff, 0xff, 0xff, 0xbe, 0x49, 0xff,
  0xff, 0x60, 0x00, 0x00, 0x00, 0x00, 0x00, 0xc0, 0xff, 0xfc, 0x00, 0x00,
  0x00, 0x00, 0x18, 0xdf, 0xff, 0xff, 0x90, 0xeb, 0xff, 0xff, 0x94, 0xff,
  0xff, 0x60, 0x00, 0x00, 0x00, 0x00, 0x00, 0xc0, 0xff, 0xfc, 0x00, 0x00,
  0x00, 0x1d, 0xd8, 0xff, 0xff, 0xb1, 0x01, 0x2f, 0xf0, 0xa0, 0x40, 0xff,
  0xff, 0xab, 0x78, 0x78, 0x78, 0x78, 0x78, 0xde, 0xff, 0xfc, 0x00, 0x00,
  0x21, 0xea, 0xff, 0xff, 0xcd, 0x0c, 0x00, 0x00, 0x34, 0x08, 0x40, 0xff,
  0xff, 0xff, 0xff, 0xff, 0xff, 0xff, 0xff, 0xff, 0xff, 0xfc, 0x00, 0x00,
  0x00, 0x77, 0xff, 0xc8, 0x11, 0x00, 0x00, 0x00, 0x00, 0x00, 0x40, 0xff,
  0xff, 0xff, 0xff, 0xff, 0xff, 0xff, 0xff, 0xff, 0xff, 0xfc, 0x00, 0x00,
  0x00, 0x00, 0x5a, 0x08, 0x00, 0x00, 0x00, 0x00, 0x00, 0x00, 0x3e, 0xf8,
  0xf8, 0x5d, 0x00, 0x00, 0x00, 0x00, 0x00, 0x78, 0xa0, 0x9d, 0x00, 0x00,
  0x00, 0x00, 0x00, 0x00, 0x00, 0x00, 0x00, 0x00, 0x2a, 0x88, 0x4c, 0x11,
  0x00, 0x00, 0x00, 0x00, 0x00, 0x00, 0x00, 0x00, 0x00, 0x00, 0x00, 0x00,
  0x00, 0x00, 0x00, 0x00, 0x00, 0x00, 0x00, 0x00, 0x80, 0xff, 0xff, 0xa9,
  0x00, 0x00, 0x00, 0x00, 0x00, 0x00, 0x00, 0x00, 0x00, 0x00, 0x00, 0x00,
  0x00, 0x00, 0x00, 0x00, 0x00, 0x00, 0x00, 0x00, 0xd5, 0xff, 0xff, 0x50,
  0x00, 0x00, 0x00, 0x00, 0x00, 0x00, 0x00, 0x00, 0x00, 0x00, 0x00, 0x00,
  0x00, 0x6b, 0xac, 0xac, 0xac, 0xac, 0xac, 0xb1, 0xff, 0xff, 0xff, 0xb2,
  0xac, 0xac, 0xac, 0xac, 0xac, 0xac, 0xac, 0xac, 0xac, 0xac, 0x76, 0x00,
  0x00, 0xa0, 0xff, 0xff, 0xff, 0xff, 0xff, 0xff, 0xff, 0xff, 0xff, 0xff,
  0xff, 0xff, 0xff, 0xff, 0xff, 0xff, 0xff, 0xff, 0xff, 0xff, 0xb0, 0x00,
  0x00, 0xa0, 0xff, 0xff, 0xff, 0xff, 0xff, 0xff, 0xff, 0xff, 0xff, 0xff,
  0xff, 0xff, 0xff, 0xff, 0xff, 0xff, 0xff, 0xff, 0xff, 0xff, 0xb0, 0x00,
  0x00, 0x00, 0x00, 0x00, 0x00, 0x00, 0xa6, 0xff, 0xff, 0x9f, 0x00, 0x00,
  0x00, 0x00, 0x00, 0x00, 0x00, 0x00, 0x00, 0x00, 0x00, 0x00, 0x00, 0x00,
  0x00, 0x00, 0x00, 0x00, 0x00, 0x39, 0xff, 0xff, 0xf9, 0x1f, 0x00, 0x00,
  0x00, 0x00, 0x00, 0x00, 0x00, 0x00, 0x00, 0x00, 0x00, 0x00, 0x00, 0x00,
  0x00, 0x00, 0x00, 0x00, 0x08, 0xd3, 0xff, 0xff, 0x8e, 0x00, 0x75, 0x9c,
  0x9c, 0x9c, 0x9c, 0x9c, 0x9c, 0x9c, 0x9c, 0xaa, 0x5f, 0x00, 0x00, 0x00,
  0x00, 0x00, 0x00, 0x00, 0x97, 0xff, 0xff, 0xe1, 0x0c, 0x00, 0xc0, 0xff,
  0xff, 0xff, 0xff, 0xff, 0xff, 0xff, 0xff, 0xff, 0xff, 0x70, 0x00, 0x00,
  0x00, 0x00, 0x00, 0x6a, 0xff, 0xff, 0xff, 0x49, 0x00, 0x00, 0xc0, 0xff,
  0xff, 0xff, 0xff, 0xff, 0xff, 0xff, 0xff, 0xff, 0xb5, 0x0b, 0x00, 0x00,
  0x00, 0x00, 0x60, 0xfe, 0xff, 0xff, 0xfc, 0x00, 0x00, 0x00, 0x00, 0x00,
  0x00, 0x00, 0x00, 0x22, 0xca, 0xff, 0xff, 0x94, 0x04, 0x00, 0x00, 0x00,
  0x03, 0x8a, 0xff, 0xff, 0xff, 0xff, 0xfc, 0x00, 0x00, 0x00, 0x00, 0x00,
  0x00, 0x00, 0x53, 0xf5, 0xff, 0xee, 0x52, 0x00, 0x00, 0x00, 0x00, 0x00,
  0x4b, 0xff, 0xff, 0xff, 0xff, 0xff, 0xfc, 0x00, 0x00, 0x00, 0x00, 0x00,
  0x00, 0x00, 0x88, 0xff, 0xff, 0x60, 0x00, 0x00, 0x00, 0x00, 0x00, 0x00,
  0x01, 0xd1, 0xff, 0xb6, 0xeb, 0xff, 0xfc, 0x00, 0xa0, 0xff, 0xff, 0xff,
  0xff, 0xff, 0xff, 0xff, 0xff, 0xff, 0xff, 0xff, 0xff, 0xff, 0xff, 0x0c,
  0x00, 0x57, 0x84, 0x02, 0xe4, 0xff, 0xfc, 0x00, 0xa0, 0xff, 0xff, 0xff,
  0xff, 0xff, 0xff, 0xff, 0xff, 0xff, 0xff, 0xff, 0xff, 0xff, 0xff, 0x0c,
  0x00, 0x00, 0x00, 0x00, 0xe4, 0xff, 0xfc, 0x00, 0x61, 0x9c, 0x9c, 0x9c,
  0x9c, 0x9c, 0xd1, 0xff, 0xff, 0xbf, 0x9c, 0x9c, 0x9c, 0x9c, 0x9c, 0x07,
  0x00, 0x00, 0x00, 0x00, 0xe4, 0xff, 0xfc, 0x00, 0x00, 0x00, 0x00, 0x00,
  0x00, 0x00, 0x88, 0xff, 0xff, 0x5c, 0x00, 0x00, 0x00, 0x00, 0x00, 0x00,
  0x00, 0x00, 0x00, 0x00, 0xe4, 0xff, 0xfc, 0x00, 0x00, 0x00, 0x00, 0x00,
  0x00, 0x00, 0x88, 0xff, 0xff, 0x5c, 0x00, 0x00, 0x00, 0x00, 0x00, 0x00,
  0x00, 0x00, 0x00, 0x00, 0xe4, 0xff, 0xfc, 0x00, 0x00, 0x00, 0x01, 0x12,
  0x0a, 0x08, 0x98, 0xff, 0xff, 0x5a, 0x00, 0x00, 0x00, 0x00, 0x00, 0x00,
  0x00, 0x00, 0x00, 0x00, 0xe4, 0xff, 0xfc, 0x00, 0x00, 0x00, 0x00, 0xd9,
  0xff, 0xff, 0xff, 0xff, 0xff, 0x47, 0x00, 0x00, 0x00, 0x00, 0x00, 0x00,
  0x00, 0x00, 0x00, 0x00, 0xe4, 0xff, 0xfc, 0x00, 0x00, 0x00, 0x00, 0x87,
  0xff, 0xff, 0xff, 0xff, 0xde, 0x0b, 0x00, 0x00, 0x00, 0x00, 0x00, 0x00,
  0x00, 0x00, 0x00, 0x00, 0x8a, 0x9c, 0x99, 0x00, 0x00, 0x00, 0x00, 0x37,
  0xa4, 0x9f, 0x8f, 0x64, 0x0f, 0x00, 0x00, 0x00, 0x00, 0x00, 0x00, 0x00,
  0x00, 0x00, 0x00, 0x00, 0x00, 0x00, 0x00, 0x00, 0x00, 0x03, 0x3f, 0x90,
  0xb7, 0x01, 0x00, 0x00, 0x00, 0x00, 0x00, 0x00, 0x00, 0x00, 0x00, 0x00,
  0x00, 0x00, 0x00, 0x00, 0x00, 0x00, 0x00, 0x00, 0x00, 0x1a, 0xfa, 0xff,
  0xff, 0x4f, 0x00, 0x00, 0x00, 0x00, 0x00, 0x00, 0x00, 0x00, 0x00, 0x00,
  0x00, 0x00, 0x00, 0x00, 0x00, 0x00, 0x00, 0x00, 0x00, 0x00, 0xad, 0xff,
  0xff, 0xb8, 0x00, 0x00, 0x00, 0x00, 0x00, 0x00, 0x00, 0x00, 0x00, 0x00,
  0x00, 0x40, 0xff, 0xff, 0xff, 0xff, 0xff, 0xff, 0xff, 0xff, 0xff, 0xff,
  0xff, 0xff, 0xff, 0xff, 0xff, 0xff, 0xff, 0xff, 0xff, 0xff, 0x34, 0x00,
  0x00, 0x40, 0xff, 0xff, 0xff, 0xff, 0xff, 0xff, 0xff, 0xff, 0xff, 0xff,
  0xff, 0xff, 0xff, 0xff, 0xff, 0xff, 0xff, 0xff, 0xff, 0xff, 0x34, 0x00,
  0x00, 0x40, 0xff, 0xff, 0xdc, 0xac, 0xac, 0xac, 0xac, 0xac, 0xac, 0xac,
  0xac, 0xac, 0xac, 0xac, 0xac, 0xac, 0xac, 0xee, 0xff, 0xff, 0x34, 0x00,
  0x00, 0x40, 0xff, 0xff, 0x94, 0x00, 0x00, 0x00, 0x00, 0x00, 0x00, 0x00,
  0x00, 0x00, 0x00, 0x00, 0x00, 0x00, 0x00, 0xcc, 0xff, 0xff, 0x34, 0x00,
  0x00, 0x40, 0xff, 0xff, 0x94, 0x00, 0x00, 0x00, 0x00, 0x00, 0x00, 0x00,
  0x00, 0x00, 0x00, 0x00, 0x00, 0x00, 0x00, 0xcc, 0xff, 0xff, 0x34, 0x00,
  0x00, 0x40, 0xff, 0xff, 0x94, 0x31, 0xb0, 0xb0, 0xb0, 0xb0, 0xb0, 0xb0,
  0xb0, 0xb0, 0xb0, 0xb0, 0xb0, 0xb0, 0x10, 0xcc, 0xff, 0xff, 0x34, 0x00,
  0x00, 0x21, 0x84, 0x84, 0x4c, 0x48, 0xff, 0xff, 0xff, 0xff, 0xff, 0xff,
  0xff, 0xff, 0xff, 0xff, 0xff, 0xff, 0x18, 0x69, 0x84, 0x84, 0x1a, 0x00,
  0x00, 0x00, 0x00, 0x00, 0x00, 0x48, 0xff, 0xff, 0xff, 0xff, 0xff, 0xff,
  0xff, 0xff, 0xff, 0xff, 0xff, 0xff, 0x18, 0x00, 0x00, 0x00, 0x00, 0x00,
  0x00, 0x00, 0x00, 0x00, 0x00, 0x00, 0x00, 0x00, 0x00, 0x00, 0x00, 0x00,
  0x00, 0x00, 0x00, 0x00, 0x00, 0x00, 0x00, 0x00, 0x00, 0x00, 0x00, 0x00,
  0x00, 0x00, 0x00, 0x00, 0x00, 0x00, 0x00, 0x00, 0x00, 0x00, 0x00, 0x00,
  0x00, 0x00, 0x00, 0x00, 0x00, 0x00, 0x00, 0x00, 0x00, 0x00, 0x00, 0x00,
  0x00, 0xb4, 0xff, 0xff, 0xff, 0xff, 0xff, 0xff, 0xff, 0xff, 0xff, 0xff,
  0xff, 0xff, 0xff, 0xff, 0xff, 0xff, 0xff, 0xff, 0xff, 0xff, 0xb0, 0x00,
  0x00, 0xb4, 0xff, 0xff, 0xff, 0xff, 0xff, 0xff, 0xff, 0xff, 0xff, 0xff,
  0xff, 0xff, 0xff, 0xff, 0xff, 0xff, 0xff, 0xff, 0xff, 0xff, 0xb0, 0x00,
  0x00, 0x73, 0xa4, 0xa4, 0xa4, 0xa4, 0xa4, 0xef, 0xff, 0xff, 0xb0, 0xa4,
  0xa4, 0xdd, 0xff, 0xff, 0xbc, 0xa4, 0xa4, 0xa4, 0xa4, 0xa4, 0x70, 0x00,
  0x00, 0x00, 0x00, 0x00, 0x00, 0x00, 0x00, 0xf0, 0xff, 0xff, 0x0b, 0x00,
  0x00, 0xa0, 0xff, 0xff, 0x44, 0x00, 0x00, 0x00, 0x00, 0x00, 0x00, 0x00,
  0x00, 0x00, 0x00, 0x00, 0x00, 0x00, 0x30, 0xff, 0xff, 0xda, 0x00, 0x00,
  0x00, 0xa0, 0xff, 0xff, 0x44, 0x00, 0x00, 0x00, 0x0c, 0x00, 0x00, 0x00,
  0x00, 0x00, 0x00, 0x00, 0x00, 0x15, 0xcb, 0xff, 0xff, 0x8d, 0x00, 0x00,
  0x00, 0xa0, 0xff, 0xff, 0x44, 0x00, 0x00, 0x00, 0x87, 0xcb, 0x7c, 0x09,
  0x00, 0x00, 0x0a, 0x40, 0x8d, 0xee, 0xff, 0xff, 0xec, 0x1b, 0x00, 0x00,
  0x00, 0x9a, 0xff, 0xff, 0xbd, 0x90, 0x90, 0x94, 0xec, 0xff, 0xf9, 0x05,
  0x03, 0xb8, 0xfd, 0xff, 0xff, 0xff, 0xff, 0xe7, 0x37, 0x00, 0x00, 0x00,
  0x00, 0x74, 0xff, 0xff, 0xff, 0xff, 0xff, 0xff, 0xff, 0xff, 0xb1, 0x00,
  0x00, 0x37, 0xfe, 0xff, 0xff, 0xe2, 0x82, 0x10, 0x00, 0x00, 0x00, 0x00,
  0x00, 0x0b, 0xa1, 0xe7, 0xfb, 0xff, 0xff, 0xff, 0xf3, 0xb9, 0x1e, 0x00,
  0x00, 0x00, 0x75, 0x6c, 0x32, 0x00, 0x00, 0x00, 0x00, 0x00, 0x00, 0x00,
  0x00, 0x00, 0x00, 0x00, 0x00, 0x00, 0x00, 0x00, 0x00, 0x00, 0x00, 0x00,
  0x00, 0x00, 0x00, 0x00, 0x00, 0x00, 0x00, 0x00, 0x00, 0x04, 0x42, 0x8b,
  0xba, 0x04, 0x00, 0x00, 0x00, 0x00, 0x00, 0x00, 0x00, 0x00, 0x00, 0x00,
  0x00, 0x00, 0x00, 0x00, 0x00, 0x00, 0x00, 0x00, 0x00, 0x07, 0xe8, 0xff,
  0xff, 0x5e, 0x00, 0x00, 0x00, 0x00, 0x00, 0x00, 0x00, 0x00, 0x00, 0x00,
  0x00, 0x00, 0x00, 0x00, 0x00, 0x00, 0x00, 0x00, 0x00, 0x00, 0x88, 0xff,
  0xff, 0xc1, 0x00, 0x00, 0x00, 0x00, 0x00, 0x00, 0x00, 0x00, 0x00, 0x00,
  0x00, 0x40, 0xff, 0xff, 0xff, 0xff, 0xff, 0xff, 0xff, 0xff, 0xff, 0xff,
  0xff, 0xff, 0xff, 0xff, 0xff, 0xff, 0xff, 0xff, 0xff, 0xff, 0x44, 0x00,
  0x00, 0x40, 0xff, 0xff, 0xff, 0xff, 0xff, 0xff, 0xff, 0xff, 0xff, 0xff,
  0xff, 0xff, 0xff, 0xff, 0xff, 0xff, 0xff, 0xff, 0xff, 0xff, 0x44, 0x00,
  0x00, 0x40, 0xff, 0xff, 0xd7, 0xa4, 0xa4, 0xa4, 0xa4, 0xa4, 0xa4, 0xa4,
  0xa4, 0xa4, 0xa4, 0xa4, 0xa4, 0xa4, 0xa4, 0xe3, 0xff, 0xff, 0x44, 0x00,
  0x00, 0x40, 0xff, 0xff, 0x90, 0x00, 0x00, 0x00, 0x00, 0x00, 0x00, 0x00,
  0x00, 0x00, 0x00, 0x00, 0x00, 0x00, 0x00, 0xb0, 0xff, 0xff, 0x44, 0x00,
  0x00, 0x40, 0xff, 0xff, 0x90, 0x00, 0x00, 0x00, 0x00, 0x00, 0x00, 0x00,
  0x00, 0x00, 0x00, 0x00, 0x00, 0x00, 0x00, 0xb0, 0xff, 0xff, 0x44, 0x00,
  0x00, 0x40, 0xff, 0xff, 0x90, 0x72, 0xc0, 0xc0, 0xc0, 0xc0, 0xc0, 0xc0,
  0xc0, 0xc0, 0xc0, 0xc0, 0xc0, 0xc0, 0x72, 0xb0, 0xff, 0xff, 0x44, 0x00,
  0x00, 0x13, 0x4c, 0x4c, 0x2a, 0x98, 0xff, 0xff, 0xff, 0xff, 0xff, 0xff,
  0xff, 0xff, 0xff, 0xff, 0xff, 0xff, 0x98, 0x34, 0x4c, 0x4c, 0x14, 0x00,
  0x00, 0x00, 0x00, 0x00, 0x00, 0x98, 0xff, 0xff, 0xff, 0xff, 0xff, 0xff,
  0xff, 0xff, 0xff, 0xff, 0xff, 0xff, 0x98, 0x00, 0x00, 0x00, 0x00, 0x00,
  0x00, 0x00, 0x00, 0x00, 0x01, 0x03, 0x00, 0x00, 0x00, 0x00, 0x7c, 0xff,
  0xff, 0x7c, 0x00, 0x00, 0x00, 0x00, 0x00, 0x00, 0x00, 0x00, 0x00, 0x00,
  0x00, 0x00, 0x00, 0x00, 0x35, 0xfd, 0xea, 0x9c, 0x00, 0x00, 0x7c, 0xff,
  0xff, 0x7c, 0x00, 0x00, 0x00, 0x00, 0x00, 0x00, 0x00, 0x00, 0x00, 0x00,
  0x00, 0x00, 0x00, 0x00, 0x62, 0xff, 0xff, 0x95, 0x00, 0x00, 0x7c, 0xff,
  0xff, 0x7c, 0x00, 0x00, 0x00, 0x00, 0x00, 0x00, 0x00, 0x00, 0x00, 0x00,
  0x00, 0x00, 0x00, 0x00, 0x8f, 0xff, 0xff, 0x67, 0x00, 0x00, 0x7c, 0xff,
  0xff, 0xff, 0xff, 0xff, 0xff, 0xff, 0xff, 0xff, 0x10, 0x00, 0x00, 0x00,
  0x00, 0x00, 0x00, 0x00, 0xda, 0xff, 0xff, 0x82, 0x00, 0x00, 0x7c, 0xff,
  0xff, 0xff, 0xff, 0xff, 0xff, 0xff, 0xff, 0xff, 0x10, 0x00, 0x00, 0x00,
  0x00, 0x00, 0x00, 0x2f, 0xff, 0xff, 0xff, 0xf1, 0x1e, 0x00, 0x7c, 0xff,
  0xff, 0xd0, 0xa4, 0xa4, 0xa4, 0xa4, 0xa4, 0xa4, 0x0a, 0x00, 0x00, 0x00,
  0x00, 0x00, 0x00, 0x9a, 0xff, 0xff, 0xff, 0xff, 0xcd, 0x15, 0x7c, 0xff,
  0xff, 0x7c, 0x00, 0x00, 0x00, 0x00, 0x00, 0x00, 0x00, 0x00, 0x00, 0x00,
  0x00, 0x00, 0x31, 0xfd, 0xff, 0xfa, 0xb4, 0xff, 0xff, 0xe3, 0xb9, 0xff,
  0xff, 0x7c, 0x00, 0x00, 0x00, 0x00, 0x00, 0x00, 0x00, 0x00, 0x00, 0x00,
  0x00, 0x13, 0xd1, 0xff, 0xff, 0x8b, 0x05, 0xb2, 0xff, 0xff, 0xff, 0xff,
  0xff, 0xf2, 0xd7, 0xcd, 0xcc, 0xcc, 0xcc, 0xcc, 0xcc, 0xcc, 0xc2, 0x08,
  0x13, 0xd3, 0xff, 0xff, 0xe6, 0x0e, 0x00, 0x01, 0x6f, 0xea, 0xff, 0xff,
  0xff, 0xff, 0xff, 0xff, 0xff, 0xff, 0xff, 0xff, 0xff, 0xff, 0x95, 0x00,
  0x02, 0x72, 0xfa, 0xf0, 0x30, 0x00, 0x00, 0x00, 0x00, 0x07, 0x54, 0x94,
  0xc3, 0xe0, 0xf2, 0xfb, 0xff, 0xff, 0xff, 0xff, 0xff, 0xff, 0x4b, 0x00,
  0x00, 0x00, 0x44, 0x3b, 0x00, 0x00, 0x00, 0x00, 0x00, 0x00, 0x00, 0x00,
  0x00, 0x00, 0x00, 0x00, 0x00, 0x00, 0x00, 0x00, 0x00, 0x00, 0x00, 0x00,
  0x00, 0x00, 0x00, 0x00, 0x00, 0x00, 0x00, 0x00, 0x04, 0x52, 0x9a, 0x86,
  0x00, 0x00, 0x00, 0x00, 0x00, 0x00, 0x00, 0x00, 0x00, 0x00, 0x00, 0x00,
  0x00, 0x00, 0x00, 0x00, 0x00, 0x00, 0x00, 0xb9, 0xff, 0xfe, 0x34, 0x00,
  0x00, 0x00, 0x00, 0x00, 0x00, 0x00, 0x00, 0x00, 0x34, 0xff, 0xff, 0xff,
  0xff, 0xff, 0xff, 0xff, 0xff, 0xff, 0xff, 0xff, 0xff, 0xff, 0xff, 0xff,
  0xff, 0xff, 0xff, 0xff, 0xff, 0x38, 0x34, 0xff, 0xff, 0xff, 0xff, 0xff,
  0xff, 0xff, 0xff, 0xff, 0xff, 0xff, 0xff, 0xff, 0xff, 0xff, 0xff, 0xff,
  0xff, 0xff, 0xff, 0x38, 0x34, 0xff, 0xff, 0x80, 0x34, 0x34, 0x34, 0x34,
  0x34, 0x34, 0x34, 0x34, 0x34, 0x34, 0x34, 0x34, 0x34, 0x34, 0x8d, 0xff,
  0xff, 0x38, 0x34, 0xff, 0xff, 0x60, 0xa4, 0xff, 0xff, 0xff, 0xff, 0xff,
  0xff, 0xff, 0xff, 0xff, 0xff, 0xff, 0xff, 0xf8, 0x70, 0xff, 0xff, 0x38,
  0x11, 0x54, 0x54, 0x1f, 0xc1, 0xff, 0xe3, 0x94, 0x94, 0xa2, 0xff, 0xff,
  0xa8, 0x94, 0x94, 0xe9, 0xff, 0xe2, 0x24, 0x54, 0x54, 0x12, 0xe0, 0xff,
  0xff, 0xff, 0xff, 0xff, 0xbf, 0x34, 0x34, 0x58, 0xff, 0xff, 0x56, 0x34,
  0x34, 0xda, 0xff, 0xff, 0xff, 0xff, 0xff, 0xfc, 0xe0, 0xff, 0xff, 0xff,
  0xff, 0xff, 0xff, 0xff, 0xff, 0xff, 0xff, 0xff, 0xff, 0xff, 0xff, 0xff,
  0xff, 0xff, 0xff, 0xff, 0xff, 0xfc, 0x07, 0x08, 0x08, 0x31, 0xff, 0xff,
  0x8c, 0x34, 0x34, 0x87, 0xff, 0xf2, 0x34, 0x34, 0x34, 0xfb, 0xff, 0x9b,
  0x08, 0x08, 0x08, 0x07, 0x00, 0x00, 0x00, 0x49, 0xff, 0xff, 0xff, 0xff,
  0xff, 0xff, 0xff, 0xff, 0xff, 0xff, 0xff, 0xff, 0xff, 0x80, 0x00, 0x00,
  0x00, 0x00, 0x00, 0x00, 0x00, 0x00, 0x00, 0x00, 0x00, 0x00, 0x00, 0x00,
  0x00, 0x00, 0x00, 0x00, 0x00, 0x00, 0x00, 0x00, 0x00, 0x00, 0x00, 0x00,
  0x00, 0x00, 0x00, 0xc0, 0xff, 0xff, 0xff, 0xff, 0xff, 0xff, 0xff, 0xff,
  0xff, 0xff, 0xff, 0xff, 0xff, 0xff, 0xe4, 0x00, 0x00, 0x00, 0x00, 0x00,
  0x00, 0xc0, 0xff, 0xff, 0x95, 0x94, 0x94, 0x94, 0x94, 0x94, 0x94, 0x94,
  0x94, 0x95, 0xff, 0xff, 0xe4, 0x00, 0x00, 0x00, 0x00, 0x00, 0x00, 0xc0,
  0xff, 0xff, 0x37, 0x34, 0x34, 0x34, 0x34, 0x34, 0x34, 0x34, 0x34, 0x37,
  0xff, 0xff, 0xe4, 0x00, 0x00, 0x00, 0x00, 0x00, 0x00, 0xc0, 0xff, 0xff,
  0xff, 0xff, 0xff, 0xff, 0xff, 0xff, 0xff, 0xff, 0xff, 0xff, 0xff, 0xff,
  0xe4, 0x00, 0x00, 0x00, 0x00, 0x00, 0x00, 0xc0, 0xff, 0xff, 0x37, 0x34,
  0x34, 0x34, 0x34, 0x34, 0x34, 0x34, 0x34, 0x37, 0xff, 0xff, 0xe4, 0x00,
  0x00, 0x00, 0x00, 0x00, 0x00, 0xc0, 0xff, 0xff, 0xff, 0xff, 0xff, 0xff,
  0xff, 0xff, 0xff, 0xff, 0xff, 0xff, 0xff, 0xff, 0xe4, 0x00, 0x00, 0x00,
  0x00, 0x00, 0x00, 0xc0, 0xff, 0xff, 0x37, 0x34, 0x34, 0x34, 0x34, 0x34,
  0x34, 0x34, 0x34, 0x37, 0xff, 0xff, 0xe4, 0x00, 0x00, 0x00, 0x00, 0x00,
  0x00, 0xc0, 0xff, 0xff, 0xff, 0xff, 0xff, 0xff, 0xff, 0xff, 0xff, 0xff,
  0xff, 0xff, 0xff, 0xff, 0xe4, 0x00, 0x00, 0x00, 0x19, 0x41, 0x5c, 0x77,
  0x9b, 0xc5, 0xf4, 0xff, 0xf3, 0x71, 0x00, 0x00, 0x87, 0xff, 0xff, 0xfc,
  0xd7, 0xa9, 0x7c, 0x4e, 0x1f, 0x00, 0x26, 0xee, 0xff, 0xff, 0xff, 0xff,
  0xeb, 0xaf, 0x65, 0x14, 0x00, 0x00, 0x06, 0x3c, 0x79, 0xb7, 0xf2, 0xff,
  0xff, 0xff, 0xad, 0x08, 0x00, 0x52, 0xb2, 0x89, 0x5e, 0x28, 0x00, 0x00,
  0x00, 0x00, 0x00, 0x00, 0x00, 0x00, 0x00, 0x00, 0x05, 0x3f, 0x88, 0x88,
  0x02, 0x00, 0x00, 0x00, 0x00, 0x00, 0x00, 0x00, 0x93, 0xa0, 0x6e, 0x00,
  0x00, 0x00, 0x00, 0x00, 0x1c, 0x96, 0x5f, 0x23, 0x00, 0x00, 0x00, 0x00,
  0x00, 0x00, 0x00, 0x2c, 0xb0, 0xb0, 0x26, 0x00, 0xec, 0xff, 0xb0, 0x00,
  0x00, 0x00, 0x00, 0x14, 0xd2, 0xff, 0xfe, 0x63, 0x00, 0x00, 0x0b, 0x00,
  0x00, 0x00, 0x00, 0x40, 0xff, 0xff, 0x38, 0x00, 0xec, 0xff, 0xb0, 0x00,
  0x00, 0x00, 0x2e, 0xd9, 0xff, 0xff, 0xff, 0xff, 0xff, 0xff, 0xff, 0xc8,
  0x35, 0x00, 0x00, 0x40, 0xff, 0xff, 0x38, 0x00, 0xec, 0xff, 0xb0, 0x00,
  0x01, 0x65, 0xf6, 0xff, 0xff, 0xe0, 0xd4, 0xd4, 0xd4, 0xfc, 0xff, 0xff,
  0x34, 0x00, 0x00, 0x40, 0xff, 0xff, 0x38, 0x00, 0xec, 0xff, 0xb1, 0x53,
  0xd2, 0xff, 0xff, 0xff, 0xff, 0xce, 0x13, 0x00, 0x4b, 0xff, 0xff, 0xbc,
  0x00, 0x00, 0x00, 0x40, 0xff, 0xff, 0x38, 0x00, 0xec, 0xff, 0xc6, 0xd4,
  0xff, 0xff, 0xbd, 0x89, 0xff, 0xff, 0xc9, 0x25, 0xe6, 0xff, 0xfa, 0x33,
  0x00, 0x00, 0x00, 0x40, 0xff, 0xff, 0x38, 0x00, 0xec, 0xff, 0xb0, 0x16,
  0xb5, 0x68, 0x43, 0x69, 0x6c, 0xff, 0xff, 0xf8, 0xff, 0xff, 0x78, 0x00,
  0x00, 0x00, 0x00, 0x40, 0xff, 0xff, 0xff, 0xff, 0xff, 0xff, 0xb0, 0x8c,
  0xea, 0xff, 0xff, 0xfe, 0x05, 0x9d, 0xff, 0xff, 0xff, 0xa7, 0x02, 0x00,
  0x00, 0x00, 0x00, 0x40, 0xff, 0xff, 0xff, 0xff, 0xff, 0xff, 0xb0, 0x86,
  0xff, 0xfb, 0xcf, 0x9d, 0x81, 0xf8, 0xff, 0xff, 0xa8, 0x03, 0x00, 0x00,
  0x00, 0x00, 0x00, 0x1a, 0x68, 0x68, 0x68, 0x68, 0xf4, 0xff, 0xb0, 0x22,
  0x39, 0x13, 0x64, 0xdf, 0xff, 0xff, 0xfb, 0xa3, 0x7a, 0x78, 0x2d, 0x00,
  0x00, 0x00, 0x00, 0x00, 0x00, 0x00, 0x00, 0x00, 0xec, 0xff, 0xb0, 0x3f,
  0x9d, 0xef, 0xff, 0xff, 0xff, 0xcc, 0x38, 0x58, 0xff, 0xff, 0x60, 0x00,
  0x00, 0x00, 0x00, 0x00, 0x00, 0x00, 0x00, 0x00, 0xec, 0xff, 0xb0, 0x39,
  0xfd, 0xff, 0xff, 0xd1, 0x5a, 0x01, 0x00, 0x58, 0xff, 0xff, 0x60, 0x00,
  0x00, 0x00, 0x34, 0xff, 0xff, 0xff, 0xff, 0xff, 0xff, 0xff, 0xb0, 0x43,
  0xda, 0xfd, 0xb3, 0x78, 0x78, 0x78, 0x78, 0xa6, 0xff, 0xff, 0xab, 0x78,
  0x78, 0x07, 0x34, 0xff, 0xff, 0xff, 0xff, 0xff, 0xff, 0xff, 0xb0, 0x90,
  0xff, 0xff, 0xff, 0xff, 0xff, 0xff, 0xff, 0xff, 0xff, 0xff, 0xff, 0xff,
  0xff, 0x10, 0x16, 0x73, 0xff, 0xff, 0xb2, 0x70, 0xf4, 0xff, 0xb0, 0x90,
  0xff, 0xff, 0xff, 0xff, 0xff, 0xff, 0xff, 0xff, 0xff, 0xff, 0xff, 0xff,
  0xff, 0x10, 0x00, 0x0c, 0xff, 0xff, 0x6e, 0x00, 0xec, 0xff, 0xb0, 0x00,
  0x00, 0x49, 0xd5, 0x63, 0x00, 0x00, 0x00, 0x58, 0xff, 0xff, 0x60, 0x00,
  0x00, 0x00, 0x00, 0x1e, 0xff, 0xff, 0x5b, 0x00, 0xec, 0xff, 0xb0, 0x00,
  0x16, 0xec, 0xff, 0xfb, 0x46, 0x00, 0x00, 0x58, 0xff, 0xff, 0x60, 0x00,
  0x00, 0x00, 0x00, 0x44, 0xff, 0xff, 0x3c, 0x00, 0xec, 0xff, 0xb0, 0x00,
  0x00, 0x43, 0xfc, 0xff, 0xed, 0x1d, 0x00, 0x58, 0xff, 0xff, 0x60, 0x00,
  0x00, 0x00, 0x00, 0x6c, 0xff, 0xff, 0x17, 0x00, 0xec, 0xff, 0xb0, 0x00,
  0x00, 0x00, 0x7e, 0xff, 0xff, 0x8a, 0x00, 0x58, 0xff, 0xff, 0x60, 0x00,
  0x00, 0x00, 0x00, 0xa9, 0xff, 0xdc, 0x00, 0x00, 0xec, 0xff, 0xb0, 0x00,
  0x00, 0x00, 0x05, 0xcc, 0x9a, 0x5f, 0x56, 0x98, 0xff, 0xff, 0x5b, 0x00,
  0x00, 0x00, 0x15, 0xf4, 0xff, 0x9b, 0x00, 0x00, 0xec, 0xff, 0xb0, 0x00,
  0x00, 0x00, 0x00, 0x01, 0x34, 0xff, 0xff, 0xff, 0xff, 0xff, 0x3e, 0x00,
  0x00, 0x00, 0x2d, 0xda, 0xff, 0x32, 0x00, 0x00, 0xec, 0xff, 0xb0, 0x00,
  0x00, 0x00, 0x00, 0x00, 0x00, 0xe9, 0xff, 0xff, 0xff, 0xa8, 0x02, 0x00,
  0x00, 0x00, 0x00, 0x08, 0x66, 0x00, 0x00, 0x00, 0x9a, 0xa8, 0x73, 0x00,
  0x00, 0x00, 0x00, 0x00, 0x00, 0x45, 0x56, 0x47, 0x1b, 0x00, 0x00, 0x00,
  0x00, 0x00, 0x00, 0x00, 0x00, 0x00, 0x00, 0x00, 0x00, 0x00, 0x51, 0xa8,
  0xa8, 0x49, 0x00, 0x00, 0x00, 0x00, 0x12, 0x07, 0x00, 0x00, 0x0d, 0x6a,
  0xd5, 0x79, 0x00, 0x00, 0x00, 0x00, 0x7c, 0xff, 0xff, 0x70, 0x00, 0x00,
  0x00, 0x00, 0xa7, 0xef, 0x9b, 0x29, 0x30, 0xfa, 0xff, 0xfc, 0x35, 0x00,
  0x00, 0x00, 0x7c, 0xff, 0xff, 0x70, 0x00, 0x00, 0x00, 0x26, 0xfc, 0xff,
  0xf8, 0x23, 0x00, 0x80, 0xff, 0xff, 0xd2, 0x03, 0x00, 0x00, 0x7c, 0xff,
  0xff, 0x70, 0x00, 0x00, 0x00, 0xb0, 0xff, 0xff, 0x82, 0x00, 0x00, 0x08,
  0xe2, 0xff, 0xff, 0x67, 0x00, 0x00, 0x7c, 0xff, 0xff, 0x70, 0x00, 0x00,
  0x42, 0xff, 0xff, 0xde, 0x09, 0x00, 0x00, 0x00, 0x60, 0xff, 0xff, 0xd3,
  0x00, 0x00, 0x7c, 0xff, 0xff, 0x70, 0x00, 0x08, 0xdb, 0xff, 0xff, 0x43,
  0x00, 0x00, 0x00, 0x00, 0x06, 0xd6, 0x84, 0x13, 0x00, 0x00, 0x7c, 0xff,
  0xff, 0x70, 0x00, 0x07, 0x5f, 0xc9, 0x8b, 0x00, 0x00, 0x00, 0x32, 0xa0,
  0xa0, 0xa1, 0xa0, 0xa0, 0xa0, 0xa0, 0xce, 0xff, 0xff, 0xca, 0xa0, 0xa0,
  0xa0, 0xa0, 0xa0, 0xa0, 0xa0, 0x41, 0x50, 0xff, 0xff, 0xff, 0xff, 0xff,
  0xff, 0xff, 0xff, 0xff, 0xff, 0xff, 0xff, 0xff, 0xff, 0xff, 0xff, 0xff,
  0xff, 0x68, 0x50, 0xff, 0xff, 0xff, 0xff, 0xff, 0xff, 0xff, 0xff, 0xff,
  0xff, 0xff, 0xff, 0xff, 0xff, 0xff, 0xff, 0xff, 0xff, 0x68, 0x50, 0xff,
  0xff, 0x8c, 0x00, 0x00, 0x00, 0x00, 0x00, 0x00, 0x00, 0x00, 0x00, 0x00,
  0x00, 0x00, 0x68, 0xff, 0xff, 0x68, 0x50, 0xff, 0xff, 0x8c, 0x00, 0x00,
  0x00, 0x00, 0x00, 0x00, 0x00, 0x00, 0x00, 0x00, 0x00, 0x00, 0x68, 0xff,
  0xff, 0x68, 0x50, 0xff, 0xff, 0x8c, 0x00, 0x64, 0xff, 0xff, 0xff, 0xff,
  0xff, 0xff, 0xff, 0xff, 0x78, 0x00, 0x68, 0xff, 0xff, 0x68, 0x50, 0xff,
  0xff, 0x8c, 0x00, 0x64, 0xff, 0xff, 0xff, 0xff, 0xff, 0xff, 0xff, 0xff,
  0x78, 0x00, 0x68, 0xff, 0xff, 0x68, 0x50, 0xff, 0xff, 0x8c, 0x00, 0x64,
  0xff, 0xff, 0x74, 0x58, 0x58, 0x7a, 0xff, 0xff, 0x78, 0x00, 0x68, 0xff,
  0xff, 0x68, 0x50, 0xff, 0xff, 0x8c, 0x00, 0x64, 0xff, 0xff, 0x2c, 0x00,
  0x00, 0x34, 0xff, 0xff, 0x78, 0x00, 0x68, 0xff, 0xff, 0x68, 0x50, 0xff,
  0xff, 0x8c, 0x00, 0x64, 0xff, 0xff, 0xff, 0xff, 0xff, 0xff, 0xff, 0xff,
  0x78, 0x00, 0x68, 0xff, 0xff, 0x68, 0x50, 0xff, 0xff, 0x8c, 0x00, 0x64,
  0xff, 0xff, 0xff, 0xff, 0xff, 0xff, 0xff, 0xff, 0x78, 0x00, 0x68, 0xff,
  0xff, 0x68, 0x50, 0xff, 0xff, 0x8c, 0x00, 0x64, 0xff, 0xff, 0x74, 0x58,
  0x58, 0x58, 0x58, 0x58, 0x29, 0x00, 0x68, 0xff, 0xff, 0x68, 0x50, 0xff,
  0xff, 0x8c, 0x00, 0x5c, 0xec, 0xec, 0x28, 0x00, 0x00, 0x00, 0x00, 0x09,
  0x09, 0x07, 0x7c, 0xff, 0xff, 0x66, 0x50, 0xff, 0xff, 0x8c, 0x00, 0x00,
  0x00, 0x00, 0x00, 0x00, 0x00, 0x00, 0x00, 0x6b, 0xff, 0xff, 0xff, 0xff,
  0xff, 0x51, 0x50, 0xff, 0xff, 0x8c, 0x00, 0x00, 0x00, 0x00, 0x00, 0x00,
  0x00, 0x00, 0x00, 0x11, 0xfd, 0xff, 0xff, 0xff, 0xdf, 0x0e, 0x34, 0xa8,
  0xa8, 0x5b, 0x00, 0x00, 0x00, 0x00, 0x00, 0x00, 0x00, 0x00, 0x00, 0x00,
  0x8f, 0xa1, 0x91, 0x63, 0x0e, 0x00, 0xc4, 0xff, 0xff, 0xff, 0xff, 0xff,
  0xff, 0xff, 0xff, 0xff, 0xff, 0xff, 0xff, 0xff, 0xff, 0xff, 0xff, 0xff,
  0x04, 0x00, 0x00, 0x00, 0xc4, 0xff, 0xff, 0xff, 0xff, 0xff, 0xff, 0xff,
  0xff, 0xff, 0xff, 0xff, 0xff, 0xff, 0xff, 0xff, 0xff, 0xff, 0x04, 0x00,
  0x00, 0x00, 0xa2, 0xd4, 0xd4, 0xd4, 0xd4, 0xd4, 0xd4, 0xd4, 0xd4, 0xd4,
  0xd4, 0xd4, 0xd4, 0xd4, 0xd4, 0xfd, 0xff, 0xff, 0x04, 0x00, 0x00, 0x00,
  0x00, 0x00, 0x00, 0x00, 0x00, 0x00, 0x00, 0x00, 0x00, 0x00, 0x00, 0x00,
  0x00, 0x00, 0x00, 0xf4, 0xff, 0xff, 0x04, 0x00, 0x00, 0x00, 0x00, 0x30,
  0x3c, 0x3c, 0x08, 0x00, 0x00, 0x00, 0x00, 0x00, 0x00, 0x00, 0x00, 0x00,
  0x00, 0xf4, 0xff, 0xff, 0x04, 0x00, 0x00, 0x00, 0x00, 0xd0, 0xff, 0xff,
  0x24, 0x00, 0x00, 0x00, 0x00, 0x00, 0x00, 0x00, 0x00, 0x00, 0x00, 0xf4,
  0xff, 0xff, 0x04, 0x00, 0x00, 0x00, 0x00, 0xd0, 0xff, 0xff, 0x24, 0x00,
  0x00, 0x00, 0x00, 0x00, 0x00, 0x00, 0x00, 0x00, 0x00, 0xf4, 0xff, 0xff,
  0x04, 0x00, 0x00, 0x00, 0x00, 0xd0, 0xff, 0xff, 0x24, 0x00, 0x00, 0x00,
  0x00, 0x00, 0x00, 0x00, 0x00, 0x00, 0x00, 0xf4, 0xff, 0xff, 0x04, 0x00,
  0x00, 0x00, 0x00, 0xd0, 0xff, 0xff, 0xd6, 0xd0, 0xd0, 0xd0, 0xd0, 0xd0,
  0xd0, 0xd0, 0xd0, 0xd0, 0xd0, 0xfd, 0xff, 0xff, 0x04, 0x00, 0x00, 0x00,
  0x00, 0xd0, 0xff, 0xff, 0xff, 0xff, 0xff, 0xff, 0xff, 0xff, 0xff, 0xff,
  0xff, 0xff, 0xff, 0xff, 0xff, 0xff, 0x04, 0x00, 0x00, 0x00, 0x00, 0xd0,
  0xff, 0xff, 0xff, 0xff, 0xff, 0xff, 0xff, 0xff, 0xff, 0xff, 0xff, 0xff,
  0xff, 0xff, 0xff, 0xff, 0x04, 0x00, 0x00, 0x00, 0x00, 0xd0, 0xff, 0xff,
  0x24, 0x00, 0x00, 0x00, 0x00, 0x00, 0x00, 0x00, 0x00, 0x00, 0x00, 0xf4,
  0xff, 0xff, 0x04, 0x00, 0x00, 0x00, 0x00, 0xd0, 0xff, 0xff, 0x24, 0x00,
  0x00, 0x00, 0x00, 0x00, 0x00, 0x00, 0x00, 0x00, 0x00, 0x39, 0x3c, 0x3c,
  0x00, 0x00, 0x00, 0x00, 0x00, 0xd0, 0xff, 0xff, 0x24, 0x00, 0x00, 0x00,
  0x00, 0x00, 0x00, 0x00, 0x00, 0x00, 0x00, 0x00, 0x00, 0x00, 0x04, 0x00,
  0x00, 0x00, 0x00, 0xd0, 0xff, 0xff, 0x24, 0x00, 0x00, 0x00, 0x00, 0x00,
  0x00, 0x00, 0x00, 0x00, 0x00, 0x00, 0x00, 0x00, 0xbd, 0x89, 0x33, 0x00,
  0x00, 0xd0, 0xff, 0xff, 0x24, 0x00, 0x00, 0x00, 0x00, 0x00, 0x00, 0x00,
  0x00, 0x00, 0x00, 0x00, 0x00, 0x00, 0xef, 0xff, 0xff, 0x13, 0x00, 0xcb,
  0xff, 0xff, 0x28, 0x00, 0x00, 0x00, 0x00, 0x00, 0x00, 0x00, 0x00, 0x00,
  0x00, 0x00, 0x00, 0x2a, 0xff, 0xff, 0xe9, 0x00, 0x00, 0xb7, 0xff, 0xff,
  0x72, 0x00, 0x00, 0x00, 0x00, 0x00, 0x00, 0x00, 0x00, 0x00, 0x00, 0x00,
  0x0d, 0xb0, 0xff, 0xff, 0xaf, 0x00, 0x00, 0x7f, 0xff, 0xff, 0xff, 0xf0,
  0xdc, 0xd8, 0xd8, 0xd8, 0xd8, 0xd8, 0xd8, 0xd8, 0xd8, 0xdf, 0xfa, 0xff,
  0xff, 0xff, 0x58, 0x00, 0x00, 0x18, 0xe3, 0xff, 0xff, 0xff, 0xff, 0xff,
  0xff, 0xff, 0xff, 0xff, 0xff, 0xff, 0xff, 0xff, 0xff, 0xff, 0xff, 0xbe,
  0x02, 0x00, 0x00, 0x00, 0x18, 0x88, 0xc7, 0xea, 0xf7, 0xff, 0xff, 0xff,
  0xff, 0xff, 0xff, 0xff, 0xff, 0xfc, 0xee, 0xc8, 0x77, 0x07, 0x00, 0x00,
  0x00, 0x00, 0x00, 0x00, 0x00, 0x00, 0x1c, 0x00, 0x00, 0x00, 0x00, 0x00,
  0x00, 0x64, 0xa0, 0xa0, 0x0a, 0x00, 0x00, 0x00, 0x00, 0x00, 0x00, 0x00,
  0x00, 0x9c, 0xff, 0xff, 0xff, 0xff, 0xff, 0xb3, 0x17, 0x00, 0x00, 0x00,
  0x00, 0xa0, 0xff, 0xff, 0x10, 0x00, 0x00, 0x00, 0x00, 0x00, 0x00, 0x00,
  0x00, 0x9c, 0xff, 0xff, 0xff, 0xff, 0xff, 0xff, 0x42, 0xa8, 0xff, 0xff,
  0xff, 0xff, 0xff, 0xff, 0xff, 0xff, 0xff, 0xff, 0xff, 0x5c, 0x00, 0x00,
  0x00, 0x46, 0x74, 0x74, 0x90, 0xff, 0xff, 0xcb, 0x00, 0xa8, 0xff, 0xff,
  0xff, 0xff, 0xff, 0xff, 0xff, 0xff, 0xff, 0xff, 0xff, 0x5c, 0x00, 0x00,
  0x00, 0x00, 0x00, 0x00, 0x8b, 0xff, 0xff, 0x54, 0x00, 0x17, 0x24, 0x24,
  0x24, 0xad, 0xff, 0xff, 0x31, 0x24, 0x42, 0xff, 0xff, 0x5c, 0x00, 0x00,
  0x00, 0x00, 0x00, 0x13, 0xf3, 0xff, 0xd2, 0x02, 0xfc, 0xff, 0xff, 0xff,
  0xff, 0xff, 0xff, 0xff, 0xff, 0xff, 0xff, 0xff, 0xff, 0xff, 0xb0, 0x00,
  0x00, 0x00, 0x00, 0x8e, 0xff, 0xff, 0x47, 0x00, 0xfc, 0xff, 0xff, 0xff,
  0xff, 0xff, 0xff, 0xff, 0xff, 0xff, 0xff, 0xff, 0xff, 0xff, 0xb0, 0x00,
  0x00, 0x00, 0x29, 0xf9, 0xff, 0xbe, 0x03, 0x00, 0x17, 0x18, 0x18, 0x18,
  0x18, 0xa9, 0xff, 0xff, 0x26, 0x18, 0x38, 0xff, 0xff, 0x6b, 0x10, 0x00,
  0x00, 0x0d, 0xd3, 0xff, 0xff, 0xff, 0xf8, 0xc6, 0x36, 0xc8, 0xff, 0xff,
  0xff, 0xff, 0xff, 0xff, 0xff, 0xff, 0xff, 0xff, 0xff, 0x5c, 0x00, 0x00,
  0x00, 0xa5, 0xff, 0xff, 0xff, 0xff, 0xff, 0xff, 0x3f, 0xc8, 0xff, 0xff,
  0xff, 0xff, 0xff, 0xff, 0xff, 0xff, 0xff, 0xff, 0xff, 0x5c, 0x00, 0x00,
  0x00, 0x3d, 0xf9, 0x9b, 0x88, 0xbd, 0xff, 0xff, 0x22, 0x15, 0x1c, 0x1c,
  0x1c, 0xaa, 0xff, 0xff, 0x2a, 0x1c, 0x1c, 0x1c, 0x1c, 0x0a, 0x00, 0x00,
  0x00, 0x00, 0x2a, 0x03, 0x00, 0x93, 0xff, 0xf8, 0x04, 0xec, 0xff, 0xff,
  0xff, 0xff, 0xff, 0xff, 0xff, 0xff, 0xff, 0xff, 0xff, 0xa4, 0x00, 0x00,
  0x00, 0x41, 0xbd, 0xae, 0x00, 0xbf, 0xff, 0xcf, 0x00, 0xec, 0xff, 0xff,
  0xff, 0xff, 0xff, 0xff, 0xff, 0xff, 0xff, 0xff, 0xff, 0xa4, 0x00, 0x00,
  0x00, 0x4e, 0xff, 0xf9, 0x1c, 0xf5, 0xff, 0x9e, 0x00, 0x03, 0x04, 0x04,
  0x04, 0xa1, 0xff, 0xff, 0x13, 0x04, 0x04, 0x04, 0x04, 0x02, 0x00, 0x00,
  0x00, 0x05, 0xeb, 0xff, 0xc1, 0xff, 0xff, 0x60, 0xe4, 0xff, 0xff, 0xff,
  0xff, 0xff, 0xff, 0xff, 0xff, 0xff, 0xff, 0xff, 0xff, 0xff, 0x6c, 0x00,
  0x00, 0x00, 0x88, 0xff, 0xff, 0xff, 0xff, 0x1d, 0xe4, 0xff, 0xff, 0xff,
  0xff, 0xff, 0xff, 0xff, 0xff, 0xff, 0xff, 0xff, 0xff, 0xff, 0x6c, 0x00,
  0x00, 0x00, 0x10, 0xed, 0xff, 0xff, 0xc7, 0x00, 0x40, 0x48, 0x48, 0x48,
  0x48, 0xbb, 0xff, 0xff, 0x53, 0x48, 0x48, 0x48, 0x48, 0x48, 0x1e, 0x00,
  0x00, 0x00, 0x00, 0xa0, 0xff, 0xff, 0xd4, 0x2e, 0x00, 0x00, 0x00, 0x00,
  0x00, 0xa0, 0xff, 0xff, 0x10, 0x00, 0x00, 0x00, 0x00, 0x00, 0x00, 0x00,
  0x00, 0x00, 0x33, 0xfb, 0xff, 0xff, 0xff, 0xfb, 0x9d, 0x4a, 0x07, 0x00,
  0x00, 0x4d, 0x7c, 0x7c, 0x07, 0x00, 0x00, 0x00, 0x00, 0x00, 0x00, 0x00,
  0x00, 0x1a, 0xd9, 0xff, 0xff, 0xc7, 0xff, 0xff, 0xff, 0xff, 0xfb, 0xdb,
  0xb9, 0xa8, 0x9c, 0x94, 0x94, 0x94, 0x94, 0x96, 0x98, 0x9a, 0x9a, 0x09,
  0x1a, 0xe0, 0xff, 0xff, 0xb6, 0x00, 0x41, 0xce, 0xff, 0xff, 0xff, 0xff,
  0xff, 0xff, 0xff, 0xff, 0xff, 0xff, 0xff, 0xff, 0xff, 0xff, 0xa7, 0x00,
  0x00, 0x76, 0xfe, 0xd5, 0x16, 0x00, 0x00, 0x00, 0x25, 0x73, 0xa2, 0xc6,
  0xe2, 0xee, 0xf9, 0xff, 0xff, 0xff, 0xff, 0xff, 0xff, 0xff, 0x58, 0x00,
  0x00, 0x00, 0x5b, 0x13, 0x00, 0x00, 0x00, 0x00, 0x00, 0x00, 0x00, 0x00,
  0x00, 0x00, 0x00, 0x00, 0x00, 0x00, 0x00, 0x00, 0x00, 0x00, 0x00, 0x00,
  0x00, 0x00, 0x00, 0x00, 0x00, 0x00, 0x00, 0x00, 0x00, 0x00, 0x00, 0x00,
  0x85, 0x88, 0x88, 0x0a, 0x00, 0x45, 0x4f, 0x00, 0x00, 0x00, 0x00, 0x00,
  0x00, 0x00, 0x00, 0x00, 0x00, 0x00, 0x00, 0x00, 0x00, 0x00, 0x00, 0xf8,
  0xff, 0xff, 0x11, 0x6a, 0xfc, 0xff, 0x9c, 0x0a, 0x00, 0x00, 0x00, 0x00,
  0x00, 0x00, 0x00, 0x00, 0x00, 0x00, 0x00, 0x00, 0x00, 0x00, 0xf3, 0xff,
  0xff, 0x11, 0x32, 0xd3, 0xff, 0xff, 0xc4, 0x03, 0x00, 0x00, 0x00, 0x00,
  0x00, 0x00, 0x00, 0x00, 0x00, 0x00, 0x00, 0x00, 0x00, 0xee, 0xff, 0xff,
  0x18, 0x00, 0x08, 0xa2, 0xe7, 0x3d, 0x00, 0x00, 0xb4, 0xff, 0xff, 0xff,
  0xff, 0xff, 0xff, 0xff, 0xff, 0xff, 0xff, 0xff, 0xff, 0xff, 0xff, 0xff,
  0xff, 0xff, 0xff, 0xff, 0xff, 0xc0, 0x00, 0xb4, 0xff, 0xff, 0xff, 0xff,
  0xff, 0xff, 0xff, 0xff, 0xff, 0xff, 0xff, 0xff, 0xff, 0xff, 0xff, 0xff,
  0xff, 0xff, 0xff, 0xff, 0xc0, 0x00, 0x81, 0xb8, 0xb8, 0xb8, 0xb8, 0xb8,
  0xb8, 0xb8, 0xb8, 0xb8, 0xb8, 0xb8, 0xef, 0xff, 0xff, 0xca, 0xb8, 0xb8,
  0xb8, 0xb8, 0xb8, 0x8a, 0x00, 0x00, 0x00, 0x00, 0x00, 0x00, 0x00, 0x00,
  0x00, 0x00, 0x00, 0x00, 0x00, 0xb6, 0xff, 0xff, 0x51, 0x00, 0x00, 0x00,
  0x00, 0x00, 0x00, 0x00, 0x00, 0x00, 0x00, 0x00, 0x00, 0x00, 0x00, 0x00,
  0x00, 0x00, 0x00, 0x00, 0x9f, 0xff, 0xff, 0x68, 0x00, 0x00, 0x00, 0x00,
  0x00, 0x00, 0x00, 0x00, 0x00, 0x00, 0x00, 0x00, 0x00, 0x00, 0x00, 0x00,
  0x00, 0x00, 0x00, 0x88, 0xff, 0xff, 0x81, 0x00, 0x00, 0x00, 0x00, 0x00,
  0x00, 0x00, 0x00, 0xcc, 0xff, 0xff, 0xff, 0xff, 0xff, 0xff, 0xff, 0xff,
  0xff, 0x80, 0x6a, 0xff, 0xff, 0xa1, 0x00, 0x00, 0x00, 0x00, 0x00, 0x00,
  0x00, 0x00, 0xcc, 0xff, 0xff, 0xff, 0xff, 0xff, 0xff, 0xff, 0xff, 0xff,
  0x80, 0x47, 0xff, 0xff, 0xc3, 0x00, 0x00, 0x00, 0x00, 0x00, 0x00, 0x00,
  0x00, 0x8f, 0xb4, 0xb4, 0xc1, 0xff, 0xff, 0xe5, 0xb4, 0xb4, 0xb4, 0x5a,
  0x24, 0xff, 0xff, 0xed, 0x00, 0x00, 0x00, 0x00, 0x00, 0x00, 0x00, 0x00,
  0x00, 0x00, 0x00, 0x2c, 0xff, 0xff, 0xa8, 0x00, 0x00, 0x00, 0x00, 0x02,
  0xf3, 0xff, 0xff, 0x1b, 0x00, 0x00, 0x00, 0x00, 0x00, 0x00, 0x00, 0x00,
  0x00, 0x00, 0x2c, 0xff, 0xff, 0xa8, 0x00, 0x00, 0x00, 0x00, 0x00, 0xc3,
  0xff, 0xff, 0x51, 0x00, 0x00, 0x00, 0x00, 0x00, 0x00, 0x00, 0x00, 0x00,
  0x00, 0x2c, 0xff, 0xff, 0xa8, 0x00, 0x00, 0x00, 0x00, 0x00, 0x8d, 0xff,
  0xff, 0x8f, 0x00, 0x00, 0x1d, 0x52, 0x00, 0x00, 0x00, 0x00, 0x00, 0x00,
  0x2c, 0xff, 0xff, 0xa8, 0x00, 0x00, 0x00, 0x00, 0x00, 0x47, 0xff, 0xff,
  0xda, 0x00, 0x00, 0x33, 0xfe, 0x9a, 0x15, 0x00, 0x00, 0x00, 0x00, 0x2c,
  0xff, 0xff, 0xb1, 0x39, 0x66, 0x96, 0xc8, 0x25, 0x07, 0xf4, 0xff, 0xff,
  0x34, 0x00, 0x49, 0xff, 0xff, 0x4d, 0x00, 0x0e, 0x35, 0x5d, 0x98, 0xff,
  0xff, 0xff, 0xff, 0xff, 0xff, 0xff, 0x3f, 0x00, 0x9e, 0xff, 0xff, 0xb3,
  0x00, 0x71, 0xff, 0xff, 0x2b, 0x8b, 0xff, 0xff, 0xff, 0xff, 0xff, 0xff,
  0xff, 0xff, 0xff, 0xf9, 0xca, 0x34, 0x00, 0x2e, 0xff, 0xff, 0xff, 0xa4,
  0xd4, 0xff, 0xf6, 0x04, 0x52, 0xff, 0xff, 0xff, 0xff, 0xfe, 0xd7, 0xa2,
  0x6d, 0x37, 0x07, 0x00, 0x00, 0x00, 0x00, 0x98, 0xff, 0xff, 0xff, 0xff,
  0xff, 0xb0, 0x00, 0x0e, 0xdd, 0xab, 0x76, 0x40, 0x0d, 0x00, 0x00, 0x00,
  0x00, 0x00, 0x00, 0x00, 0x00, 0x00, 0x0b, 0xc9, 0xff, 0xff, 0xff, 0xf8,
  0x35, 0x00, 0x00, 0x00, 0x00, 0x00, 0x00, 0x00, 0x00, 0x00, 0x00, 0x00,
  0x00, 0x00, 0x00, 0x00, 0x00, 0x00, 0x07, 0x69, 0xa0, 0x8e, 0x32, 0x00,
  0x00, 0x00, 0x00, 0x00, 0x00, 0x00, 0x00, 0x00, 0x00, 0x00, 0x00, 0x00,
  0x00, 0x00, 0x00, 0x00, 0x00, 0x00, 0x00, 0x19, 0x00, 0x00, 0x00, 0x00,
  0x00, 0xcc, 0xff, 0xff, 0xff, 0xff, 0xff, 0xff, 0xff, 0xff, 0xff, 0xff,
  0xbc, 0x00, 0x00, 0x00, 0x00, 0x24, 0xee, 0xd9, 0x73, 0x07, 0x00, 0x00,
  0xcc, 0xff, 0xfb, 0xcc, 0xcc, 0xcc, 0xcc, 0xcc, 0xd1, 0xff, 0xff, 0xbc,
  0x00, 0x00, 0x00, 0x20, 0xde, 0xff, 0xff, 0xa5, 0x00, 0x00, 0x00, 0xcc,
  0xff, 0xf0, 0x34, 0x34, 0x34, 0x34, 0x34, 0x4a, 0xff, 0xff, 0xbc, 0x00,
  0x00, 0x3d, 0xeb, 0xff, 0xff, 0xc3, 0x08, 0x00, 0x00, 0x00, 0xcc, 0xff,
  0xff, 0xff, 0xff, 0xff, 0xff, 0xff, 0xff, 0xff, 0xff, 0xbc, 0x05, 0x79,
  0xf9, 0xff, 0xff, 0xbf, 0x0b, 0x00, 0x00, 0x00, 0x00, 0xcc, 0xff, 0xec,
  0x00, 0x00, 0x00, 0x00, 0x00, 0x1c, 0xff, 0xff, 0xbf, 0xc1, 0xff, 0xff,
  0xff, 0xa0, 0x08, 0x00, 0x00, 0x00, 0x00, 0x00, 0xcc, 0xff, 0xfc, 0xd0,
  0xd0, 0xd0, 0xd0, 0xd0, 0xd5, 0xff, 0xff, 0xbc, 0x25, 0xe3, 0xf4, 0x68,
  0x00, 0x00, 0x00, 0x00, 0x00, 0x00, 0x00, 0xcc, 0xff, 0xff, 0xff, 0xff,
  0xff, 0xff, 0xff, 0xff, 0xff, 0xff, 0xbc, 0x00, 0x29, 0x22, 0x00, 0x00,
  0x39, 0xbb, 0x53, 0x04, 0x00, 0x00, 0x00, 0x00, 0x00, 0x00, 0x7b, 0xe5,
  0xff, 0x51, 0x00, 0x00, 0x00, 0x00, 0x00, 0x00, 0x00, 0x00, 0x25, 0xe7,
  0xff, 0xff, 0x6a, 0x00, 0xd8, 0xff, 0xff, 0xff, 0xff, 0xff, 0xff, 0xff,
  0xff, 0xff, 0xff, 0xff, 0xff, 0x90, 0x00, 0x00, 0x39, 0xe7, 0xff, 0xff,
  0xa3, 0x00, 0x00, 0xd8, 0xff, 0xff, 0xff, 0xff, 0xff, 0xff, 0xff, 0xff,
  0xff, 0xff, 0xff, 0xff, 0x90, 0x00, 0x62, 0xf9, 0xff, 0xff, 0xaa, 0x05,
  0x00, 0x00, 0x2f, 0x38, 0x38, 0x38, 0x38, 0x38, 0x38, 0x38, 0x38, 0x38,
  0x38, 0x38, 0x38, 0x3d, 0xb2, 0xff, 0xff, 0xff, 0x9c, 0x03, 0x00, 0x00,
  0x00, 0x00, 0x5e, 0xe8, 0xe8, 0xe8, 0xe8, 0xe8, 0xe8, 0xe8, 0xe8, 0xe8,
  0xe8, 0x5b, 0xb2, 0xff, 0xff, 0xfb, 0x6d, 0x00, 0x00, 0x00, 0x00, 0x00,
  0x00, 0x68, 0xff, 0xff, 0xff, 0xff, 0xff, 0xff, 0xff, 0xff, 0xff, 0xff,
  0x64, 0x05, 0xb7, 0xd4, 0x35, 0x00, 0x00, 0x18, 0x02, 0x00, 0x00, 0x00,
  0x68, 0xff, 0xff, 0x3c, 0x00, 0x00, 0x00, 0x00, 0x64, 0xff, 0xff, 0x64,
  0x00, 0x0c, 0x06, 0x00, 0x00, 0x0b, 0xe0, 0xe1, 0x82, 0x08, 0x00, 0x68,
  0xff, 0xff, 0xff, 0xff, 0xff, 0xff, 0xff, 0xff, 0xff, 0xff, 0x64, 0x00,
  0x00, 0x00, 0x00, 0x00, 0xa0, 0xff, 0xff, 0xb1, 0x00, 0x00, 0x51, 0xc8,
  0xc8, 0xc8, 0xe6, 0xff, 0xff, 0xd5, 0xc8, 0xc8, 0xc8, 0x4e, 0x00, 0x00,
  0x00, 0x00, 0x85, 0xff, 0xff, 0xef, 0x19, 0x00, 0x00, 0x09, 0xbd, 0x85,
  0x2b, 0x8c, 0xff, 0xff, 0x4f, 0x83, 0xcf, 0x0e, 0x00, 0x00, 0x00, 0x04,
  0x9e, 0xff, 0xff, 0xfb, 0x4b, 0x00, 0x00, 0x00, 0x79, 0xff, 0xff, 0x4a,
  0x8c, 0xff, 0xff, 0x4d, 0xee, 0xff, 0x8f, 0x00, 0x00, 0x16, 0xb8, 0xff,
  0xff, 0xff, 0x62, 0x00, 0x00, 0x00, 0x31, 0xf7, 0xff, 0xbf, 0x00, 0x8c,
  0xff, 0xff, 0x3b, 0x71, 0xff, 0xf9, 0x24, 0x62, 0xeb, 0xff, 0xff, 0xfc,
  0x68, 0x00, 0x00, 0x00, 0x00, 0x95, 0xff, 0xf8, 0x7c, 0xdc, 0xf4, 0xff,
  0xff, 0x30, 0x08, 0xe6, 0xff, 0xc7, 0xf7, 0xff, 0xff, 0xf1, 0x47, 0x00,
  0x00, 0x00, 0x00, 0x00, 0x00, 0x6c, 0x65, 0x0a, 0xf8, 0xff, 0xff, 0xd5,
  0x06, 0x00, 0x65, 0x61, 0x05, 0x50, 0xff, 0xbc, 0x21, 0x00, 0x00, 0x00,
  0x00, 0x00, 0x00, 0x00, 0x00, 0x00, 0x00, 0x52, 0x5c, 0x38, 0x05, 0x00,
  0x00, 0x00, 0x00, 0x00, 0x00, 0x3a, 0x00, 0x00, 0x00, 0x00, 0x00, 0x00,
  0x00, 0x00, 0x00, 0x00, 0x00, 0x00, 0x00, 0x5e, 0x35, 0x00, 0x00, 0x00,
  0x00, 0x00, 0x00, 0x0a, 0x56, 0x96, 0x03, 0x00, 0x00, 0x00, 0x00, 0x00,
  0x00, 0x00, 0x00, 0x00, 0x00, 0x00, 0x3e, 0xfd, 0xff, 0xc9, 0x09, 0x00,
  0x00, 0x00, 0x00, 0xb5, 0xff, 0xff, 0x67, 0x00, 0x00, 0x00, 0x00, 0x00,
  0x00, 0x00, 0x00, 0x00, 0x00, 0x25, 0xe8, 0xff, 0xff, 0x75, 0x00, 0x00,
  0x00, 0x00, 0x00, 0x3f, 0xff, 0xff, 0xe7, 0x08, 0x00, 0x00, 0x00, 0x00,
  0x00, 0x00, 0x00, 0x00, 0x1f, 0xe2, 0xff, 0xff, 0xba, 0x01, 0x00, 0x00,
  0x00, 0x00, 0x00, 0x00, 0xc8, 0xff, 0xff, 0x60, 0x00, 0x00, 0x00, 0x00,
  0x00, 0x00, 0x00, 0x39, 0xe7, 0xff, 0xff, 0xd0, 0x10, 0x00, 0x00, 0x00,
  0x00, 0x00, 0x00, 0x00, 0x65, 0xe7, 0x8b, 0x24, 0x00, 0x00, 0x00, 0x00,
  0x00, 0x00, 0x03, 0xe1, 0xff, 0xff, 0xdb, 0x17, 0x0d, 0x00, 0x5c, 0xff,
  0xff, 0xff, 0xff, 0xff, 0xff, 0xff, 0xff, 0xff, 0xff, 0xff, 0xff, 0xff,
  0x78, 0x00, 0x00, 0x5f, 0xff, 0xcd, 0x1a, 0x4e, 0xf7, 0xa1, 0x8b, 0xff,
  0xff, 0xff, 0xff, 0xff, 0xff, 0xff, 0xff, 0xff, 0xff, 0xff, 0xff, 0xff,
  0x78, 0x00, 0x00, 0x01, 0x87, 0x0b, 0x17, 0xe7, 0xff, 0xff, 0x77, 0xa4,
  0xa4, 0xa4, 0xa4, 0xa4, 0xea, 0xff, 0xff, 0xb6, 0xa4, 0xa4, 0xa4, 0xa4,
  0x4c, 0x00, 0x00, 0x00, 0x00, 0x09, 0xc4, 0xff, 0xff, 0x9b, 0x00, 0x00,
  0x00, 0x00, 0x00, 0x00, 0xc4, 0xff, 0xff, 0x34, 0x00, 0x00, 0x00, 0x00,
  0x00, 0x00, 0x00, 0x00, 0x03, 0xb0, 0xff, 0xff, 0xe0, 0x0c, 0x00, 0x00,
  0x00, 0x00, 0x00, 0x00, 0xc4, 0xff, 0xff, 0x34, 0x00, 0x00, 0x00, 0x00,
  0x00, 0x00, 0x00, 0x04, 0xa2, 0xff, 0xff, 0xff, 0xb4, 0x00, 0x00, 0x00,
  0x00, 0x00, 0x00, 0x00, 0xc4, 0xff, 0xff, 0x34, 0x00, 0x00, 0x00, 0x00,
  0x00, 0x00, 0x12, 0xb8, 0xff, 0xff, 0xff, 0xff, 0xb4, 0x00, 0x00, 0x00,
  0x00, 0x00, 0x00, 0x00, 0xc4, 0xff, 0xff, 0x34, 0x00, 0x00, 0x00, 0x00,
  0x00, 0x00, 0x25, 0xfb, 0xff, 0xff, 0xff, 0xff, 0xb4, 0x00, 0x00, 0x60,
  0xb0, 0xb0, 0xb0, 0xb0, 0xed, 0xff, 0xff, 0xc0, 0xb0, 0xb0, 0xb0, 0x84,
  0x00, 0x00, 0x00, 0xa1, 0xff, 0xb8, 0xff, 0xff, 0xb4, 0x00, 0x00, 0x8c,
  0xff, 0xff, 0xff, 0xff, 0xff, 0xff, 0xff, 0xff, 0xff, 0xff, 0xff, 0xc0,
  0x00, 0x00, 0x00, 0x32, 0x76, 0x3c, 0xff, 0xff, 0xb4, 0x00, 0x00, 0x8c,
  0xff, 0xff, 0xff, 0xff, 0xff, 0xff, 0xff, 0xff, 0xff, 0xff, 0xff, 0xc0,
  0x00, 0x00, 0x00, 0x00, 0x00, 0x3c, 0xff, 0xff, 0xb4, 0x00, 0x00, 0x00,
  0x00, 0x00, 0x00, 0x00, 0xc4, 0xff, 0xff, 0x34, 0x00, 0x00, 0x00, 0x00,
  0x00, 0x00, 0x00, 0x00, 0x00, 0x3c, 0xff, 0xff, 0xb4, 0x00, 0x00, 0x00,
  0x00, 0x00, 0x00, 0x00, 0xc4, 0xff, 0xff, 0x34, 0x00, 0x00, 0x00, 0x00,
  0x00, 0x00, 0x00, 0x00, 0x00, 0x3c, 0xff, 0xff, 0xb4, 0x00, 0x00, 0x00,
  0x00, 0x00, 0x00, 0x00, 0xc4, 0xff, 0xff, 0x34, 0x00, 0x00, 0x00, 0x00,
  0x00, 0x00, 0x00, 0x00, 0x00, 0x3c, 0xff, 0xff, 0xb4, 0x00, 0x00, 0x00,
  0x00, 0x00, 0x00, 0x00, 0xc4, 0xff, 0xff, 0x34, 0x00, 0x00, 0x00, 0x00,
  0x00, 0x00, 0x00, 0x00, 0x00, 0x3c, 0xff, 0xff, 0xb4, 0x0c, 0xa4, 0xa4,
  0xa4, 0xa4, 0xa4, 0xa4, 0xea, 0xff, 0xff, 0xb6, 0xa4, 0xa4, 0xa4, 0xa4,
  0xa4, 0x0f, 0x00, 0x00, 0x00, 0x3c, 0xff, 0xff, 0xb4, 0x14, 0xff, 0xff,
  0xff, 0xff, 0xff, 0xff, 0xff, 0xff, 0xff, 0xff, 0xff, 0xff, 0xff, 0xff,
  0xff, 0x18, 0x00, 0x00, 0x00, 0x3c, 0xff, 0xff, 0xb4, 0x14, 0xff, 0xff,
  0xff, 0xff, 0xff, 0xff, 0xff, 0xff, 0xff, 0xff, 0xff, 0xff, 0xff, 0xff,
  0xff, 0x18, 0x00, 0x00, 0x00, 0x39, 0xf4, 0xf4, 0xab, 0x00, 0x00, 0x00,
  0x00, 0x00, 0x00, 0x00, 0x00, 0x00, 0x00, 0x00, 0x00, 0x00, 0x00, 0x00,
  0x00, 0x00, 0x00, 0x00, 0x00, 0x00, 0x00, 0x4f, 0x42, 0x00, 0x00, 0x00,
  0x00, 0x00, 0x00, 0x17, 0x88, 0x88, 0x66, 0x00, 0x00, 0x00, 0x00, 0x00,
  0x00, 0x00, 0x00, 0x00, 0x00, 0x00, 0x31, 0xf5, 0xff, 0xd6, 0x18, 0x00,
  0x00, 0x00, 0x00, 0x2c, 0xff, 0xff, 0xc0, 0x00, 0x00, 0x00, 0x00, 0x00,
  0x00, 0x00, 0x00, 0x00, 0x00, 0x2d, 0xe8, 0xff, 0xff, 0x91, 0x00, 0x00,
  0x00, 0x00, 0x00, 0x2c, 0xff, 0xff, 0xc0, 0x00, 0x00, 0x00, 0x00, 0x00,
  0x00, 0x00, 0x00, 0x00, 0x39, 0xee, 0xff, 0xff, 0xb3, 0x3b, 0xff, 0xff,
  0xff, 0xff, 0xff, 0xff, 0xff, 0xff, 0xff, 0xff, 0xff, 0xff, 0xff, 0xff,
  0xff, 0x28, 0x01, 0x76, 0xfa, 0xff, 0xff, 0xb4, 0x07, 0x38, 0xff, 0xff,
  0xff, 0xff, 0xff, 0xff, 0xff, 0xff, 0xff, 0xff, 0xff, 0xff, 0xff, 0xff,
  0xff, 0x28, 0x10, 0xe9, 0xff, 0xff, 0xae, 0x06, 0x15, 0x1f, 0x90, 0x90,
  0x90, 0x90, 0x90, 0xa3, 0xff, 0xff, 0xe4, 0x90, 0x90, 0x90, 0x90, 0x90,
  0x90, 0x16, 0x00, 0x65, 0xfe, 0x89, 0x02, 0x39, 0xfb, 0xb5, 0x3d, 0x00,
  0x00, 0x00, 0x00, 0x2c, 0xff, 0xff, 0xc0, 0x00, 0x00, 0x00, 0x00, 0x00,
  0x00, 0x00, 0x00, 0x04, 0x3e, 0x00, 0x12, 0xdf, 0xff, 0xff, 0x4b, 0x00,
  0x00, 0x00, 0x00, 0x2c, 0xff, 0xff, 0xc0, 0x00, 0x00, 0x00, 0x00, 0x00,
  0x00, 0x00, 0x00, 0x00, 0x00, 0x0b, 0xc4, 0xff, 0xff, 0xa1, 0x68, 0xff,
  0xff, 0xff, 0xff, 0xff, 0xff, 0xff, 0xff, 0xff, 0xff, 0xff, 0xff, 0xff,
  0x1c, 0x00, 0x00, 0x00, 0x08, 0xbd, 0xff, 0xff, 0xe3, 0x0d, 0x68, 0xff,
  0xff, 0xff, 0xff, 0xff, 0xff, 0xff, 0xff, 0xff, 0xff, 0xff, 0xff, 0xff,
  0x1c, 0x00, 0x00, 0x15, 0xc1, 0xff, 0xff, 0xff, 0xc0, 0x00, 0x38, 0x8c,
  0x8c, 0x8c, 0x8c, 0x8c, 0x8c, 0x8c, 0x8c, 0x8c, 0x8c, 0x8c, 0x8c, 0x8c,
  0x0f, 0x00, 0x2c, 0xe1, 0xff, 0xff, 0xff, 0xff, 0xc0, 0x00, 0x00, 0x00,
  0x00, 0x00, 0x00, 0x00, 0x00, 0x00, 0x00, 0xaf, 0xdc, 0xdc, 0x1e, 0x00,
  0x00, 0x00, 0x29, 0xfd, 0xff, 0xfb, 0xff, 0xff, 0xc0, 0x34, 0x8c, 0x8c,
  0x8c, 0x8c, 0x8c, 0x8c, 0x8c, 0x8c, 0x8c, 0xe8, 0xff, 0xff, 0x9c, 0x8c,
  0x8c, 0x08, 0x00, 0xac, 0xf9, 0x52, 0xfc, 0xff, 0xc0, 0x60, 0xff, 0xff,
  0xff, 0xff, 0xff, 0xff, 0xff, 0xff, 0xff, 0xff, 0xff, 0xff, 0xff, 0xff,
  0xff, 0x10, 0x00, 0x37, 0x3b, 0x00, 0xfc, 0xff, 0xc0, 0x60, 0xff, 0xff,
  0xff, 0xff, 0xff, 0xff, 0xff, 0xff, 0xff, 0xff, 0xff, 0xff, 0xff, 0xff,
  0xff, 0x10, 0x00, 0x00, 0x00, 0x00, 0xfc, 0xff, 0xc0, 0x00, 0x00, 0x00,
  0x4e, 0x7c, 0x00, 0x00, 0x00, 0x00, 0x00, 0xcc, 0xff, 0xff, 0x24, 0x00,
  0x00, 0x00, 0x00, 0x00, 0x00, 0x00, 0xfc, 0xff, 0xc0, 0x00, 0x00, 0xa7,
  0xff, 0xff, 0x6e, 0x00, 0x00, 0x00, 0x00, 0xcc, 0xff, 0xff, 0x24, 0x00,
  0x00, 0x00, 0x00, 0x00, 0x00, 0x00, 0xfc, 0xff, 0xc0, 0x00, 0x00, 0x2d,
  0xf5, 0xff, 0xfb, 0x42, 0x00, 0x00, 0x00, 0xcc, 0xff, 0xff, 0x24, 0x00,
  0x00, 0x00, 0x00, 0x00, 0x00, 0x00, 0xfc, 0xff, 0xc0, 0x00, 0x00, 0x00,
  0x64, 0xff, 0xff, 0xe8, 0x16, 0x00, 0x00, 0xcc, 0xff, 0xff, 0x24, 0x00,
  0x00, 0x00, 0x00, 0x00, 0x00, 0x00, 0xfc, 0xff, 0xc0, 0x00, 0x00, 0x00,
  0x00, 0xb2, 0xf5, 0x83, 0x0c, 0x00, 0x00, 0xcc, 0xff, 0xff, 0x23, 0x00,
  0x00, 0x00, 0x00, 0x00, 0x00, 0x00, 0xfc, 0xff, 0xc0, 0x00, 0x00, 0x00,
  0x00, 0x19, 0x1a, 0x13, 0xbb, 0xb5, 0xb8, 0xf8, 0xff, 0xff, 0x19, 0x00,
  0x00, 0x00, 0x00, 0x00, 0x00, 0x00, 0xfc, 0xff, 0xc0, 0x00, 0x00, 0x00,
  0x00, 0x00, 0x00, 0x00, 0xc0, 0xff, 0xff, 0xff, 0xff, 0xd9, 0x00, 0x00,
  0x00, 0x00, 0x00, 0x00, 0x00, 0x00, 0x9d, 0xa0, 0x78, 0x00, 0x00, 0x00,
  0x00, 0x00, 0x00, 0x00, 0x6d, 0xe5, 0xdf, 0xc9, 0x8f, 0x1b, 0x00, 0x00,
  0x00, 0x00, 0x00, 0x00, 0x00, 0x00, 0x00, 0x71, 0x30, 0x00, 0x00, 0x00,
  0x00, 0x00, 0x00, 0x69, 0x2c, 0x00, 0x00, 0x00, 0x00, 0x00, 0x00, 0x00,
  0x00, 0x00, 0x00, 0x00, 0x00, 0x00, 0x66, 0xff, 0xff, 0x92, 0x00, 0x00,
  0x00, 0x00, 0x81, 0xff, 0xff, 0xba, 0x18, 0x00, 0x00, 0x00, 0x00, 0x00,
  0x00, 0x00, 0x00, 0x00, 0x00, 0x3d, 0xf8, 0xff, 0xef, 0x1d, 0x00, 0x00,
  0x01, 0x89, 0xff, 0xff, 0xff, 0x77, 0x00, 0x0d, 0x57, 0x02, 0x00, 0x00,
  0x00, 0x00, 0x00, 0x00, 0x2b, 0xef, 0xff, 0xff, 0x55, 0x00, 0x00, 0x0e,
  0xab, 0xff, 0xff, 0xf8, 0x5f, 0x00, 0x10, 0xc7, 0xff, 0xd1, 0x45, 0x00,
  0x00, 0x00, 0x00, 0x32, 0xea, 0xff, 0xff, 0x7b, 0x00, 0x00, 0x55, 0xe1,
  0xff, 0xff, 0xe9, 0x45, 0x13, 0x27, 0xd2, 0xff, 0xff, 0xec, 0x40, 0x00,
  0x00, 0x00, 0x03, 0xe0, 0xff, 0xff, 0x99, 0x0a, 0x03, 0x00, 0xbb, 0xff,
  0xff, 0xff, 0xff, 0xff, 0xff, 0xff, 0xff, 0xff, 0xd5, 0x23, 0x00, 0x00,
  0x00, 0x00, 0x00, 0x53, 0xff, 0x93, 0x01, 0xa0, 0xe9, 0x95, 0x7b, 0xff,
  0xff, 0xff, 0xff, 0xff, 0xff, 0xff, 0xff, 0xb5, 0x34, 0x72, 0x00, 0x00,
  0x00, 0x00, 0x00, 0x00, 0x4e, 0x00, 0x42, 0xfe, 0xff, 0xd6, 0x1e, 0x91,
  0x66, 0x75, 0xee, 0xff, 0xff, 0xf6, 0x70, 0x5c, 0xfb, 0xff, 0x66, 0x00,
  0x00, 0x00, 0x00, 0x00, 0x00, 0x1a, 0xe8, 0xff, 0xff, 0x44, 0x00, 0x0e,
  0x89, 0xf8, 0xff, 0xff, 0xc3, 0x25, 0x00, 0x10, 0xe7, 0xff, 0xf6, 0x29,
  0x00, 0x00, 0x00, 0x00, 0x0e, 0xcc, 0xff, 0xff, 0x9c, 0x19, 0x7a, 0xe8,
  0xff, 0xff, 0xff, 0xdf, 0x99, 0xb8, 0xda, 0xf9, 0xff, 0xff, 0xff, 0xce,
  0x05, 0x00, 0x00, 0x0e, 0xc3, 0xff, 0xff, 0xff, 0x68, 0x2a, 0xff, 0xff,
  0xff, 0xff, 0xff, 0xff, 0xff, 0xff, 0xff, 0xff, 0xff, 0xff, 0xff, 0xff,
  0x7b, 0x00, 0x15, 0xd2, 0xff, 0xff, 0xff, 0xff, 0x68, 0x00, 0xd8, 0xff,
  0xff, 0xff, 0xff, 0xff, 0xfc, 0x52, 0x31, 0x22, 0x13, 0x16, 0xea, 0xff,
  0xdf, 0x06, 0x06, 0xd4, 0xff, 0xff, 0xff, 0xff, 0x68, 0x00, 0x49, 0x46,
  0x24, 0x4c, 0xf9, 0xff, 0xc0, 0x40, 0x40, 0x40, 0x40, 0x45, 0x64, 0x86,
  0x0d, 0x00, 0x00, 0x44, 0xf2, 0x89, 0xff, 0xff, 0x68, 0x24, 0xa8, 0xec,
  0x6e, 0xed, 0xff, 0xff, 0xff, 0xff, 0xff, 0xff, 0xff, 0xff, 0xd5, 0x11,
  0x00, 0x00, 0x00, 0x00, 0x22, 0x48, 0xff, 0xff, 0x68, 0x05, 0xcd, 0xff,
  0xff, 0xff, 0xff, 0xff, 0xff, 0xff, 0xff, 0xff, 0xff, 0xff, 0xc2, 0x00,
  0x00, 0x00, 0x00, 0x00, 0x00, 0x48, 0xff, 0xff, 0x68, 0x00, 0x6f, 0xff,
  0xff, 0xff, 0x89, 0x00, 0x00, 0x00, 0x22, 0xe8, 0xff, 0xfc, 0x36, 0x00,
  0x00, 0x00, 0x00, 0x00, 0x00, 0x48, 0xff, 0xff, 0x68, 0x7f, 0xff, 0xff,
  0xff, 0xff, 0xf2, 0x4d, 0x00, 0x28, 0xdc, 0xff, 0xff, 0x7e, 0x00, 0x00,
  0x00, 0x00, 0x00, 0x00, 0x00, 0x48, 0xff, 0xff, 0x68, 0x24, 0xe8, 0xff,
  0xb1, 0xfe, 0xff, 0xff, 0xae, 0xf3, 0xff, 0xff, 0x9f, 0x00, 0x00, 0x00,
  0x00, 0x00, 0x00, 0x00, 0x00, 0x48, 0xff, 0xff, 0x68, 0x00, 0x34, 0x55,
  0x00, 0x58, 0xfd, 0xff, 0xff, 0xff, 0xff, 0xa4, 0x01, 0x00, 0x00, 0x00,
  0x00, 0x00, 0x00, 0x00, 0x00, 0x48, 0xff, 0xff, 0x68, 0x00, 0x09, 0x40,
  0x94, 0xe8, 0xff, 0xff, 0xff, 0xff, 0xff, 0xfe, 0xc7, 0x72, 0x2f, 0x04,
  0x00, 0x00, 0x00, 0x00, 0x00, 0x48, 0xff, 0xff, 0x7d, 0xca, 0xfb, 0xff,
  0xff, 0xff, 0xff, 0xf0, 0x9e, 0xde, 0xff, 0xff, 0xff, 0xff, 0xff, 0xf5,
  0x77, 0x00, 0x00, 0x00, 0x00, 0x48, 0xff, 0xff, 0x68, 0x98, 0xff, 0xff,
  0xff, 0xd4, 0x6b, 0x0c, 0x00, 0x02, 0x51, 0xbe, 0xfc, 0xff, 0xff, 0xdf,
  0x0c, 0x00, 0x00, 0x00, 0x00, 0x33, 0xb8, 0xb8, 0x4a, 0x22, 0xaa, 0x65,
  0x1f, 0x00, 0x00, 0x00, 0x00, 0x00, 0x00, 0x00, 0x10, 0x50, 0x93, 0x4a,
  0x00, 0x00, 0x00, 0x00, 0x00, 0x31, 0xa8, 0xa8, 0x59, 0x00, 0x00, 0x00,
  0x00, 0x00, 0x00, 0x5e, 0xa8, 0xa8, 0x34, 0x00, 0x00, 0x00, 0x00, 0x00,
  0x00, 0x00, 0x00, 0x00, 0x00, 0x4c, 0xff, 0xff, 0x88, 0x00, 0x00, 0x00,
  0x00, 0x00, 0x00, 0x90, 0xff, 0xff, 0x50, 0x00, 0x00, 0x00, 0x00, 0x00,
  0x00, 0x00, 0x00, 0x00, 0x00, 0x4c, 0xff, 0xff, 0x88, 0x00, 0x00, 0x00,
  0x00, 0x00, 0x00, 0x90, 0xff, 0xff, 0x50, 0x00, 0x00, 0x00, 0x00, 0x00,
  0x00, 0x00, 0x00, 0x00, 0x00, 0x4c, 0xff, 0xff, 0x88, 0x00, 0x00, 0x00,
  0x00, 0x00, 0x00, 0x90, 0xff, 0xff, 0x50, 0x00, 0x00, 0x00, 0x00, 0x00,
  0x00, 0x00, 0x00, 0x00, 0x00, 0x4c, 0xff, 0xff, 0xa8, 0x8a, 0x08, 0xb0,
  0xff, 0xff, 0xff, 0xff, 0xff, 0xff, 0xff, 0xff, 0xff, 0xff, 0xff, 0x88,
  0x00, 0x00, 0x00, 0x64, 0xd2, 0xc1, 0xff, 0xff, 0xff, 0xff, 0x6a, 0xb0,
  0xff, 0xff, 0xff, 0xff, 0xff, 0xff, 0xff, 0xff, 0xff, 0xff, 0xff, 0x88,
  0x00, 0x00, 0x00, 0x89, 0xff, 0xdc, 0xff, 0xff, 0xf6, 0xff, 0xda, 0x6a,
  0x98, 0x98, 0x98, 0xd2, 0xff, 0xff, 0xb8, 0x98, 0xb2, 0xff, 0xff, 0x88,
  0x00, 0x00, 0x00, 0xaa, 0xff, 0xc4, 0xff, 0xff, 0xa7, 0xfe, 0xff, 0x44,
  0x00, 0x00, 0x00, 0x90, 0xff, 0xff, 0x50, 0x00, 0x40, 0xff, 0xff, 0x88,
  0x00, 0x00, 0x00, 0xd9, 0xff, 0x9e, 0xff, 0xff, 0x88, 0xc4, 0xff, 0x8d,
  0x00, 0x00, 0x00, 0x90, 0xff, 0xff, 0x4f, 0x00, 0x40, 0xff, 0xff, 0x88,
  0x00, 0x00, 0x0d, 0xfd, 0xff, 0x76, 0xff, 0xff, 0x88, 0x5b, 0x5d, 0x04,
  0x00, 0x00, 0x00, 0x92, 0xff, 0xff, 0x4a, 0x00, 0x40, 0xff, 0xff, 0x88,
  0x00, 0x00, 0x4b, 0xff, 0xf3, 0x4f, 0xff, 0xff, 0x88, 0x00, 0x00, 0x00,
  0x00, 0x00, 0x00, 0x9b, 0xff, 0xff, 0x43, 0x00, 0x40, 0xff, 0xff, 0x88,
  0x00, 0x00, 0x35, 0xae, 0xb1, 0x4c, 0xff, 0xff, 0x88, 0x00, 0xcc, 0xff,
  0xff, 0xff, 0xff, 0xff, 0xff, 0xff, 0xff, 0xff, 0xff, 0xff, 0xff, 0xff,
  0xff, 0x0c, 0x00, 0x00, 0x01, 0x4c, 0xff, 0xff, 0x88, 0x00, 0xcc, 0xff,
  0xff, 0xff, 0xff, 0xff, 0xff, 0xff, 0xff, 0xff, 0xff, 0xff, 0xff, 0xff,
  0xff, 0x0c, 0x00, 0x00, 0x00, 0x4c, 0xff, 0xff, 0x88, 0x00, 0x85, 0xa8,
  0xa8, 0xa8, 0xae, 0xff, 0xff, 0xef, 0xa8, 0xa8, 0xb7, 0xa8, 0xa8, 0xa8,
  0xa8, 0x07, 0x00, 0x00, 0x00, 0x4c, 0xff, 0xff, 0x88, 0x00, 0x00, 0x00,
  0x00, 0x00, 0x47, 0xff, 0xff, 0x9f, 0x48, 0xc9, 0xd2, 0x06, 0x00, 0x00,
  0x00, 0x00, 0x00, 0x00, 0x00, 0x4c, 0xff, 0xff, 0x88, 0x00, 0x00, 0x00,
  0x00, 0x00, 0xac, 0xff, 0xff, 0x51, 0xac, 0xff, 0xff, 0x89, 0x00, 0x00,
  0x00, 0x00, 0x00, 0x00, 0x00, 0x4c, 0xff, 0xff, 0x88, 0x00, 0x00, 0x00,
  0x00, 0x33, 0xfd, 0xff, 0xe7, 0x04, 0x18, 0xef, 0xff, 0xfd, 0x3a, 0x00,
  0x00, 0x00, 0x00, 0x00, 0x00, 0x4c, 0xff, 0xff, 0x88, 0x00, 0x00, 0x00,
  0x0e, 0xd4, 0xff, 0xff, 0x6d, 0x00, 0x00, 0x63, 0xff, 0xff, 0xda, 0x09,
  0x00, 0x00, 0x00, 0x00, 0x00, 0x4c, 0xff, 0xff, 0x88, 0x00, 0x00, 0x0f,
  0xc1, 0xff, 0xff, 0xd1, 0x04, 0x00, 0x00, 0x01, 0xc3, 0xff, 0xff, 0x8f,
  0x00, 0x00, 0x00, 0x00, 0x00, 0x4c, 0xff, 0xff, 0x88, 0x00, 0x33, 0xda,
  0xff, 0xff, 0xef, 0x24, 0x00, 0x00, 0x00, 0x00, 0x2c, 0xfb, 0xff, 0xfd,
  0x37, 0x00, 0x00, 0x00, 0x00, 0x4c, 0xff, 0xff, 0x88, 0x76, 0xfd, 0xff,
  0xff, 0xef, 0x3b, 0x00, 0x00, 0x00, 0x00, 0x00, 0x00, 0x8c, 0xff, 0xff,
  0xcf, 0x02, 0x00, 0x00, 0x00, 0x4c, 0xff, 0xff, 0x88, 0x12, 0xd4, 0xff,
  0xd9, 0x2c, 0x00, 0x00, 0x00, 0x00, 0x00, 0x00, 0x00, 0x0f, 0xec, 0xf0,
  0x76, 0x04, 0x00, 0x00, 0x00, 0x2f, 0xa0, 0xa0, 0x55, 0x00, 0x1d, 0x85,
  0x09, 0x00, 0x00, 0x00, 0x00, 0x00, 0x00, 0x00, 0x00, 0x00, 0x43, 0x14,
  0x00, 0x00, 0x00, 0x00, 0x00, 0x00, 0x00, 0x00, 0x00, 0x00, 0x00, 0x00,
  0x00, 0x00, 0x65, 0xa0, 0xa0, 0x39, 0x02, 0x95, 0x6a, 0x02, 0x00, 0x00,
  0x00, 0x00, 0x00, 0x00, 0x00, 0x00, 0x00, 0x00, 0x00, 0x00, 0x00, 0x00,
  0x00, 0x00, 0xa0, 0xff, 0xff, 0x5c, 0x9e, 0xff, 0xff, 0xc3, 0x21, 0x00,
  0x00, 0x00, 0x00, 0x00, 0x00, 0x00, 0x00, 0x00, 0x00, 0x00, 0x00, 0x00,
  0x00, 0x00, 0x9a, 0xff, 0xff, 0x5d, 0x35, 0xde, 0xff, 0xff, 0xef, 0x40,
  0x00, 0x00, 0x00, 0x00, 0x00, 0x00, 0x00, 0x00, 0x00, 0x00, 0x00, 0x00,
  0x00, 0x00, 0x92, 0xff, 0xff, 0x63, 0x00, 0x11, 0xbc, 0xff, 0xf2, 0x2e,
  0x00, 0x00, 0x00, 0x00, 0x43, 0xc4, 0xc4, 0xc4, 0xc4, 0xc4, 0xc4, 0xc4,
  0xc4, 0xc4, 0xe5, 0xff, 0xff, 0xdc, 0xc4, 0xc4, 0xc8, 0xff, 0xe7, 0xc4,
  0xc0, 0x00, 0x00, 0x00, 0x58, 0xff, 0xff, 0xff, 0xff, 0xff, 0xff, 0xff,
  0xff, 0xff, 0xff, 0xff, 0xff, 0xff, 0xff, 0xff, 0xff, 0xff, 0xff, 0xff,
  0xfc, 0x00, 0x00, 0x00, 0x58, 0xff, 0xff, 0xff, 0xff, 0xff, 0xff, 0xff,
  0xff, 0xff, 0xff, 0xff, 0xff, 0xff, 0xff, 0xff, 0xff, 0xff, 0xff, 0xff,
  0xfc, 0x00, 0x00, 0x00, 0x58, 0xff, 0xff, 0xa8, 0x00, 0x00, 0x00, 0x00,
  0x00, 0x00, 0x50, 0xff, 0xff, 0xa2, 0x00, 0x00, 0x00, 0x00, 0x00, 0x00,
  0x00, 0x00, 0x00, 0x00, 0x58, 0xff, 0xff, 0xa8, 0x00, 0x00, 0x00, 0x00,
  0x00, 0x00, 0x2f, 0xff, 0xff, 0xc1, 0x00, 0x00, 0x3c, 0x9f, 0x61, 0x1f,
  0x00, 0x00, 0x00, 0x00, 0x58, 0xff, 0xff, 0xda, 0x94, 0x94, 0x94, 0x94,
  0x94, 0x56, 0x0e, 0xff, 0xff, 0xe0, 0x00, 0x00, 0xa4, 0xff, 0xff, 0x7b,
  0x00, 0x00, 0x00, 0x00, 0x58, 0xff, 0xff, 0xff, 0xff, 0xff, 0xff, 0xff,
  0xff, 0x8f, 0x00, 0xed, 0xff, 0xfb, 0x05, 0x0d, 0xf5, 0xff, 0xfd, 0x1d,
  0x00, 0x00, 0x00, 0x00, 0x5a, 0xff, 0xff, 0xff, 0xff, 0xff, 0xff, 0xff,
  0xff, 0x8b, 0x00, 0xcc, 0xff, 0xff, 0x2e, 0x77, 0xff, 0xff, 0xb2, 0x00,
  0x00, 0x00, 0x00, 0x00, 0x5f, 0xff, 0xff, 0xa0, 0x00, 0x00, 0x3c, 0xff,
  0xff, 0x87, 0x00, 0xa2, 0xff, 0xff, 0x6a, 0xed, 0xff, 0xff, 0x3b, 0x00,
  0x00, 0x00, 0x00, 0x00, 0x6c, 0xff, 0xff, 0x91, 0x00, 0x00, 0x43, 0xff,
  0xff, 0x7f, 0x00, 0x6e, 0xff, 0xff, 0xee, 0xff, 0xff, 0xbc, 0x00, 0x00,
  0x00, 0x00, 0x00, 0x00, 0x7c, 0xff, 0xff, 0x82, 0x00, 0x00, 0x4f, 0xff,
  0xff, 0x74, 0x00, 0x35, 0xff, 0xff, 0xff, 0xff, 0xfd, 0x2e, 0x00, 0x00,
  0x00, 0x00, 0x00, 0x00, 0x96, 0xff, 0xff, 0x64, 0x00, 0x00, 0x66, 0xff,
  0xff, 0x63, 0x00, 0x02, 0xee, 0xff, 0xff, 0xff, 0x8e, 0x00, 0x18, 0x0f,
  0x00, 0x00, 0x00, 0x00, 0xba, 0xff, 0xff, 0x5b, 0x4d, 0x4a, 0xc0, 0xff,
  0xff, 0x4c, 0x00, 0x14, 0xe1, 0xff, 0xff, 0xd7, 0x08, 0x00, 0x47, 0xdb,
  0x48, 0x00, 0x00, 0x00, 0xec, 0xff, 0xff, 0x2f, 0xf8, 0xff, 0xff, 0xff,
  0xff, 0x20, 0x1b, 0xd6, 0xff, 0xff, 0xff, 0xd1, 0x01, 0x00, 0x5d, 0xff,
  0xff, 0x22, 0x00, 0x34, 0xff, 0xff, 0xdb, 0x00, 0xc3, 0xff, 0xff, 0xff,
  0x95, 0x32, 0xdf, 0xff, 0xff, 0xff, 0xff, 0xff, 0x61, 0x00, 0x86, 0xff,
  0xfb, 0x04, 0x00, 0x8c, 0xff, 0xff, 0x95, 0x00, 0x36, 0x57, 0x51, 0x2d,
  0x86, 0xfb, 0xff, 0xff, 0xfb, 0xab, 0xff, 0xff, 0xf7, 0x80, 0xe4, 0xff,
  0xca, 0x00, 0x17, 0xf4, 0xff, 0xff, 0x4b, 0x00, 0x00, 0x00, 0x00, 0x48,
  0xfc, 0xff, 0xff, 0xf4, 0x49, 0x01, 0xba, 0xff, 0xff, 0xff, 0xff, 0xff,
  0x7a, 0x00, 0x0b, 0x99, 0xff, 0xe0, 0x03, 0x00, 0x00, 0x00, 0x00, 0x00,
  0x67, 0xff, 0xce, 0x2c, 0x00, 0x00, 0x0c, 0xb8, 0xff, 0xff, 0xff, 0xd6,
  0x0f, 0x00, 0x00, 0x00, 0x65, 0x57, 0x00, 0x00, 0x00, 0x00, 0x00, 0x00,
  0x00, 0x50, 0x05, 0x00, 0x00, 0x00, 0x00, 0x00, 0x3d, 0x6a, 0x54, 0x0a,
  0x00, 0x00, 0x00, 0x00, 0x00, 0x00, 0x00, 0x00, 0x00, 0x00, 0x00, 0x00,
  0x00, 0x00, 0x00, 0x00, 0x00, 0x32, 0x88, 0x88, 0x20, 0x00, 0x10, 0x00,
  0x00, 0x00, 0x00, 0xcc, 0xff, 0xff, 0xff, 0xff, 0xff, 0x8c, 0xff, 0xff,
  0xff, 0xff, 0xff, 0xd8, 0x00, 0x59, 0xff, 0xff, 0x5b, 0xa5, 0xf4, 0x25,
  0x00, 0x00, 0x00, 0xb6, 0xf2, 0xe4, 0xe4, 0xfd, 0xff, 0x83, 0xef, 0xea,
  0xe4, 0xec, 0xff, 0xd8, 0x00, 0x51, 0xff, 0xff, 0x56, 0xee, 0xff, 0xc2,
  0x00, 0x00, 0x00, 0x4f, 0xf8, 0x93, 0x13, 0xe8, 0xff, 0x41, 0xc0, 0xdd,
  0x49, 0x50, 0xff, 0xd8, 0x00, 0x4a, 0xff, 0xff, 0x46, 0x69, 0xff, 0xff,
  0x53, 0x00, 0x00, 0x48, 0xdd, 0xff, 0x55, 0xe8, 0xff, 0x45, 0x83, 0xf9,
  0xd4, 0x53, 0xff, 0xd8, 0x00, 0x40, 0xff, 0xff, 0x4f, 0x04, 0xdf, 0xff,
  0x87, 0x00, 0x00, 0x00, 0x07, 0xb0, 0x98, 0xe8, 0xff, 0x40, 0x00, 0x4f,
  0xe6, 0x9b, 0xff, 0xd8, 0x00, 0x36, 0xff, 0xff, 0x59, 0x00, 0x53, 0x37,
  0x00, 0x00, 0x00, 0x3d, 0xbd, 0xff, 0xf7, 0xf2, 0xff, 0x4b, 0x7e, 0xf5,
  0xff, 0xc9, 0xff, 0xd8, 0x0e, 0x4f, 0xff, 0xff, 0xb3, 0x9b, 0xb8, 0xd5,
  0xf1, 0x08, 0x00, 0xc4, 0xff, 0xd0, 0x3d, 0xed, 0xff, 0x84, 0xff, 0xf1,
  0x60, 0x59, 0xff, 0xd7, 0xea, 0xff, 0xff, 0xff, 0xff, 0xff, 0xff, 0xff,
  0xff, 0x25, 0x00, 0x50, 0x5e, 0x69, 0xff, 0xff, 0xff, 0x26, 0x92, 0x2b,
  0xf8, 0xff, 0xff, 0xc0, 0xc5, 0xff, 0xff, 0xff, 0xf1, 0xcc, 0xaf, 0x93,
  0x76, 0x16, 0x00, 0x00, 0x00, 0x37, 0xff, 0xd9, 0x4e, 0x3b, 0x9c, 0x9a,
  0x9f, 0xcf, 0xa8, 0x30, 0x3d, 0x43, 0xfb, 0xff, 0x92, 0x00, 0x3c, 0x20,
  0x00, 0x00, 0x00, 0x00, 0x00, 0xab, 0xff, 0xf8, 0x1d, 0x6f, 0xff, 0xfe,
  0x24, 0x00, 0x00, 0x00, 0x00, 0x00, 0xe6, 0xff, 0xa5, 0x00, 0xc5, 0xf8,
  0x69, 0x00, 0x00, 0x00, 0x4d, 0xff, 0xff, 0xff, 0xff, 0xff, 0xff, 0xff,
  0xff, 0xff, 0xff, 0x94, 0x00, 0x00, 0xcf, 0xff, 0xbb, 0x2b, 0xff, 0xff,
  0x5a, 0x00, 0x00, 0x1f, 0xeb, 0xff, 0xff, 0xee, 0xec, 0xf1, 0xff, 0xff,
  0xef, 0xec, 0xec, 0x88, 0x00, 0x00, 0xb7, 0xff, 0xd7, 0xa4, 0xff, 0xe8,
  0x06, 0x00, 0x14, 0xd4, 0xff, 0xff, 0xff, 0x24, 0x00, 0x44, 0xff, 0xff,
  0x2c, 0x00, 0x00, 0x00, 0x00, 0x00, 0x9b, 0xff, 0xf8, 0xfc, 0xff, 0x83,
  0x00, 0x00, 0x31, 0xfb, 0xff, 0xff, 0xff, 0xff, 0xff, 0xff, 0xff, 0xff,
  0xff, 0xff, 0xff, 0x14, 0x00, 0x00, 0x78, 0xff, 0xff, 0xff, 0xee, 0x12,
  0x00, 0x00, 0x00, 0x8a, 0xee, 0xff, 0xff, 0xcc, 0xc4, 0xd3, 0xff, 0xff,
  0xce, 0xc4, 0xc4, 0x0f, 0x00, 0x00, 0x4e, 0xff, 0xff, 0xff, 0x6f, 0x00,
  0x00, 0x00, 0x00, 0x0d, 0x68, 0xff, 0xff, 0x24, 0x00, 0x44, 0xff, 0xff,
  0x2c, 0x00, 0x00, 0x00, 0x00, 0x00, 0x3e, 0xff, 0xff, 0xd9, 0x05, 0x64,
  0x11, 0x00, 0x00, 0x00, 0x5c, 0xff, 0xff, 0xff, 0xff, 0xff, 0xff, 0xff,
  0xff, 0xff, 0xff, 0x08, 0x00, 0x0a, 0xd5, 0xff, 0xff, 0xb3, 0x00, 0xb5,
  0xdf, 0x28, 0x00, 0x00, 0x5c, 0xff, 0xff, 0xbe, 0xb4, 0xc8, 0xff, 0xff,
  0xc1, 0xb4, 0xb4, 0x05, 0x00, 0xa0, 0xff, 0xff, 0xff, 0xfa, 0x1e, 0xe3,
  0xff, 0x36, 0x00, 0x00, 0x5c, 0xff, 0xff, 0x31, 0x10, 0x4f, 0xff, 0xff,
  0x39, 0x10, 0x10, 0x06, 0x89, 0xff, 0xff, 0xd5, 0xff, 0xff, 0xf0, 0xff,
  0xf6, 0x08, 0x00, 0x00, 0x5c, 0xff, 0xff, 0xff, 0xff, 0xff, 0xff, 0xff,
  0xff, 0xff, 0xff, 0xd6, 0xff, 0xff, 0xbe, 0x09, 0xd3, 0xff, 0xff, 0xff,
  0xa9, 0x00, 0x00, 0x00, 0x5c, 0xff, 0xff, 0xff, 0xff, 0xff, 0xff, 0xff,
  0xff, 0xff, 0xff, 0xd3, 0xfd, 0xae, 0x0a, 0x00, 0x31, 0xef, 0xff, 0xf6,
  0x2c, 0x00, 0x00, 0x00, 0x28, 0x70, 0x70, 0x0f, 0x00, 0x00, 0x00, 0x00,
  0x00, 0x00, 0x00, 0x00, 0x1e, 0x01, 0x00, 0x00, 0x00, 0x1b, 0x67, 0x2e,
  0x00, 0x00, 0x00, 0x00, 0x07, 0x0e, 0x15, 0x1d, 0x27, 0x34, 0x41, 0x4d,
  0x5b, 0x6d, 0x7e, 0x90, 0xa3, 0xbc, 0xd8, 0xed, 0x39, 0x00, 0x00, 0x00,
  0x00, 0x5a, 0xff, 0xff, 0xff, 0xff, 0xff, 0xff, 0xff, 0xff, 0xff, 0xff,
  0xff, 0xff, 0xff, 0xff, 0xff, 0xff, 0xeb, 0x25, 0x00, 0x00, 0x00, 0x0d,
  0xfd, 0xff, 0xff, 0xff, 0xff, 0xff, 0xff, 0xff, 0xff, 0xff, 0xff, 0xf5,
  0xe1, 0xcd, 0xb7, 0x9b, 0x7e, 0x43, 0x00, 0x00, 0x00, 0x00, 0x67, 0x6f,
  0x69, 0x62, 0x59, 0x4e, 0x43, 0x97, 0xff, 0xff, 0x85, 0x00, 0x00, 0x00,
  0x00, 0x00, 0x00, 0x00, 0x00, 0x00, 0x00, 0x00, 0x00, 0x00, 0x00, 0x00,
  0x00, 0x00, 0x00, 0x78, 0xff, 0xff, 0x84, 0x00, 0x00, 0x00, 0x00, 0x00,
  0x00, 0x00, 0x00, 0x00, 0x00, 0x35, 0xac, 0xac, 0xac, 0xac, 0xac, 0xac,
  0xac, 0xd3, 0xff, 0xff, 0xd7, 0xac, 0xac, 0xac, 0xac, 0xac, 0xac, 0xac,
  0x63, 0x00, 0x00, 0x50, 0xff, 0xff, 0xff, 0xff, 0xff, 0xff, 0xff, 0xff,
  0xff, 0xff, 0xff, 0xff, 0xff, 0xff, 0xff, 0xff, 0xff, 0xff, 0x94, 0x00,
  0x00, 0x50, 0xff, 0xff, 0xff, 0xff, 0xff, 0xff, 0xff, 0xff, 0xff, 0xff,
  0xff, 0xff, 0xff, 0xff, 0xff, 0xff, 0xff, 0xff, 0x94, 0x00, 0x00, 0x00,
  0x00, 0x00, 0x00, 0x00, 0x00, 0x00, 0x00, 0x78, 0xff, 0xff, 0x84, 0x00,
  0x00, 0x00, 0x00, 0x00, 0x00, 0x00, 0x00, 0x00, 0x00, 0x00, 0x00, 0x00,
  0x00, 0x00, 0x00, 0x00, 0x00, 0x78, 0xff, 0xff, 0x84, 0x00, 0x00, 0x00,
  0x00, 0x00, 0x00, 0x00, 0x00, 0x00, 0x00, 0x00, 0x00, 0x00, 0x00, 0x00,
  0x00, 0x00, 0x00, 0x78, 0xff, 0xff, 0x84, 0x00, 0x00, 0x00, 0x00, 0x00,
  0x00, 0x00, 0x00, 0x00, 0xf0, 0xff, 0xff, 0xff, 0xff, 0xff, 0xff, 0xff,
  0xff, 0xff, 0xff, 0xff, 0xff, 0xff, 0xff, 0xff, 0xff, 0xff, 0xff, 0xff,
  0xff, 0xfc, 0xf0, 0xff, 0xff, 0xff, 0xff, 0xff, 0xff, 0xff, 0xff, 0xff,
  0xff, 0xff, 0xff, 0xff, 0xff, 0xff, 0xff, 0xff, 0xff, 0xff, 0xff, 0xfc,
  0xb0, 0xbc, 0xbc, 0xbc, 0xbc, 0xbc, 0xbc, 0xbc, 0xbc, 0xdb, 0xff, 0xff,
  0xdf, 0xbc, 0xbc, 0xbc, 0xbc, 0xbc, 0xbc, 0xbc, 0xbc, 0xb9, 0x00, 0x00,
  0x00, 0x00, 0x00, 0x00, 0x00, 0x00, 0x00, 0x78, 0xff, 0xff, 0x84, 0x00,
  0x00, 0x00, 0x00, 0x00, 0x00, 0x00, 0x00, 0x00, 0x00, 0x00, 0x00, 0x00,
  0x00, 0x00, 0x00, 0x00, 0x00, 0x78, 0xff, 0xff, 0x84, 0x00, 0x00, 0x00,
  0x00, 0x00, 0x00, 0x00, 0x00, 0x00, 0x00, 0x00, 0x00, 0x00, 0x00, 0x00,
  0x00, 0x00, 0x00, 0x78, 0xff, 0xff, 0x84, 0x00, 0x00, 0x00, 0x00, 0x00,
  0x00, 0x00, 0x00, 0x00, 0x00, 0x00, 0x00, 0x00, 0x00, 0x00, 0x00, 0x00,
  0x00, 0x80, 0xff, 0xff, 0x82, 0x00, 0x00, 0x00, 0x00, 0x00, 0x00, 0x00,
  0x00, 0x00, 0x00, 0x00, 0x00, 0x00, 0x47, 0xc6, 0xbf, 0xbc, 0xbd, 0xf2,
  0xff, 0xff, 0x6f, 0x00, 0x00, 0x00, 0x00, 0x00, 0x00, 0x00, 0x00, 0x00,
  0x00, 0x00, 0x00, 0x00, 0x06, 0xe5, 0xff, 0xff, 0xff, 0xff, 0xff, 0xf9,
  0x27, 0x00, 0x00, 0x00, 0x00, 0x00, 0x00, 0x00, 0x00, 0x00, 0x00, 0x00,
  0x00, 0x00, 0x00, 0x8e, 0xff, 0xff, 0xf7, 0xdd, 0xaa, 0x3a, 0x00, 0x00,
  0x00, 0x00, 0x00, 0x00, 0x00, 0x00, 0x00, 0x00, 0x00, 0x00, 0x00, 0x00,
  0x00, 0x03, 0x07, 0x02, 0x00, 0x00, 0x00, 0x00, 0x00, 0x00, 0x00, 0x00,
  0x00, 0x00, 0x00, 0x00, 0x00, 0x00, 0x00, 0x00, 0x00, 0x25, 0xa0, 0xa0,
  0x55, 0x00, 0x00, 0x00, 0x00, 0x00, 0x00, 0x07, 0x6e, 0x92, 0x9f, 0x00,
  0x00, 0x00, 0x00, 0x00, 0x00, 0x00, 0x00, 0x00, 0x00, 0x3c, 0xff, 0xff,
  0x88, 0x00, 0x00, 0x00, 0x00, 0x00, 0x00, 0x00, 0xe7, 0xff, 0xff, 0x23,
  0x00, 0x00, 0x00, 0x00, 0x00, 0x00, 0x00, 0x00, 0x00, 0x3c, 0xff, 0xff,
  0x88, 0x00, 0x00, 0x00, 0x00, 0x00, 0x00, 0x00, 0xaa, 0xff, 0xff, 0x64,
  0x00, 0x00, 0x00, 0x00, 0x00, 0x00, 0x00, 0x00, 0x00, 0x3c, 0xff, 0xff,
  0x88, 0x00, 0x00, 0xc4, 0xff, 0xff, 0xff, 0xff, 0xff, 0xff, 0xff, 0xff,
  0xff, 0xff, 0xff, 0xff, 0xe0, 0x00, 0x00, 0x00, 0x00, 0x3c, 0xff, 0xff,
  0x88, 0x00, 0x00, 0xc4, 0xff, 0xff, 0xff, 0xff, 0xff, 0xff, 0xff, 0xff,
  0xff, 0xff, 0xff, 0xff, 0xe0, 0x00, 0x18, 0xff, 0xff, 0xff, 0xff, 0xff,
  0xff, 0xff, 0xc8, 0xc4, 0xff, 0xf3, 0x78, 0x78, 0x78, 0x78, 0x78, 0x78,
  0x78, 0x78, 0xf3, 0xff, 0xe0, 0x00, 0x18, 0xff, 0xff, 0xff, 0xff, 0xff,
  0xff, 0xff, 0xc8, 0xc4, 0xff, 0xe8, 0x00, 0x4d, 0x7a, 0x57, 0x1d, 0x00,
  0x00, 0x00, 0xe8, 0xff, 0xe0, 0x00, 0x0e, 0x9c, 0x9c, 0xb3, 0xff, 0xff,
  0xd1, 0x9c, 0x79, 0xc4, 0xff, 0xe8, 0x00, 0xbe, 0xff, 0xff, 0x4a, 0x00,
  0x00, 0x00, 0xe8, 0xff, 0xe0, 0x00, 0x00, 0x00, 0x00, 0x3c, 0xff, 0xff,
  0x88, 0x00, 0x00, 0x2a, 0x38, 0x32, 0x0f, 0xf9, 0xff, 0xf2, 0x07, 0x00,
  0x79, 0x86, 0xae, 0x4e, 0x2a, 0x00, 0x00, 0x00, 0x00, 0x3c, 0xff, 0xff,
  0x88, 0x00, 0x00, 0x00, 0x00, 0x00, 0x60, 0xff, 0xff, 0xa8, 0x00, 0x00,
  0xed, 0xff, 0xff, 0x27, 0x00, 0x00, 0x00, 0x00, 0x00, 0x3c, 0xff, 0xff,
  0x88, 0x00, 0x98, 0xff, 0xff, 0xff, 0xff, 0xff, 0xff, 0xff, 0xff, 0xff,
  0xff, 0xff, 0xff, 0xff, 0xff, 0x48, 0x00, 0x00, 0x00, 0x3c, 0xff, 0xff,
  0x98, 0x57, 0xcf, 0xff, 0xff, 0xff, 0xff, 0xff, 0xff, 0xff, 0xff, 0xff,
  0xff, 0xff, 0xff, 0xff, 0xff, 0x48, 0x00, 0x00, 0x0f, 0x71, 0xff, 0xff,
  0xff, 0xff, 0xfb, 0x80, 0x80, 0xd9, 0xff, 0xff, 0xb7, 0x80, 0x80, 0xbf,
  0xff, 0xff, 0xc7, 0x80, 0x80, 0x24, 0x40, 0xcf, 0xfc, 0xff, 0xff, 0xff,
  0xff, 0xff, 0xfa, 0x0f, 0x17, 0xf7, 0xff, 0xfb, 0x1d, 0x00, 0x00, 0xbf,
  0xff, 0xff, 0x50, 0x00, 0x00, 0x00, 0x35, 0xff, 0xff, 0xff, 0xff, 0xff,
  0xca, 0x56, 0x0e, 0x00, 0x8b, 0xff, 0xff, 0xa7, 0x00, 0x00, 0x1e, 0xfd,
  0xff, 0xf4, 0x09, 0x00, 0x00, 0x00, 0x05, 0xef, 0xbc, 0x9a, 0xff, 0xff,
  0x88, 0x00, 0x00, 0x17, 0xf6, 0xff, 0xff, 0xee, 0x80, 0x11, 0xa8, 0xff,
  0xff, 0x9c, 0x00, 0x00, 0x00, 0x00, 0x00, 0x05, 0x00, 0x3c, 0xff, 0xff,
  0x88, 0x00, 0x00, 0x01, 0x51, 0xcf, 0xff, 0xff, 0xff, 0xf2, 0xff, 0xff,
  0xf6, 0x1c, 0x00, 0x00, 0x00, 0x00, 0x00, 0x00, 0x00, 0x3c, 0xff, 0xff,
  0x88, 0x00, 0x00, 0x00, 0x00, 0x01, 0x56, 0xd9, 0xff, 0xff, 0xff, 0xff,
  0xbc, 0x05, 0x00, 0x00, 0x00, 0x00, 0x00, 0x00, 0x00, 0x3c, 0xff, 0xff,
  0x88, 0x00, 0x00, 0x00, 0x00, 0x00, 0x34, 0xbb, 0xff, 0xff, 0xff, 0xff,
  0xff, 0xd9, 0x4c, 0x00, 0x00, 0x00, 0x00, 0x00, 0x00, 0x40, 0xff, 0xff,
  0x87, 0x00, 0x08, 0x39, 0x7d, 0xcc, 0xff, 0xff, 0xff, 0xff, 0xbf, 0xfa,
  0xff, 0xff, 0xff, 0xb2, 0x1c, 0x00, 0x00, 0xaa, 0xdf, 0xed, 0xff, 0xff,
  0x76, 0x06, 0xd9, 0xff, 0xff, 0xff, 0xff, 0xff, 0xde, 0x51, 0x00, 0x2b,
  0xc3, 0xff, 0xff, 0xff, 0xbf, 0x00, 0x00, 0x68, 0xff, 0xff, 0xff, 0xf6,
  0x29, 0x00, 0x56, 0xff, 0xff, 0xfd, 0xbf, 0x5d, 0x04, 0x00, 0x00, 0x00,
  0x01, 0x69, 0xf4, 0xe8, 0x1e, 0x00, 0x00, 0x22, 0xad, 0xa1, 0x7c, 0x22,
  0x00, 0x00, 0x02, 0x96, 0x5f, 0x19, 0x00, 0x00, 0x00, 0x00, 0x00, 0x00,
  0x00, 0x00, 0x28, 0x34, 0x00, 0x00, 0x00, 0x00, 0x00, 0x52, 0xa0, 0xa0,
  0x0f, 0x00, 0x00, 0x00, 0x00, 0x00, 0x00, 0x0b, 0x53, 0x83, 0xb1, 0x19,
  0x00, 0x00, 0x00, 0x00, 0x00, 0x00, 0x00, 0x00, 0x00, 0x84, 0xff, 0xff,
  0x18, 0x00, 0x00, 0x00, 0x00, 0x00, 0x00, 0x08, 0xea, 0xff, 0xff, 0x90,
  0x00, 0x00, 0x00, 0x00, 0x00, 0x00, 0x00, 0x00, 0x00, 0x84, 0xff, 0xff,
  0x18, 0x00, 0x00, 0x42, 0x5c, 0x5c, 0x5c, 0x5c, 0xc0, 0xff, 0xff, 0xf3,
  0x5d, 0x5c, 0x5c, 0x5c, 0x26, 0x00, 0x00, 0x00, 0x00, 0x84, 0xff, 0xff,
  0x18, 0x00, 0x00, 0xb8, 0xff, 0xff, 0xff, 0xff, 0xff, 0xff, 0xff, 0xff,
  0xff, 0xff, 0xff, 0xff, 0x6c, 0x00, 0x00, 0x00, 0x00, 0x84, 0xff, 0xff,
  0x18, 0x00, 0x00, 0xb8, 0xff, 0xff, 0xff, 0xff, 0xff, 0xff, 0xff, 0xff,
  0xff, 0xff, 0xff, 0xff, 0x6c, 0x00, 0x0c, 0xff, 0xff, 0xff, 0xff, 0xff,
  0xff, 0xff, 0x3c, 0x00, 0x00, 0x93, 0xea, 0xd0, 0x07, 0x00, 0x00, 0x30,
  0xf9, 0xc4, 0x59, 0x00, 0x00, 0x00, 0x0c, 0xff, 0xff, 0xff, 0xff, 0xff,
  0xff, 0xff, 0x3c, 0x00, 0x00, 0x69, 0xff, 0xff, 0x7a, 0x00, 0x00, 0xae,
  0xff, 0xf6, 0x27, 0x00, 0x00, 0x00, 0x07, 0x98, 0x98, 0xcd, 0xff, 0xff,
  0xa1, 0x98, 0x3f, 0x68, 0x68, 0x6c, 0xf8, 0xde, 0x8f, 0x68, 0x7b, 0xff,
  0xff, 0xbf, 0x68, 0x68, 0x5b, 0x00, 0x00, 0x00, 0x00, 0x84, 0xff, 0xff,
  0x18, 0x00, 0x44, 0xff, 0xff, 0xff, 0xff, 0xff, 0xff, 0xff, 0xff, 0xff,
  0xff, 0xff, 0xff, 0xff, 0xe0, 0x00, 0x00, 0x00, 0x00, 0x84, 0xff, 0xff,
  0x18, 0x00, 0x44, 0xff, 0xff, 0xff, 0xff, 0xff, 0xff, 0xff, 0xff, 0xff,
  0xff, 0xff, 0xff, 0xff, 0xe0, 0x00, 0x00, 0x00, 0x00, 0x84, 0xff, 0xff,
  0x24, 0x4b, 0x00, 0x00, 0x00, 0x00, 0x00, 0x82, 0xe9, 0xa9, 0x25, 0x00,
  0x04, 0x05, 0x00, 0x00, 0x00, 0x00, 0x00, 0x00, 0x05, 0x99, 0xff, 0xff,
  0xfc, 0xff, 0x13, 0x00, 0x00, 0x00, 0x02, 0xe1, 0xff, 0xf7, 0x10, 0x00,
  0x43, 0xf8, 0xcc, 0x55, 0x00, 0x00, 0x34, 0xb9, 0xf4, 0xff, 0xff, 0xff,
  0xff, 0xff, 0x6b, 0x5c, 0x5c, 0x5c, 0x7d, 0xff, 0xff, 0xcf, 0x5c, 0x5c,
  0x9d, 0xff, 0xff, 0xa3, 0x5c, 0x15, 0x31, 0xff, 0xff, 0xff, 0xff, 0xff,
  0xb6, 0x66, 0x97, 0xff, 0xff, 0xff, 0xff, 0xff, 0xff, 0xff, 0xff, 0xff,
  0xff, 0xff, 0xff, 0xff, 0xff, 0x3c, 0x03, 0xf2, 0xd5, 0xd0, 0xff, 0xff,
  0x18, 0x00, 0x88, 0xff, 0xff, 0xff, 0xff, 0xff, 0xff, 0xff, 0xff, 0xff,
  0xff, 0xff, 0xff, 0xff, 0xff, 0x3c, 0x00, 0x13, 0x00, 0x84, 0xff, 0xff,
  0x18, 0x00, 0x00, 0x00, 0x23, 0xf2, 0xff, 0xdb, 0x0b, 0x00, 0x00, 0x8c,
  0xff, 0xff, 0x78, 0x00, 0x00, 0x00, 0x00, 0x00, 0x00, 0x84, 0xff, 0xff,
  0x18, 0x00, 0x00, 0x06, 0xcb, 0xff, 0xff, 0xb6, 0x32, 0x00, 0x33, 0xf9,
  0xff, 0xec, 0x0d, 0x00, 0x00, 0x00, 0x00, 0x00, 0x00, 0x84, 0xff, 0xff,
  0x18, 0x00, 0x00, 0x2d, 0xb9, 0xfa, 0xff, 0xff, 0xff, 0xcf, 0xe7, 0xff,
  0xff, 0x52, 0x00, 0x00, 0x00, 0x00, 0x00, 0x00, 0x00, 0x84, 0xff, 0xff,
  0x18, 0x00, 0x00, 0x00, 0x00, 0x12, 0x6b, 0xe1, 0xff, 0xff, 0xff, 0xff,
  0xed, 0x4e, 0x01, 0x00, 0x00, 0x00, 0x00, 0x17, 0x14, 0x99, 0xff, 0xff,
  0x16, 0x00, 0x00, 0x04, 0x31, 0x72, 0xc3, 0xff, 0xff, 0xff, 0xff, 0xff,
  0xff, 0xff, 0xd1, 0x49, 0x00, 0x00, 0x00, 0xa6, 0xff, 0xff, 0xff, 0xfa,
  0x06, 0x00, 0x9b, 0xf8, 0xff, 0xff, 0xff, 0xff, 0xff, 0xd1, 0x65, 0xb6,
  0xff, 0xff, 0xff, 0xff, 0x85, 0x00, 0x00, 0x57, 0xff, 0xff, 0xff, 0x96,
  0x00, 0x00, 0x2f, 0xff, 0xff, 0xff, 0xea, 0xa0, 0x43, 0x01, 0x00, 0x00,
  0x31, 0xb2, 0xff, 0xdd, 0x16, 0x00, 0x00, 0x18, 0x7a, 0x6d, 0x3a, 0x00,
  0x00, 0x00, 0x00, 0x80, 0x68, 0x31, 0x01, 0x00, 0x00, 0x00, 0x00, 0x00,
  0x00, 0x00, 0x45, 0x25, 0x00, 0x00, 0x00, 0x00, 0x00, 0x5b, 0xa8, 0xa8,
  0x07, 0x00, 0x00, 0x00, 0x00, 0x00, 0x00, 0x00, 0x00, 0x00, 0x00, 0x00,
  0x00, 0x00, 0x00, 0x00, 0x00, 0x00, 0x00, 0x00, 0x00, 0x8c, 0xff, 0xff,
  0x0c, 0x00, 0x00, 0x34, 0xff, 0xff, 0xff, 0xff, 0xff, 0xff, 0xff, 0xff,
  0xff, 0xff, 0xff, 0xa0, 0x00, 0x00, 0x00, 0x00, 0x00, 0x8c, 0xff, 0xff,
  0x0c, 0x00, 0x00, 0x34, 0xff, 0xff, 0xff, 0xff, 0xff, 0xff, 0xff, 0xff,
  0xff, 0xff, 0xff, 0xa0, 0x00, 0x00, 0x00, 0x00, 0x00, 0x8c, 0xff, 0xff,
  0x0c, 0x00, 0x00, 0x34, 0xff, 0xff, 0x6a, 0x04, 0x04, 0x04, 0x04, 0x04,
  0x1f, 0xff, 0xff, 0xa0, 0x00, 0x00, 0x00, 0x00, 0x00, 0x8c, 0xff, 0xff,
  0x0c, 0x00, 0x00, 0x34, 0xff, 0xff, 0xde, 0xc8, 0xc8, 0xc8, 0xc8, 0xc8,
  0xce, 0xff, 0xff, 0xa0, 0x00, 0x00, 0x24, 0xff, 0xff, 0xff, 0xff, 0xff,
  0xff, 0xff, 0x74, 0x34, 0xff, 0xff, 0xff, 0xff, 0xff, 0xff, 0xff, 0xff,
  0xff, 0xff, 0xff, 0xa0, 0x00, 0x00, 0x24, 0xff, 0xff, 0xff, 0xff, 0xff,
  0xff, 0xff, 0x74, 0x34, 0xff, 0xff, 0x6a, 0x04, 0x04, 0x04, 0x04, 0x04,
  0x1f, 0xff, 0xff, 0xa0, 0x00, 0x00, 0x15, 0x98, 0x98, 0xd0, 0xff, 0xff,
  0x9c, 0x98, 0x44, 0x34, 0xff, 0xff, 0xff, 0xff, 0xff, 0xff, 0xff, 0xff,
  0xff, 0xff, 0xff, 0xa0, 0x00, 0x00, 0x00, 0x00, 0x00, 0x8c, 0xff, 0xff,
  0x0c, 0x00, 0x00, 0x34, 0xff, 0xff, 0xff, 0xff, 0xff, 0xff, 0xff, 0xff,
  0xff, 0xff, 0xff, 0xa0, 0x00, 0x00, 0x00, 0x00, 0x00, 0x8c, 0xff, 0xff,
  0x0c, 0x00, 0x00, 0x00, 0x00, 0x00, 0x00, 0x00, 0x00, 0x00, 0x00, 0x00,
  0x00, 0x00, 0x00, 0x00, 0x00, 0x00, 0x00, 0x00, 0x00, 0x8c, 0xff, 0xff,
  0x16, 0x47, 0x77, 0xff, 0xff, 0xff, 0xff, 0xff, 0xff, 0xff, 0xff, 0xff,
  0xff, 0xff, 0xff, 0xff, 0xd4, 0x00, 0x00, 0x00, 0x04, 0x9c, 0xff, 0xff,
  0xfa, 0xff, 0xb5, 0xff, 0xff, 0xff, 0xff, 0xff, 0xff, 0xff, 0xff, 0xff,
  0xff, 0xff, 0xff, 0xff, 0xd4, 0x00, 0x32, 0xba, 0xf3, 0xff, 0xff, 0xff,
  0xff, 0xff, 0x9a, 0x48, 0x48, 0x48, 0x48, 0x48, 0xcc, 0xff, 0xfa, 0x48,
  0x48, 0x48, 0x48, 0x48, 0x3b, 0x00, 0x2a, 0xff, 0xff, 0xff, 0xff, 0xff,
  0xb4, 0x67, 0x19, 0x07, 0xe6, 0xc8, 0x67, 0x00, 0xb8, 0xff, 0xf8, 0x00,
  0x00, 0x00, 0x00, 0x00, 0x00, 0x00, 0x00, 0xea, 0xdb, 0xd8, 0xff, 0xff,
  0x0c, 0x00, 0x00, 0x2e, 0xff, 0xff, 0x75, 0x00, 0xb8, 0xff, 0xff, 0xff,
  0xff, 0xff, 0xff, 0x8c, 0x00, 0x00, 0x00, 0x14, 0x00, 0x8c, 0xff, 0xff,
  0x0c, 0x00, 0x00, 0x5d, 0xff, 0xff, 0x45, 0x00, 0xb8, 0xff, 0xff, 0xff,
  0xff, 0xff, 0xff, 0x8c, 0x00, 0x00, 0x00, 0x00, 0x00, 0x8c, 0xff, 0xff,
  0x0c, 0x00, 0x00, 0xa8, 0xff, 0xff, 0x76, 0x00, 0xb8, 0xff, 0xfa, 0x54,
  0x54, 0x54, 0x54, 0x2d, 0x00, 0x00, 0x00, 0x00, 0x00, 0x8c, 0xff, 0xff,
  0x0c, 0x00, 0x09, 0xf0, 0xff, 0xff, 0xed, 0x17, 0xb8, 0xff, 0xf8, 0x00,
  0x00, 0x00, 0x00, 0x00, 0x00, 0x00, 0x00, 0x00, 0x00, 0x8c, 0xff, 0xff,
  0x0c, 0x00, 0x77, 0xff, 0xff, 0xf0, 0xff, 0xcf, 0xce, 0xff, 0xf8, 0x00,
  0x00, 0x00, 0x00, 0x00, 0x00, 0x00, 0x00, 0x3a, 0x40, 0xb5, 0xff, 0xff,
  0x08, 0x1e, 0xee, 0xff, 0xe3, 0x2a, 0xf1, 0xff, 0xff, 0xff, 0xfc, 0x95,
  0x8a, 0x88, 0x88, 0x89, 0x8c, 0x31, 0x00, 0xaa, 0xff, 0xff, 0xff, 0xed,
  0x10, 0xd7, 0xff, 0xff, 0x67, 0x00, 0x33, 0xe2, 0xff, 0xff, 0xff, 0xff,
  0xff, 0xff, 0xff, 0xff, 0xfc, 0x13, 0x00, 0x60, 0xff, 0xff, 0xf8, 0x66,
  0x02, 0x7a, 0xfd, 0xb4, 0x01, 0x00, 0x00, 0x09, 0x68, 0xb3, 0xd4, 0xea,
  0xfd, 0xff, 0xff, 0xff, 0xd0, 0x00, 0x00, 0x14, 0x53, 0x44, 0x13, 0x00,
  0x00, 0x00, 0x49, 0x0f, 0x00, 0x00, 0x00, 0x00, 0x00, 0x00, 0x00, 0x00,
  0x00, 0x00, 0x00, 0x00, 0x00, 0x00, 0x00, 0x00, 0x14, 0xa0, 0xa0, 0x41,
  0x00, 0x00, 0x00, 0x00, 0x55, 0x93, 0x64, 0x0f, 0x00, 0x00, 0x00, 0x92,
  0x79, 0x2f, 0x00, 0x00, 0x00, 0x00, 0x00, 0x00, 0x20, 0xff, 0xff, 0x68,
  0x00, 0x00, 0x00, 0x00, 0xcd, 0xff, 0xe9, 0x07, 0x00, 0x00, 0x11, 0xff,
  0xff, 0x65, 0x00, 0x00, 0x00, 0x00, 0x00, 0x00, 0x20, 0xff, 0xff, 0x68,
  0x00, 0xec, 0xff, 0xff, 0xff, 0xff, 0xff, 0xff, 0xff, 0xac, 0x36, 0xff,
  0xff, 0x40, 0x00, 0x00, 0x00, 0x00, 0x00, 0x00, 0x20, 0xff, 0xff, 0x68,
  0x00, 0xec, 0xff, 0xff, 0xff, 0xff, 0xff, 0xff, 0xff, 0xac, 0x5b, 0xff,
  0xff, 0x14, 0x00, 0x00, 0x00, 0x00, 0x00, 0x00, 0x20, 0xff, 0xff, 0x68,
  0x00, 0x3e, 0x61, 0xff, 0xff, 0xa1, 0x44, 0x4a, 0x44, 0x2d, 0x80, 0xff,
  0xf7, 0x70, 0x70, 0x70, 0x70, 0x1f, 0x04, 0xff, 0xff, 0xff, 0xff, 0xff,
  0xcc, 0x00, 0x9c, 0xff, 0xf4, 0x31, 0xb6, 0xe0, 0x0a, 0x00, 0xb6, 0xff,
  0xff, 0xff, 0xff, 0xff, 0xff, 0x48, 0x04, 0xff, 0xff, 0xff, 0xff, 0xff,
  0xcc, 0x4e, 0xfe, 0xff, 0x86, 0x29, 0xea, 0xff, 0x7d, 0x03, 0xef, 0xff,
  0xff, 0xff, 0xff, 0xff, 0xff, 0x48, 0x02, 0x94, 0xa1, 0xff, 0xff, 0xbf,
  0x76, 0xe1, 0xff, 0xff, 0xff, 0xff, 0xff, 0xff, 0xed, 0x51, 0xff, 0xff,
  0x34, 0x0b, 0xff, 0xff, 0x53, 0x00, 0x00, 0x00, 0x20, 0xff, 0xff, 0x68,
  0x00, 0x83, 0xff, 0xff, 0xe7, 0xc4, 0xa4, 0xe9, 0xff, 0xeb, 0xff, 0xff,
  0x39, 0x2a, 0xff, 0xff, 0x34, 0x00, 0x00, 0x00, 0x20, 0xff, 0xff, 0x68,
  0x00, 0x19, 0x33, 0x09, 0x00, 0x00, 0x00, 0x52, 0x5a, 0xfa, 0xff, 0xff,
  0x5c, 0x49, 0xff, 0xff, 0x14, 0x00, 0x00, 0x00, 0x20, 0xff, 0xff, 0x73,
  0x41, 0x78, 0xff, 0xff, 0xff, 0xff, 0xff, 0xff, 0xd7, 0xf4, 0xff, 0xff,
  0x84, 0x6e, 0xff, 0xeb, 0x00, 0x00, 0x00, 0x00, 0x24, 0xff, 0xff, 0xff,
  0xf0, 0x79, 0xff, 0xff, 0xff, 0xff, 0xff, 0xff, 0xb8, 0x6d, 0xd5, 0xff,
  0xbc, 0xa1, 0xff, 0xc0, 0x00, 0x00, 0x1c, 0xa6, 0xf2, 0xff, 0xff, 0xff,
  0xff, 0x9e, 0xff, 0xc4, 0x21, 0x10, 0xa2, 0xff, 0xb8, 0x05, 0x26, 0xfe,
  0xf2, 0xd6, 0xff, 0x8e, 0x00, 0x00, 0x11, 0xfd, 0xff, 0xff, 0xff, 0xcb,
  0x58, 0x7f, 0xff, 0xea, 0xf8, 0x9e, 0xad, 0xff, 0xb8, 0x00, 0x00, 0xd9,
  0xff, 0xff, 0xff, 0x51, 0x00, 0x00, 0x00, 0xcb, 0xea, 0xff, 0xff, 0x68,
  0x00, 0x7f, 0xff, 0xee, 0xfc, 0xff, 0xe9, 0xff, 0xb8, 0x00, 0x00, 0x9a,
  0xff, 0xff, 0xfc, 0x14, 0x00, 0x00, 0x00, 0x1f, 0x22, 0xff, 0xff, 0x68,
  0x00, 0x87, 0xff, 0xaf, 0x3a, 0x78, 0x9d, 0xff, 0xb8, 0x00, 0x00, 0x52,
  0xff, 0xff, 0xbd, 0x00, 0x00, 0x00, 0x00, 0x00, 0x20, 0xff, 0xff, 0x68,
  0x00, 0x98, 0xff, 0x9d, 0x37, 0xa9, 0xfc, 0xff, 0xb8, 0x00, 0x00, 0x37,
  0xff, 0xff, 0x7c, 0x00, 0x00, 0x00, 0x00, 0x00, 0x20, 0xff, 0xff, 0x68,
  0x00, 0xbc, 0xff, 0xf4, 0xff, 0xff, 0xff, 0xff, 0xb8, 0x00, 0x00, 0xbe,
  0xff, 0xff, 0xe4, 0x0d, 0x00, 0x00, 0x00, 0x00, 0x20, 0xff, 0xff, 0x68,
  0x00, 0xe0, 0xff, 0xe8, 0xff, 0xaf, 0xbc, 0xff, 0xb8, 0x00, 0x57, 0xff,
  0xff, 0xff, 0xff, 0x94, 0x00, 0x00, 0x00, 0x03, 0x26, 0xff, 0xff, 0x66,
  0x1c, 0xff, 0xff, 0x41, 0x2e, 0x00, 0x9c, 0xff, 0xb8, 0x2c, 0xf1, 0xff,
  0xd8, 0xad, 0xff, 0xff, 0x7b, 0x00, 0x00, 0xbe, 0xff, 0xff, 0xff, 0x54,
  0x74, 0xff, 0xdd, 0x00, 0x0e, 0xbb, 0xea, 0xff, 0xd6, 0xec, 0xff, 0xfa,
  0x33, 0x15, 0xec, 0xff, 0xff, 0x44, 0x00, 0x72, 0xff, 0xff, 0xe6, 0x11,
  0x7b, 0xff, 0x7d, 0x00, 0x00, 0xc8, 0xff, 0xff, 0x6e, 0xbf, 0xfd, 0x5e,
  0x00, 0x00, 0x42, 0xf7, 0xae, 0x00, 0x00, 0x26, 0x79, 0x57, 0x0c, 0x00,
  0x00, 0x5d, 0x17, 0x00, 0x00, 0x50, 0x7b, 0x44, 0x00, 0x19, 0x5c, 0x00,
  0x00, 0x00, 0x00, 0x47, 0x15, 0x00, 0x00, 0x00, 0x00, 0x52, 0xa0, 0xa0,
  0x0f, 0x00, 0x00, 0x00, 0x00, 0x00, 0x00, 0x00, 0x00, 0x00, 0x00, 0x00,
  0x00, 0x00, 0x00, 0x00, 0x00, 0x00, 0x00, 0x00, 0x00, 0x84, 0xff, 0xff,
  0x18, 0x00, 0x00, 0xd0, 0xff, 0xff, 0xff, 0xff, 0xff, 0xff, 0xff, 0xff,
  0xff, 0xff, 0xff, 0xff, 0x70, 0x00, 0x00, 0x00, 0x00, 0x84, 0xff, 0xff,
  0x18, 0x00, 0x00, 0xd0, 0xff, 0xf8, 0xf5, 0xff, 0xff, 0xf4, 0xfa, 0xff,
  0xfb, 0xf4, 0xfe, 0xff, 0x70, 0x00, 0x00, 0x00, 0x00, 0x84, 0xff, 0xff,
  0x18, 0x00, 0x00, 0xd0, 0xff, 0x68, 0x28, 0xff, 0xf8, 0x00, 0x90, 0xff,
  0x98, 0x00, 0xe4, 0xff, 0x70, 0x00, 0x00, 0x00, 0x00, 0x84, 0xff, 0xff,
  0x18, 0x00, 0x00, 0xd0, 0xff, 0x68, 0x28, 0xff, 0xf8, 0x00, 0x90, 0xff,
  0x98, 0x00, 0xe4, 0xff, 0x70, 0x00, 0x04, 0xff, 0xff, 0xff, 0xff, 0xff,
  0xff, 0xff, 0x30, 0xd0, 0xff, 0xff, 0xff, 0xff, 0xff, 0xff, 0xff, 0xff,
  0xff, 0xff, 0xff, 0xff, 0x70, 0x00, 0x04, 0xff, 0xff, 0xff, 0xff, 0xff,
  0xff, 0xff, 0x30, 0xc3, 0xf0, 0xf0, 0xf0, 0xf0, 0xfc, 0xff, 0xff, 0xf0,
  0xf0, 0xf0, 0xf0, 0xf0, 0x69, 0x00, 0x02, 0x98, 0x98, 0xcd, 0xff, 0xff,
  0xa1, 0x98, 0x1c, 0x06, 0x0c, 0x0c, 0x0c, 0x0c, 0xc3, 0xff, 0xf0, 0x0c,
  0x0c, 0x0c, 0x0c, 0x0c, 0x00, 0x00, 0x00, 0x00, 0x00, 0x84, 0xff, 0xff,
  0x18, 0x00, 0x00, 0x84, 0xff, 0xff, 0xff, 0xff, 0xff, 0xff, 0xff, 0xff,
  0xff, 0xff, 0xff, 0xff, 0x14, 0x00, 0x00, 0x00, 0x00, 0x84, 0xff, 0xff,
  0x18, 0x00, 0x00, 0x84, 0xff, 0xff, 0xff, 0xff, 0xff, 0xff, 0xff, 0xff,
  0xff, 0xff, 0xff, 0xff, 0x14, 0x00, 0x00, 0x00, 0x00, 0x84, 0xff, 0xff,
  0x40, 0x6d, 0x0f, 0x20, 0x20, 0x20, 0x20, 0x20, 0xc8, 0xff, 0xf2, 0x20,
  0x20, 0x20, 0x20, 0x20, 0x17, 0x00, 0x00, 0x00, 0x1e, 0xa9, 0xff, 0xff,
  0xff, 0xff, 0x92, 0xff, 0xff, 0xff, 0xff, 0xff, 0xff, 0xff, 0xff, 0xff,
  0xff, 0xff, 0xff, 0xff, 0xbc, 0x00, 0x34, 0xdf, 0xff, 0xff, 0xff, 0xff,
  0xff, 0xff, 0xb6, 0xff, 0xff, 0xff, 0xff, 0xff, 0xff, 0xff, 0xff, 0xff,
  0xff, 0xff, 0xff, 0xff, 0xbc, 0x00, 0x17, 0xff, 0xff, 0xff, 0xff, 0xff,
  0x8f, 0x37, 0x01, 0x00, 0x00, 0x8b, 0xe8, 0xbb, 0x00, 0x00, 0x00, 0x1e,
  0xfd, 0xde, 0x64, 0x00, 0x00, 0x00, 0x00, 0xd3, 0xb5, 0xc1, 0xff, 0xff,
  0x18, 0x00, 0x00, 0x26, 0x28, 0x98, 0xff, 0xfe, 0x38, 0x28, 0x28, 0x8c,
  0xff, 0xfe, 0x4c, 0x28, 0x06, 0x00, 0x00, 0x01, 0x00, 0x84, 0xff, 0xff,
  0x18, 0x00, 0x00, 0xf8, 0xff, 0xff, 0xff, 0xff, 0xff, 0xff, 0xff, 0xff,
  0xff, 0xff, 0xff, 0xff, 0x2c, 0x00, 0x00, 0x00, 0x00, 0x84, 0xff, 0xff,
  0x18, 0x00, 0x00, 0xf8, 0xff, 0xff, 0xff, 0xff, 0xff, 0xff, 0xff, 0xff,
  0xff, 0xff, 0xff, 0xff, 0x2c, 0x00, 0x00, 0x00, 0x00, 0x84, 0xff, 0xff,
  0x18, 0x00, 0x11, 0x14, 0x14, 0x14, 0x14, 0x14, 0xc5, 0xff, 0xf1, 0x14,
  0x14, 0x14, 0x14, 0x14, 0x14, 0x01, 0x00, 0x00, 0x00, 0x84, 0xff, 0xff,
  0x18, 0x00, 0xe4, 0xff, 0xff, 0xff, 0xff, 0xff, 0xff, 0xff, 0xff, 0xff,
  0xff, 0xff, 0xff, 0xff, 0xff, 0x15, 0x00, 0x00, 0x00, 0x8d, 0xff, 0xff,
  0x16, 0x00, 0xe4, 0xff, 0xff, 0xff, 0xff, 0xff, 0xff, 0xff, 0xff, 0xff,
  0xff, 0xff, 0xff, 0xff, 0xff, 0x11, 0x00, 0xb4, 0xf8, 0xff, 0xff, 0xfc,
  0x08, 0x00, 0x00, 0x00, 0x00, 0x00, 0x00, 0x00, 0xc0, 0xff, 0xf0, 0x00,
  0x00, 0x00, 0x00, 0x00, 0x00, 0x00, 0x00, 0x65, 0xff, 0xff, 0xff, 0xab,
  0x00, 0x00, 0x00, 0x00, 0x00, 0x00, 0x00, 0x00, 0xc0, 0xff, 0xf0, 0x00,
  0x00, 0x00, 0x00, 0x00, 0x00, 0x00, 0x00, 0x25, 0x9b, 0x8a, 0x56, 0x04,
  0x00, 0x00, 0x00, 0x00, 0x00, 0x00, 0x00, 0x00, 0x7e, 0xa8, 0x9d, 0x00,
  0x00, 0x00, 0x00, 0x00, 0x00, 0x00, 0x00, 0x00, 0x00, 0x00, 0x00, 0x51,
  0xa8, 0x73, 0x00, 0x00, 0x00, 0x00, 0x00, 0x00, 0x00, 0x00, 0x00, 0x00,
  0x00, 0x00, 0x00, 0x00, 0x00, 0x00, 0x00, 0x35, 0x64, 0x64, 0x64, 0xaf,
  0xff, 0xcf, 0x64, 0x64, 0x64, 0x5a, 0x00, 0xb0, 0xff, 0xff, 0xff, 0xff,
  0xff, 0xff, 0x30, 0x00, 0x00, 0x00, 0x00, 0x88, 0xff, 0xff, 0xff, 0xff,
  0xff, 0xff, 0xff, 0xff, 0xff, 0xe8, 0x00, 0xb2, 0xff, 0xfc, 0xf8, 0xf9,
  0xff, 0xff, 0x30, 0x00, 0x00, 0x00, 0x00, 0x00, 0x2f, 0x34, 0x34, 0x96,
  0xff, 0xc0, 0x34, 0x34, 0x34, 0x0f, 0x00, 0xd9, 0xff, 0x88, 0x00, 0x2e,
  0xff, 0xff, 0x3e, 0x00, 0x10, 0x00, 0x00, 0x00, 0xe8, 0xff, 0xff, 0xff,
  0xff, 0xff, 0xff, 0xff, 0xff, 0x4f, 0x80, 0xff, 0xff, 0x49, 0x00, 0x10,
  0xfb, 0xff, 0xff, 0xff, 0xff, 0x12, 0x00, 0x00, 0xe8, 0xf3, 0x34, 0x96,
  0xff, 0xc0, 0x34, 0xb6, 0xff, 0xef, 0xff, 0xff, 0xcb, 0x03, 0x00, 0x00,
  0x7f, 0xf1, 0xff, 0xff, 0xfb, 0x24, 0x00, 0x00, 0xe8, 0xff, 0xff, 0xff,
  0xff, 0xff, 0xff, 0xff, 0xff, 0xf3, 0xff, 0xd0, 0x1f, 0x00, 0x00, 0x00,
  0x00, 0x00, 0x03, 0x03, 0x00, 0x00, 0x00, 0x00, 0xe8, 0xf3, 0x34, 0x96,
  0xff, 0xc0, 0x34, 0xb6, 0xff, 0x66, 0x78, 0xe7, 0xe0, 0xe0, 0xe0, 0xe0,
  0xe0, 0xe0, 0xdd, 0x60, 0x00, 0x00, 0x00, 0x00, 0xe8, 0xff, 0xff, 0xff,
  0xff, 0xff, 0xff, 0xff, 0xff, 0x4c, 0x10, 0xff, 0xff, 0xff, 0xff, 0xff,
  0xff, 0xff, 0xff, 0x3a, 0x00, 0x00, 0x05, 0x34, 0x34, 0x34, 0x34, 0x96,
  0xff, 0xc0, 0x34, 0x34, 0x34, 0x34, 0x01, 0x6d, 0xf2, 0xdf, 0x26, 0x2a,
  0xe0, 0xff, 0xb5, 0x00, 0x00, 0x00, 0x1c, 0xff, 0xff, 0xff, 0xff, 0xff,
  0xff, 0xff, 0xff, 0xff, 0xff, 0xff, 0x08, 0x20, 0xe9, 0xff, 0xf3, 0xef,
  0xff, 0xd6, 0x11, 0x00, 0x00, 0x00, 0x00, 0x00, 0xd0, 0xca, 0x34, 0x96,
  0xff, 0xc0, 0x34, 0xa7, 0xdc, 0x5a, 0x34, 0x57, 0xae, 0xff, 0xff, 0xff,
  0xff, 0xae, 0x51, 0x16, 0x00, 0x00, 0x00, 0x00, 0xfc, 0xff, 0xff, 0xff,
  0xff, 0xff, 0xff, 0xff, 0xff, 0x8f, 0xfe, 0xff, 0xff, 0xff, 0xe4, 0xfc,
  0xff, 0xff, 0xff, 0xff, 0xed, 0x2c, 0x00, 0x00, 0x00, 0x00, 0x00, 0x00,
  0x00, 0x00, 0x00, 0x03, 0x05, 0x08, 0x57, 0x56, 0x41, 0x23, 0x1d, 0x46,
  0xb5, 0xed, 0xe0, 0xff, 0x88, 0x00, 0x00, 0x02, 0xe3, 0xfe, 0xfd, 0xfc,
  0xfc, 0xfe, 0xff, 0xff, 0xff, 0xff, 0xff, 0xff, 0xff, 0xff, 0xff, 0xff,
  0xff, 0xff, 0x88, 0x26, 0x0b, 0x00, 0x00, 0x00, 0x2f, 0x43, 0x45, 0x47,
  0x47, 0x43, 0x3e, 0x39, 0x8a, 0xff, 0xff, 0xad, 0x68, 0x5c, 0x50, 0x43,
  0x34, 0x22, 0x0d, 0x00, 0x00, 0x00, 0x00, 0x00, 0x24, 0xff, 0xff, 0xff,
  0xff, 0xff, 0xff, 0xff, 0xff, 0xff, 0xff, 0xff, 0xff, 0xff, 0xff, 0xff,
  0xff, 0xff, 0x8c, 0x00, 0x00, 0x00, 0x00, 0x00, 0x09, 0x40, 0x40, 0x40,
  0x40, 0x40, 0x40, 0x40, 0x91, 0xff, 0xff, 0x91, 0x40, 0x40, 0x40, 0x40,
  0x40, 0x40, 0x23, 0x00, 0x00, 0x00, 0x31, 0xc4, 0xc4, 0xc4, 0xc4, 0xc4,
  0xc4, 0xc4, 0xc4, 0xc4, 0xdd, 0xff, 0xff, 0xdd, 0xc4, 0xc4, 0xc4, 0xc4,
  0xc4, 0xc4, 0xc4, 0xc4, 0xc4, 0x31, 0x40, 0xff, 0xff, 0xff, 0xff, 0xff,
  0xff, 0xff, 0xff, 0xff, 0xff, 0xff, 0xff, 0xff, 0xff, 0xff, 0xff, 0xff,
  0xff, 0xff, 0xff, 0xff, 0xff, 0x40, 0x00, 0x00, 0x00, 0x00, 0x00, 0x00,
  0x00, 0x00, 0x00, 0x00, 0x6d, 0xff, 0xff, 0x6b, 0x00, 0x00, 0x00, 0x00,
  0x00, 0x00, 0x00, 0x00, 0x00, 0x00, 0x00, 0x00, 0x00, 0x00, 0x00, 0x00,
  0x00, 0x84, 0xc1, 0xc4, 0xeb, 0xff, 0xff, 0x5b, 0x00, 0x00, 0x00, 0x00,
  0x00, 0x00, 0x00, 0x00, 0x00, 0x00, 0x00, 0x00, 0x00, 0x00, 0x00, 0x00,
  0x00, 0x42, 0xff, 0xff, 0xff, 0xff, 0xce, 0x12, 0x00, 0x00, 0x00, 0x00,
  0x00, 0x00, 0x00, 0x00, 0x00, 0x00, 0x00, 0x00, 0x00, 0x00, 0x00, 0x00,
  0x00, 0x02, 0x56, 0x53, 0x48, 0x26, 0x00, 0x00, 0x00, 0x00, 0x00, 0x00,
  0x00, 0x00, 0x00, 0x00, 0x00, 0x00, 0x00, 0x00, 0x00, 0x6e, 0xa0, 0x9b,
  0x00, 0x00, 0x00, 0x00, 0x00, 0x00, 0x00, 0x00, 0x00, 0x00, 0x00, 0x00,
  0x00, 0x00, 0x00, 0x00, 0x00, 0x00, 0x00, 0x00, 0x00, 0xb0, 0xff, 0xf8,
  0x00, 0x00, 0x00, 0x00, 0x1c, 0xff, 0xff, 0xff, 0xff, 0xff, 0xff, 0xff,
  0xff, 0xff, 0x48, 0x00, 0x00, 0x00, 0x00, 0x00, 0x00, 0xb0, 0xff, 0xf8,
  0x00, 0x00, 0x00, 0x00, 0x1c, 0xff, 0xff, 0xef, 0xe8, 0xe8, 0xe8, 0xef,
  0xff, 0xff, 0x48, 0x00, 0x00, 0x00, 0x00, 0x00, 0x00, 0xb0, 0xff, 0xf8,
  0x00, 0x00, 0x00, 0x00, 0x1c, 0xff, 0xff, 0x50, 0x00, 0x00, 0x00, 0x50,
  0xff, 0xff, 0x48, 0x00, 0x00, 0x00, 0x00, 0x00, 0x00, 0xb0, 0xff, 0xf8,
  0x00, 0x00, 0x00, 0x00, 0x1c, 0xff, 0xff, 0xff, 0xff, 0xff, 0xff, 0xff,
  0xff, 0xff, 0x48, 0x00, 0x00, 0x00, 0x04, 0xff, 0xff, 0xff, 0xff, 0xff,
  0xff, 0xf8, 0x00, 0x00, 0x1c, 0xff, 0xff, 0xff, 0xff, 0xff, 0xff, 0xff,
  0xff, 0xff, 0x48, 0x00, 0x00, 0x00, 0x04, 0xff, 0xff, 0xff, 0xff, 0xff,
  0xff, 0xf8, 0x00, 0x00, 0x00, 0x08, 0x08, 0x08, 0x08, 0x08, 0x08, 0x08,
  0x08, 0x08, 0x02, 0x00, 0x00, 0x00, 0x02, 0x98, 0x98, 0xdf, 0xff, 0xfc,
  0x98, 0x93, 0x41, 0xf8, 0xf8, 0xf8, 0xf8, 0xf8, 0xf8, 0x13, 0xf4, 0xf8,
  0xf8, 0xf8, 0xf8, 0xf8, 0x8b, 0x00, 0x00, 0x00, 0x00, 0xb0, 0xff, 0xf8,
  0x00, 0x00, 0x44, 0xff, 0xff, 0xff, 0xff, 0xff, 0xff, 0x14, 0xfc, 0xff,
  0xff, 0xff, 0xff, 0xff, 0x90, 0x00, 0x00, 0x00, 0x00, 0xb0, 0xff, 0xf8,
  0x00, 0x00, 0x44, 0xff, 0xd8, 0x00, 0x28, 0xff, 0xff, 0x14, 0xfc, 0xff,
  0x30, 0x00, 0xb8, 0xff, 0x90, 0x00, 0x00, 0x00, 0x00, 0xb0, 0xff, 0xf8,
  0x27, 0x54, 0x44, 0xff, 0xd8, 0x00, 0x28, 0xff, 0xff, 0x14, 0xfc, 0xff,
  0x30, 0x00, 0xb8, 0xff, 0x90, 0x00, 0x00, 0x00, 0x02, 0xb8, 0xff, 0xff,
  0xff, 0xe4, 0x44, 0xff, 0xff, 0xff, 0xff, 0xff, 0xff, 0x14, 0xfc, 0xff,
  0xff, 0xff, 0xff, 0xff, 0x90, 0x00, 0x25, 0xa5, 0xea, 0xff, 0xff, 0xff,
  0xff, 0xff, 0x4d, 0xe0, 0xe0, 0xe0, 0xe0, 0xe0, 0xf9, 0x14, 0xf9, 0xe0,
  0xe0, 0xe0, 0xe0, 0xe0, 0x7e, 0x00, 0x22, 0xff, 0xff, 0xff, 0xff, 0xfd,
  0x88, 0x2c, 0x00, 0x00, 0x00, 0x00, 0x00, 0x00, 0xcc, 0xf8, 0xeb, 0x00,
  0x00, 0x00, 0x00, 0x00, 0x00, 0x00, 0x00, 0xe1, 0xe0, 0xe4, 0xff, 0xf8,
  0x00, 0x00, 0x29, 0x48, 0x48, 0x48, 0x48, 0x48, 0xda, 0xff, 0xf1, 0x48,
  0x48, 0x48, 0x48, 0x48, 0x45, 0x00, 0x00, 0x1f, 0x00, 0xb0, 0xff, 0xf8,
  0x00, 0x00, 0x94, 0xff, 0xff, 0xff, 0xff, 0xff, 0xff, 0xff, 0xff, 0xff,
  0xff, 0xff, 0xff, 0xff, 0xf8, 0x00, 0x00, 0x00, 0x00, 0xb0, 0xff, 0xf8,
  0x00, 0x00, 0x94, 0xff, 0xff, 0xff, 0xff, 0xff, 0xff, 0xff, 0xff, 0xff,
  0xff, 0xff, 0xff, 0xff, 0xf8, 0x00, 0x00, 0x00, 0x00, 0xb0, 0xff, 0xf8,
  0x00, 0x00, 0x00, 0x00, 0x40, 0xcf, 0x7a, 0x1e, 0xcc, 0xff, 0xec, 0x00,
  0x71, 0xd0, 0x22, 0x00, 0x00, 0x00, 0x00, 0x00, 0x00, 0xb0, 0xff, 0xf8,
  0x00, 0x00, 0x00, 0x32, 0xef, 0xff, 0xf6, 0x2f, 0xcc, 0xff, 0xec, 0x36,
  0xfc, 0xff, 0xed, 0x3a, 0x00, 0x00, 0x00, 0x10, 0x1c, 0xc0, 0xff, 0xf6,
  0x00, 0x00, 0x42, 0xf0, 0xff, 0xfd, 0x53, 0x00, 0xcc, 0xff, 0xec, 0x00,
  0x48, 0xf4, 0xff, 0xf7, 0x4c, 0x00, 0x00, 0x55, 0xff, 0xff, 0xff, 0xe1,
  0x00, 0x49, 0xfb, 0xff, 0xfe, 0x67, 0x00, 0x00, 0xcc, 0xff, 0xec, 0x00,
  0x00, 0x3e, 0xf3, 0xff, 0xf8, 0x22, 0x00, 0x09, 0xfc, 0xff, 0xfc, 0x6f,
  0x00, 0x02, 0x94, 0xfc, 0x64, 0x00, 0x00, 0x00, 0xcc, 0xff, 0xec, 0x00,
  0x00, 0x00, 0x41, 0xf7, 0x6a, 0x00, 0x00, 0x00, 0x57, 0x51, 0x16, 0x00,
  0x00, 0x00, 0x00, 0x2c, 0x00, 0x00, 0x00, 0x00, 0x8f, 0xb4, 0xa5, 0x00,
  0x00, 0x00, 0x00, 0x1e, 0x00, 0x00, 0x00, 0x00, 0x00, 0x00, 0x00, 0x00,
  0x00, 0x00, 0x00, 0x00, 0x00, 0x00, 0x00, 0x03, 0x8f, 0x60, 0x2a, 0x00,
  0x00, 0x00, 0x00, 0x00, 0x00, 0x00, 0x00, 0x60, 0xff, 0xff, 0xff, 0xff,
  0xff, 0xff, 0xff, 0xff, 0x88, 0x00, 0x00, 0x2e, 0xff, 0xff, 0xc1, 0x00,
  0x00, 0x00, 0x00, 0x00, 0x00, 0x00, 0x00, 0x60, 0xff, 0xff, 0xff, 0xff,
  0xff, 0xff, 0xff, 0xff, 0x88, 0x00, 0x00, 0x63, 0xff, 0xff, 0x8f, 0x00,
  0x00, 0x00, 0x00, 0x00, 0x00, 0x00, 0x00, 0x4e, 0xd0, 0xd0, 0xd0, 0xd0,
  0xd0, 0xde, 0xff, 0xff, 0x88, 0x00, 0x00, 0xa0, 0xff, 0xff, 0x57, 0x00,
  0x00, 0x00, 0x00, 0x00, 0x00, 0x00, 0x00, 0x00, 0x00, 0x00, 0x00, 0x00,
  0x00, 0x4c, 0xff, 0xff, 0x88, 0x00, 0x01, 0xe9, 0xff, 0xff, 0x1a, 0x00,
  0x00, 0x00, 0x00, 0x00, 0x00, 0x00, 0x00, 0x00, 0x00, 0x00, 0x00, 0x00,
  0x00, 0x4c, 0xff, 0xff, 0x88, 0x00, 0x35, 0xff, 0xff, 0xff, 0xff, 0xff,
  0xff, 0xff, 0xff, 0xff, 0xfc, 0x00, 0x00, 0x00, 0x00, 0x00, 0x00, 0x00,
  0x00, 0x4c, 0xff, 0xff, 0x88, 0x00, 0x92, 0xff, 0xff, 0xff, 0xff, 0xff,
  0xff, 0xff, 0xff, 0xff, 0xfc, 0x00, 0x00, 0x00, 0x00, 0x00, 0x00, 0x00,
  0x00, 0x4c, 0xff, 0xff, 0x88, 0x08, 0xee, 0xff, 0xff, 0xa3, 0x98, 0x98,
  0xa3, 0xff, 0xff, 0xf1, 0x95, 0x00, 0x00, 0x00, 0x00, 0x00, 0x00, 0x00,
  0x00, 0x4c, 0xff, 0xff, 0x88, 0x67, 0xff, 0xff, 0xff, 0x48, 0x00, 0x00,
  0x43, 0xff, 0xff, 0xb9, 0x00, 0x00, 0x00, 0x18, 0xc0, 0xc0, 0xc0, 0xc0,
  0xc0, 0xd3, 0xff, 0xff, 0x95, 0xe8, 0xff, 0xff, 0xff, 0x8b, 0x00, 0x00,
  0x7a, 0xff, 0xff, 0x85, 0x00, 0x00, 0x00, 0x20, 0xff, 0xff, 0xff, 0xff,
  0xff, 0xff, 0xff, 0xff, 0xf5, 0xff, 0xff, 0xff, 0xff, 0xce, 0x00, 0x00,
  0xb1, 0xff, 0xff, 0x4b, 0x00, 0x00, 0x00, 0x20, 0xff, 0xff, 0xff, 0xff,
  0xff, 0xff, 0xff, 0xff, 0xf1, 0xff, 0xff, 0xe9, 0xff, 0xff, 0x27, 0x0c,
  0xf3, 0xff, 0xf9, 0x0b, 0x00, 0x00, 0x00, 0x20, 0xff, 0xff, 0xc0, 0x00,
  0x00, 0x00, 0x00, 0x00, 0x02, 0xa5, 0xb2, 0x56, 0xff, 0xff, 0x8f, 0x61,
  0xff, 0xff, 0xbb, 0x00, 0x00, 0x00, 0x00, 0x20, 0xff, 0xff, 0xc0, 0x00,
  0x00, 0x00, 0x00, 0x00, 0x00, 0x04, 0x10, 0x08, 0xf1, 0xff, 0xee, 0xc9,
  0xff, 0xff, 0x5d, 0x00, 0x00, 0x00, 0x00, 0x20, 0xff, 0xff, 0xc0, 0x00,
  0x00, 0x00, 0x00, 0x00, 0x00, 0x00, 0x00, 0x00, 0x91, 0xff, 0xff, 0xff,
  0xff, 0xef, 0x0a, 0x00, 0x00, 0x00, 0x00, 0x20, 0xff, 0xff, 0xc0, 0x00,
  0x00, 0x00, 0x00, 0x00, 0x00, 0x00, 0x00, 0x00, 0x19, 0xf7, 0xff, 0xff,
  0xff, 0x7b, 0x00, 0x00, 0x00, 0x00, 0x00, 0x20, 0xff, 0xff, 0xc0, 0x00,
  0x00, 0x14, 0x63, 0xb7, 0x88, 0x00, 0x00, 0x00, 0x00, 0xbe, 0xff, 0xff,
  0xfb, 0x15, 0x00, 0x00, 0x00, 0x00, 0x00, 0x21, 0xff, 0xff, 0xcd, 0x6a,
  0xbd, 0xfc, 0xff, 0xff, 0xa9, 0x00, 0x00, 0x01, 0x89, 0xff, 0xff, 0xff,
  0xff, 0xbd, 0x0a, 0x00, 0x00, 0x00, 0x00, 0x5c, 0xff, 0xff, 0xff, 0xff,
  0xff, 0xff, 0xff, 0xee, 0x80, 0x00, 0x13, 0xae, 0xff, 0xff, 0xff, 0xff,
  0xff, 0xff, 0xc2, 0x14, 0x00, 0x00, 0x00, 0xd0, 0xff, 0xff, 0xff, 0xff,
  0xf9, 0xaf, 0x51, 0x06, 0x07, 0x69, 0xea, 0xff, 0xff, 0xff, 0x86, 0x5d,
  0xfc, 0xff, 0xff, 0xe9, 0x60, 0x04, 0x00, 0x63, 0xff, 0xff, 0xcd, 0x6b,
  0x12, 0x00, 0x00, 0x00, 0x74, 0xff, 0xff, 0xff, 0xfd, 0x6c, 0x00, 0x00,
  0x57, 0xfb, 0xff, 0xff, 0xef, 0x2b, 0x00, 0x13, 0xb3, 0x36, 0x00, 0x00,
  0x00, 0x00, 0x00, 0x00, 0x02, 0xc9, 0xff, 0xde, 0x42, 0x00, 0x00, 0x00,
  0x00, 0x32, 0xcf, 0xfd, 0x45, 0x00, 0x00, 0x00, 0x00, 0x00, 0x00, 0x00,
  0x00, 0x00, 0x00, 0x00, 0x00, 0x36, 0x71, 0x07, 0x00, 0x00, 0x00, 0x00,
  0x00, 0x00, 0x04, 0x42, 0x00, 0x00, 0x00, 0x00, 0x00, 0x00, 0x00, 0x3c,
  0xb0, 0xb0, 0x1b, 0x00, 0x00, 0x00, 0x00, 0x00, 0x1a, 0x7d, 0x41, 0x0a,
  0x00, 0x00, 0x00, 0x00, 0x00, 0x00, 0x00, 0x00, 0x00, 0x00, 0x00, 0x58,
  0xff, 0xff, 0x28, 0x00, 0x00, 0x00, 0x00, 0x00, 0x64, 0xff, 0xff, 0x50,
  0x00, 0x00, 0x00, 0x00, 0x00, 0x00, 0x00, 0xb4, 0xff, 0xff, 0xff, 0xff,
  0xff, 0xff, 0xff, 0xff, 0xff, 0xff, 0x50, 0x00, 0xb5, 0xff, 0xf6, 0x0b,
  0x00, 0x00, 0x00, 0x00, 0x00, 0x00, 0x00, 0xb4, 0xff, 0xff, 0xff, 0xff,
  0xff, 0xff, 0xff, 0xff, 0xff, 0xff, 0x50, 0x1d, 0xfd, 0xff, 0xff, 0xff,
  0xff, 0xff, 0xff, 0xff, 0xd8, 0x00, 0x00, 0x00, 0x00, 0x00, 0x00, 0x58,
  0xff, 0xff, 0x28, 0x00, 0x00, 0x00, 0x00, 0x96, 0xff, 0xff, 0xff, 0xff,
  0xff, 0xff, 0xff, 0xff, 0xd8, 0x00, 0x00, 0x1e, 0xc4, 0xc4, 0xc4, 0xd8,
  0xff, 0xff, 0xcd, 0xc4, 0xc4, 0xba, 0x2d, 0xfb, 0xff, 0xfe, 0x5f, 0x48,
  0xad, 0xff, 0xff, 0x5e, 0x3c, 0x00, 0x00, 0x28, 0xff, 0xff, 0xff, 0xff,
  0xff, 0xff, 0xff, 0xff, 0xff, 0xf7, 0xd7, 0xff, 0xff, 0xff, 0xa9, 0x09,
  0xe4, 0xff, 0xc5, 0x00, 0x00, 0x00, 0x00, 0x28, 0xff, 0xff, 0x10, 0x58,
  0xff, 0xff, 0x28, 0x60, 0xff, 0xf9, 0xaa, 0xda, 0x4f, 0xfd, 0xff, 0xcd,
  0xff, 0xff, 0x52, 0x00, 0x00, 0x00, 0x00, 0x28, 0xff, 0xff, 0xb5, 0xcb,
  0xff, 0xff, 0xbc, 0xce, 0xff, 0xf4, 0x00, 0x02, 0x00, 0x89, 0xff, 0xff,
  0xff, 0xb2, 0x00, 0x00, 0x00, 0x00, 0x00, 0x28, 0xff, 0xff, 0xff, 0xff,
  0xff, 0xff, 0xff, 0xff, 0xff, 0xf4, 0x00, 0x00, 0x0a, 0xa7, 0xff, 0xff,
  0xff, 0xc5, 0x2e, 0x00, 0x00, 0x00, 0x00, 0x00, 0x01, 0x5c, 0xe1, 0xff,
  0xff, 0xff, 0xcb, 0xf9, 0x9e, 0x22, 0x00, 0x3a, 0xd0, 0xff, 0xff, 0xf4,
  0xff, 0xff, 0xfc, 0xad, 0x53, 0x07, 0x05, 0x81, 0xdf, 0xff, 0xdf, 0x91,
  0xff, 0xff, 0x40, 0x8f, 0xf9, 0x87, 0xb9, 0xff, 0xff, 0xfb, 0x88, 0x0b,
  0x75, 0xf8, 0xff, 0xff, 0xce, 0x09, 0x00, 0x45, 0xe6, 0x87, 0x0e, 0x3b,
  0xb0, 0xb5, 0x1c, 0x00, 0x1a, 0x00, 0x3b, 0xe8, 0x94, 0x26, 0x00, 0x00,
  0x00, 0x25, 0x95, 0xee, 0x2b, 0x00, 0x00, 0x00, 0x25, 0x48, 0x48, 0x48,
  0x48, 0x48, 0x48, 0x48, 0x48, 0x48, 0x48, 0x4a, 0x48, 0x48, 0x48, 0x48,
  0x48, 0x48, 0x48, 0x26, 0x00, 0x00, 0x00, 0x00, 0x7c, 0xff, 0xff, 0xff,
  0xff, 0xff, 0xff, 0xff, 0xff, 0xff, 0xff, 0xff, 0xff, 0xff, 0xff, 0xff,
  0xff, 0xff, 0xff, 0x74, 0x00, 0x00, 0x00, 0x00, 0x7c, 0xff, 0xff, 0xff,
  0xff, 0xff, 0xff, 0xff, 0xff, 0xff, 0xff, 0xff, 0xff, 0xff, 0xff, 0xff,
  0xff, 0xff, 0xff, 0x74, 0x00, 0x00, 0x00, 0x00, 0x00, 0x00, 0x16, 0x3c,
  0x3c, 0x16, 0x00, 0x00, 0x78, 0xff, 0xff, 0x67, 0x18, 0x18, 0x18, 0x18,
  0x18, 0x0c, 0x00, 0x00, 0x00, 0x00, 0x00, 0x00, 0x00, 0x00, 0x60, 0xff,
  0xff, 0x60, 0x00, 0x00, 0x78, 0xff, 0xff, 0xff, 0xff, 0xff, 0xff, 0xff,
  0xff, 0x88, 0x00, 0x00, 0x00, 0x00, 0x00, 0x00, 0x00, 0x00, 0x60, 0xff,
  0xff, 0x60, 0x00, 0x00, 0x78, 0xff, 0xff, 0xff, 0xff, 0xff, 0xff, 0xff,
  0xff, 0x88, 0x00, 0x00, 0x00, 0x00, 0x00, 0x2f, 0x34, 0x34, 0x80, 0xff,
  0xff, 0x80, 0x34, 0x34, 0x93, 0xff, 0xff, 0x7a, 0x34, 0x34, 0x34, 0x34,
  0x34, 0x34, 0x34, 0x34, 0x30, 0x00, 0x00, 0xec, 0xff, 0xff, 0xff, 0xff,
  0xff, 0xff, 0xff, 0xff, 0xff, 0xff, 0xff, 0xff, 0xff, 0xff, 0xff, 0xff,
  0xff, 0xff, 0xff, 0xff, 0xf0, 0x00, 0x00, 0xec, 0xff, 0xff, 0xff, 0xff,
  0xff, 0xff, 0xff, 0xff, 0xff, 0xff, 0xff, 0xff, 0xff, 0xff, 0xff, 0xff,
  0xff, 0xff, 0xff, 0xff, 0xf0, 0x00, 0x00, 0x00, 0x00, 0x00, 0x00, 0x00,
  0x6e, 0xa8, 0x54, 0x00, 0x00, 0x00, 0x00, 0x00, 0x00, 0x21, 0x8b, 0x5f,
  0x0d, 0x00, 0x00, 0x00, 0x00, 0x00, 0x00, 0x00, 0x80, 0xff, 0xff, 0xff,
  0xff, 0xff, 0xff, 0xff, 0xff, 0xff, 0xa0, 0x00, 0x00, 0x5c, 0xff, 0xfd,
  0x0e, 0x00, 0x00, 0x00, 0x00, 0x00, 0x00, 0x00, 0x80, 0xff, 0xe3, 0xb8,
  0xe7, 0xff, 0xdc, 0xb8, 0xe5, 0xff, 0xa0, 0x00, 0x00, 0x8c, 0xff, 0xd3,
  0x00, 0x00, 0x00, 0x00, 0x00, 0x00, 0x02, 0x10, 0x88, 0xff, 0x9c, 0x00,
  0xa8, 0xff, 0x80, 0x00, 0xa0, 0xff, 0xa6, 0x0e, 0x00, 0xbc, 0xff, 0x9a,
  0x00, 0x00, 0x00, 0x00, 0x00, 0x00, 0x28, 0xff, 0xff, 0xff, 0xf8, 0xec,
  0xf9, 0xff, 0xf6, 0xec, 0xf8, 0xff, 0xff, 0xe0, 0x02, 0xee, 0xff, 0xb2,
  0x78, 0x78, 0x78, 0x78, 0x78, 0x18, 0x28, 0xff, 0xff, 0xff, 0xf1, 0xdc,
  0xf3, 0xff, 0xee, 0xdc, 0xf2, 0xff, 0xff, 0xe0, 0x36, 0xff, 0xff, 0xff,
  0xff, 0xff, 0xff, 0xff, 0xff, 0x34, 0x00, 0x00, 0x80, 0xff, 0x9c, 0x00,
  0xa8, 0xff, 0x80, 0x00, 0xa0, 0xff, 0xa0, 0x00, 0x7a, 0xff, 0xff, 0xff,
  0xff, 0xff, 0xff, 0xff, 0xff, 0x34, 0x00, 0x00, 0x80, 0xff, 0xff, 0xff,
  0xff, 0xff, 0xff, 0xff, 0xff, 0xff, 0xa0, 0x00, 0xbe, 0xff, 0xcb, 0x00,
  0x00, 0xea, 0xff, 0x84, 0x00, 0x00, 0x00, 0x00, 0x70, 0xe0, 0xe0, 0xe0,
  0xf5, 0xff, 0xf0, 0xe0, 0xe0, 0xe0, 0x8c, 0x15, 0xfb, 0xff, 0xf7, 0x03,
  0x0c, 0xff, 0xff, 0x5f, 0x00, 0x00, 0x00, 0x00, 0x00, 0x00, 0x00, 0x00,
  0xa8, 0xff, 0x80, 0x00, 0x00, 0x00, 0x00, 0x6d, 0xff, 0xff, 0xff, 0x2a,
  0x2f, 0xff, 0xff, 0x39, 0x00, 0x00, 0x00, 0x00, 0xe8, 0xff, 0xff, 0xff,
  0xff, 0xff, 0xff, 0xff, 0xff, 0xff, 0xf5, 0xd8, 0xff, 0xff, 0xff, 0x66,
  0x5c, 0xff, 0xfc, 0x0a, 0x00, 0x00, 0x00, 0x00, 0xe8, 0xff, 0xd7, 0xb8,
  0xe7, 0xff, 0xdc, 0xb8, 0xde, 0xff, 0xff, 0xff, 0xff, 0xb6, 0xff, 0xb0,
  0x9a, 0xff, 0xd0, 0x00, 0x00, 0x00, 0x00, 0x00, 0xe8, 0xff, 0x70, 0x00,
  0xa8, 0xff, 0x80, 0x00, 0x88, 0xff, 0xf5, 0x9d, 0xbf, 0x4d, 0xff, 0xf3,
  0xdc, 0xff, 0x8f, 0x00, 0x00, 0x00, 0x00, 0x00, 0xe8, 0xff, 0xff, 0xff,
  0xff, 0xff, 0xff, 0xff, 0xff, 0xff, 0xf4, 0x00, 0x21, 0x0f, 0xfb, 0xff,
  0xff, 0xff, 0x46, 0x00, 0x00, 0x00, 0x00, 0x00, 0x3a, 0x40, 0x40, 0xdc,
  0xff, 0xc6, 0x40, 0x86, 0xcc, 0xa6, 0x3d, 0x00, 0x00, 0x00, 0xb8, 0xff,
  0xff, 0xeb, 0x06, 0x00, 0x00, 0x00, 0x00, 0xc7, 0xd8, 0xd8, 0xdc, 0xff,
  0xff, 0xe8, 0xd8, 0xec, 0xff, 0xf5, 0xd8, 0x9e, 0x00, 0x00, 0x63, 0xff,
  0xff, 0x8e, 0x00, 0x00, 0x00, 0x00, 0x00, 0xec, 0xff, 0xff, 0xff, 0xff,
  0xff, 0xff, 0xff, 0xff, 0xff, 0xff, 0xff, 0xbc, 0x00, 0x00, 0xa7, 0xff,
  0xff, 0xb2, 0x00, 0x00, 0x00, 0x00, 0x00, 0x00, 0x02, 0xbb, 0xff, 0xea,
  0x10, 0x00, 0x25, 0xf6, 0xff, 0x66, 0x00, 0x00, 0x00, 0x5d, 0xff, 0xff,
  0xff, 0xff, 0x58, 0x00, 0x00, 0x00, 0x00, 0x00, 0x66, 0xff, 0xff, 0xff,
  0xf5, 0xb0, 0xe6, 0xff, 0xdb, 0x0b, 0x00, 0x00, 0x4d, 0xf8, 0xff, 0xce,
  0xed, 0xff, 0xf3, 0x31, 0x00, 0x00, 0x00, 0x00, 0x00, 0x25, 0x72, 0xe2,
  0xff, 0xff, 0xff, 0xff, 0xb6, 0x33, 0x04, 0x7b, 0xfc, 0xff, 0xe3, 0x1b,
  0x53, 0xff, 0xff, 0xf0, 0x45, 0x00, 0x13, 0x51, 0x79, 0xa7, 0xe2, 0xff,
  0xff, 0xf7, 0xcb, 0xff, 0xff, 0xff, 0xed, 0xff, 0xff, 0xdb, 0x20, 0x00,
  0x00, 0x9c, 0xff, 0xff, 0xfc, 0x32, 0x0e, 0xe1, 0xff, 0xff, 0xfe, 0xcc,
  0x75, 0x16, 0x00, 0x2c, 0xa7, 0xbc, 0xeb, 0xff, 0xa8, 0x0f, 0x00, 0x00,
  0x00, 0x04, 0xa9, 0xff, 0x7a, 0x00, 0x00, 0x4c, 0x81, 0x4f, 0x13, 0x00,
  0x00, 0x00, 0x00, 0x00, 0x00, 0x00, 0x51, 0x45, 0x00, 0x00, 0x00, 0x00,
  0x00, 0x00, 0x01, 0x5c, 0x02, 0x00, 0x00, 0x00, 0x00, 0x00, 0x09, 0x50,
  0x95, 0x9c, 0x00, 0x00, 0x00, 0x00, 0x00, 0x00, 0x00, 0x00, 0x00, 0x00,
  0x00, 0x0a, 0x43, 0x00, 0x00, 0x00, 0x00, 0x00, 0x00, 0x00, 0x13, 0xfa,
  0xff, 0xfd, 0x1e, 0x00, 0x00, 0x00, 0x00, 0x00, 0x00, 0x00, 0x1b, 0x5f,
  0xa7, 0xf3, 0xff, 0x89, 0x00, 0x00, 0x00, 0x00, 0x00, 0x00, 0x00, 0xb7,
  0xff, 0xff, 0x7a, 0x00, 0x00, 0x00, 0x00, 0x57, 0xa6, 0xdc, 0xff, 0xff,
  0xff, 0xff, 0xff, 0xf9, 0x57, 0x00, 0x00, 0xa8, 0xff, 0xff, 0xff, 0xff,
  0xff, 0xff, 0xff, 0xff, 0xff, 0xff, 0x18, 0xbc, 0xff, 0xff, 0xff, 0xfb,
  0xcf, 0x98, 0x55, 0x10, 0x00, 0x00, 0x00, 0xa8, 0xff, 0xff, 0xff, 0xff,
  0xff, 0xff, 0xff, 0xff, 0xff, 0xff, 0x18, 0xbc, 0xff, 0xf0, 0x39, 0x08,
  0x00, 0x00, 0x00, 0x00, 0x00, 0x00, 0x00, 0x31, 0x69, 0xc8, 0xf3, 0x58,
  0x4c, 0x4c, 0xc7, 0xee, 0xbf, 0x4c, 0x07, 0xbc, 0xff, 0xe8, 0x00, 0x00,
  0x00, 0x00, 0x00, 0x00, 0x00, 0x00, 0x00, 0x00, 0x16, 0xfb, 0xff, 0x6b,
  0x00, 0x10, 0xf5, 0xff, 0x98, 0x00, 0x00, 0xbc, 0xff, 0xe8, 0x00, 0x00,
  0x00, 0x00, 0x00, 0x00, 0x00, 0x00, 0x01, 0x50, 0x50, 0xdb, 0xe1, 0x8e,
  0x50, 0x98, 0xff, 0xff, 0x69, 0x50, 0x24, 0xbc, 0xff, 0xe8, 0x00, 0x00,
  0x00, 0x00, 0x00, 0x00, 0x00, 0x00, 0x04, 0xff, 0xff, 0xff, 0xff, 0xff,
  0xff, 0xff, 0xff, 0xff, 0xff, 0xff, 0x74, 0xbc, 0xff, 0xff, 0xff, 0xff,
  0xff, 0xff, 0xff, 0xff, 0xff, 0x28, 0x04, 0xff, 0xff, 0xff, 0xff, 0xff,
  0xff, 0xff, 0xff, 0xff, 0xff, 0xff, 0x74, 0xbc, 0xff, 0xff, 0xff, 0xff,
  0xff, 0xff, 0xff, 0xff, 0xff, 0x28, 0x00, 0x00, 0x00, 0x00, 0x00, 0x68,
  0xff, 0xff, 0x5c, 0x00, 0x00, 0x00, 0x00, 0xbc, 0xff, 0xf6, 0x98, 0x98,
  0xf1, 0xff, 0xf7, 0x98, 0x98, 0x17, 0x00, 0x00, 0x00, 0x00, 0x00, 0x68,
  0xff, 0xff, 0x5c, 0x00, 0x00, 0x00, 0x00, 0xc0, 0xff, 0xe3, 0x00, 0x00,
  0xdc, 0xff, 0xec, 0x00, 0x00, 0x00, 0x00, 0xe0, 0xff, 0xff, 0xff, 0xff,
  0xff, 0xff, 0xff, 0xff, 0xff, 0xff, 0x14, 0xc9, 0xff, 0xdc, 0x00, 0x00,
  0xdc, 0xff, 0xec, 0x00, 0x00, 0x00, 0x00, 0xe0, 0xff, 0xff, 0xff, 0xff,
  0xff, 0xff, 0xff, 0xff, 0xff, 0xff, 0x14, 0xd2, 0xff, 0xd5, 0x00, 0x00,
  0xdc, 0xff, 0xec, 0x00, 0x00, 0x00, 0x00, 0x54, 0x60, 0x60, 0x60, 0xa1,
  0xff, 0xff, 0x99, 0x60, 0x62, 0x60, 0x07, 0xdc, 0xff, 0xc0, 0x00, 0x00,
  0xdc, 0xff, 0xec, 0x00, 0x00, 0x00, 0x00, 0x00, 0x4d, 0xa3, 0x55, 0x68,
  0xff, 0xff, 0x5f, 0x6c, 0xe0, 0x1e, 0x00, 0xf5, 0xff, 0xa6, 0x00, 0x00,
  0xdc, 0xff, 0xec, 0x00, 0x00, 0x00, 0x00, 0x00, 0xbf, 0xff, 0xb0, 0x68,
  0xff, 0xff, 0x5e, 0xd1, 0xff, 0xa8, 0x18, 0xff, 0xff, 0x8b, 0x00, 0x00,
  0xdc, 0xff, 0xec, 0x00, 0x00, 0x00, 0x00, 0x2d, 0xff, 0xff, 0x46, 0x68,
  0xff, 0xff, 0x5c, 0x49, 0xff, 0xfe, 0x81, 0xff, 0xff, 0x5e, 0x00, 0x00,
  0xdc, 0xff, 0xec, 0x00, 0x00, 0x00, 0x00, 0xb1, 0xff, 0xd7, 0x01, 0x68,
  0xff, 0xff, 0x5c, 0x00, 0xc7, 0xfb, 0xe6, 0xff, 0xff, 0x23, 0x00, 0x00,
  0xdc, 0xff, 0xec, 0x00, 0x00, 0x00, 0x19, 0xec, 0xff, 0x55, 0x00, 0x68,
  0xff, 0xff, 0x5c, 0x00, 0x3d, 0x33, 0xe6, 0xff, 0xe8, 0x00, 0x00, 0x00,
  0xdc, 0xff, 0xec, 0x00, 0x00, 0x00, 0x00, 0x17, 0x84, 0x00, 0x00, 0x68,
  0xff, 0xff, 0x5c, 0x00, 0x00, 0x68, 0xff, 0xff, 0x97, 0x00, 0x00, 0x00,
  0xdc, 0xff, 0xec, 0x00, 0x00, 0x00, 0x00, 0x00, 0x00, 0x00, 0x00, 0x68,
  0xff, 0xff, 0x5c, 0x00, 0x00, 0x13, 0xb0, 0xfd, 0x2d, 0x00, 0x00, 0x00,
  0xdc, 0xff, 0xec, 0x00, 0x00, 0x00, 0x00, 0x00, 0x00, 0x00, 0x00, 0x32,
  0x7c, 0x7c, 0x2c, 0x00, 0x00, 0x00, 0x01, 0x4d, 0x00, 0x00, 0x00, 0x00,
  0x78, 0x8c, 0x81, 0x00, 0x00, 0x00, 0x00, 0x00, 0x00, 0x00, 0x00, 0x00,
  0x00, 0x00, 0x00, 0x00, 0x00, 0x00, 0x00, 0x0f, 0xa8, 0xa8, 0x78, 0x00,
  0x00, 0x00, 0x00, 0x00, 0x00, 0x70, 0xff, 0xff, 0xff, 0xff, 0xff, 0xff,
  0xff, 0x14, 0x00, 0x00, 0x00, 0x00, 0x18, 0xff, 0xff, 0xb8, 0x00, 0x00,
  0x00, 0x00, 0x00, 0x00, 0x70, 0xff, 0xff, 0xff, 0xff, 0xff, 0xff, 0xff,
  0x14, 0x00, 0x00, 0x00, 0x00, 0x18, 0xff, 0xff, 0xb8, 0x00, 0x00, 0x00,
  0x00, 0x00, 0x00, 0x70, 0xff, 0xff, 0xad, 0x98, 0xd5, 0xff, 0xff, 0x94,
  0xff, 0xff, 0xff, 0xff, 0xff, 0xff, 0xff, 0xff, 0xff, 0xff, 0xff, 0xff,
  0xff, 0x1c, 0x70, 0xff, 0xff, 0x34, 0x00, 0x98, 0xff, 0xff, 0x94, 0xff,
  0xff, 0xff, 0xff, 0xff, 0xff, 0xff, 0xff, 0xff, 0xff, 0xff, 0xff, 0xff,
  0x1c, 0x70, 0xff, 0xff, 0x34, 0x00, 0x98, 0xff, 0xff, 0x50, 0x78, 0x78,
  0x78, 0x78, 0x84, 0xff, 0xff, 0xd9, 0x78, 0x78, 0x78, 0x78, 0x78, 0x0d,
  0x70, 0xff, 0xff, 0x34, 0x00, 0x98, 0xff, 0xff, 0x14, 0x00, 0x00, 0x00,
  0x00, 0x18, 0xff, 0xff, 0xb8, 0x00, 0x00, 0x00, 0x00, 0x00, 0x00, 0x70,
  0xff, 0xff, 0x34, 0x00, 0x98, 0xff, 0xff, 0x14, 0x52, 0x70, 0x70, 0x70,
  0x7d, 0xff, 0xff, 0xd7, 0x70, 0x70, 0x70, 0x70, 0x34, 0x00, 0x70, 0xff,
  0xff, 0xff, 0xff, 0xff, 0xff, 0xff, 0x14, 0xbc, 0xff, 0xff, 0xff, 0xff,
  0xff, 0xff, 0xff, 0xff, 0xff, 0xff, 0xff, 0x78, 0x00, 0x70, 0xff, 0xff,
  0xff, 0xff, 0xff, 0xff, 0xff, 0x14, 0xbc, 0xff, 0xff, 0xff, 0xff, 0xff,
  0xff, 0xff, 0xff, 0xff, 0xff, 0xff, 0x78, 0x00, 0x70, 0xff, 0xff, 0x93,
  0x78, 0xc8, 0xff, 0xff, 0x14, 0x00, 0x00, 0x00, 0x00, 0x00, 0x00, 0x00,
  0x14, 0xff, 0xff, 0xb8, 0x00, 0x00, 0x00, 0x70, 0xff, 0xff, 0x34, 0x00,
  0x98, 0xff, 0xff, 0x14, 0x00, 0x00, 0x00, 0x00, 0x00, 0x00, 0x00, 0x14,
  0xff, 0xff, 0xb8, 0x00, 0x00, 0x00, 0x70, 0xff, 0xff, 0x34, 0x00, 0x98,
  0xff, 0xff, 0x8c, 0xff, 0xff, 0xff, 0xff, 0xff, 0xff, 0xff, 0xff, 0xff,
  0xff, 0xff, 0xff, 0xff, 0x04, 0x70, 0xff, 0xff, 0x34, 0x00, 0x98, 0xff,
  0xff, 0x8c, 0xff, 0xff, 0xff, 0xff, 0xff, 0xff, 0xff, 0xff, 0xff, 0xff,
  0xff, 0xff, 0xff, 0x04, 0x70, 0xff, 0xff, 0x34, 0x00, 0x98, 0xff, 0xff,
  0x48, 0x70, 0x70, 0x82, 0x70, 0x70, 0x70, 0x70, 0x7b, 0xff, 0xff, 0xd7,
  0x70, 0x70, 0x01, 0x70, 0xff, 0xff, 0x9a, 0x80, 0xcc, 0xff, 0xff, 0x14,
  0x0f, 0x84, 0xf4, 0x71, 0x00, 0x00, 0x00, 0x14, 0xff, 0xff, 0xb8, 0x00,
  0x00, 0x00, 0x70, 0xff, 0xff, 0xff, 0xff, 0xff, 0xff, 0xff, 0x14, 0x34,
  0xf9, 0xff, 0xfc, 0x40, 0x00, 0x00, 0x14, 0xff, 0xff, 0xb8, 0x00, 0x00,
  0x00, 0x70, 0xff, 0xff, 0xff, 0xff, 0xff, 0xff, 0xff, 0x14, 0x00, 0x71,
  0xff, 0xff, 0xe8, 0x14, 0x00, 0x14, 0xff, 0xff, 0xb8, 0x00, 0x00, 0x00,
  0x70, 0xff, 0xff, 0x34, 0x00, 0x00, 0x00, 0x00, 0x00, 0x00, 0x01, 0xbe,
  0xff, 0xff, 0x77, 0x00, 0x14, 0xff, 0xff, 0xb8, 0x00, 0x00, 0x00, 0x70,
  0xff, 0xff, 0x34, 0x00, 0x00, 0x00, 0x00, 0x00, 0x00, 0x00, 0x25, 0xd7,
  0x52, 0x00, 0x00, 0x1c, 0xff, 0xff, 0xb6, 0x00, 0x00, 0x00, 0x0c, 0x1c,
  0x1c, 0x05, 0x00, 0x00, 0x00, 0x00, 0x00, 0x00, 0x00, 0x00, 0x01, 0x34,
  0xfd, 0xf8, 0xfc, 0xff, 0xff, 0xa3, 0x00, 0x00, 0x00, 0x00, 0x00, 0x00,
  0x00, 0x00, 0x00, 0x00, 0x00, 0x00, 0x00, 0x00, 0x00, 0x00, 0x00, 0xd6,
  0xff, 0xff, 0xff, 0xfb, 0x47, 0x00, 0x00, 0x00, 0x00, 0x00, 0x00, 0x00,
  0x00, 0x00, 0x00, 0x00, 0x00, 0x00, 0x00, 0x00, 0x00, 0x00, 0x67, 0xa7,
  0x9c, 0x7a, 0x28, 0x00, 0x00, 0x00, 0x00, 0x00, 0x00, 0x00, 0x00, 0x3c,
  0xa8, 0xa8, 0x0f, 0x00, 0x00, 0x00, 0x00, 0x00, 0x00, 0x00, 0x00, 0x00,
  0x00, 0x1b, 0x50, 0x3b, 0x00, 0x61, 0x9c, 0x9c, 0x9c, 0xbf, 0xff, 0xff,
  0xa5, 0x9c, 0x9c, 0x9c, 0x30, 0x34, 0x70, 0x89, 0xa4, 0xca, 0xef, 0xff,
  0xff, 0xe1, 0x09, 0xa0, 0xff, 0xff, 0xff, 0xff, 0xff, 0xff, 0xff, 0xff,
  0xff, 0xff, 0x50, 0x90, 0xff, 0xff, 0xff, 0xff, 0xff, 0xff, 0xf6, 0xbe,
  0x32, 0x00, 0x00, 0x00, 0x00, 0x5c, 0xff, 0xff, 0x18, 0x00, 0x00, 0x00,
  0x00, 0x90, 0xff, 0xfb, 0x96, 0x74, 0x52, 0x2d, 0x04, 0x00, 0x00, 0x08,
  0xff, 0xff, 0xff, 0xff, 0xff, 0xff, 0xff, 0xff, 0xff, 0xdc, 0x00, 0x90,
  0xff, 0xf4, 0x00, 0x00, 0x00, 0x00, 0x00, 0x00, 0x00, 0x08, 0xff, 0xff,
  0x36, 0x7a, 0xff, 0xff, 0x43, 0x74, 0xff, 0xdc, 0x00, 0x92, 0xff, 0xf6,
  0x38, 0x38, 0x38, 0x38, 0x38, 0x38, 0x31, 0x08, 0xff, 0xff, 0xff, 0xff,
  0xff, 0xff, 0xff, 0xff, 0xff, 0xdc, 0x00, 0x9d, 0xff, 0xff, 0xff, 0xff,
  0xff, 0xff, 0xff, 0xff, 0xe6, 0x08, 0xff, 0xff, 0x2e, 0x75, 0xff, 0xff,
  0x3c, 0x6e, 0xff, 0xdc, 0x00, 0xac, 0xff, 0xff, 0xff, 0xff, 0xff, 0xff,
  0xff, 0xff, 0xea, 0x08, 0xff, 0xff, 0xff, 0xff, 0xff, 0xff, 0xff, 0xff,
  0xff, 0xdc, 0x00, 0xd3, 0xff, 0xc8, 0x00, 0x14, 0xff, 0xff, 0x80, 0x00,
  0x00, 0x02, 0x40, 0x40, 0x40, 0x85, 0xff, 0xff, 0x52, 0x40, 0x40, 0x37,
  0x05, 0xf8, 0xff, 0x9e, 0x00, 0x14, 0xff, 0xff, 0x80, 0x00, 0x00, 0xa0,
  0xb4, 0xb4, 0xb4, 0xcf, 0xff, 0xff, 0xbb, 0xb4, 0xb4, 0xb4, 0x5b, 0xff,
  0xff, 0x62, 0x00, 0x14, 0xff, 0xff, 0x80, 0x00, 0x00, 0xe4, 0xff, 0xff,
  0xff, 0xff, 0xff, 0xff, 0xff, 0xff, 0xff, 0xff, 0xd8, 0xff, 0xfa, 0x15,
  0x00, 0x14, 0xff, 0xff, 0x80, 0x00, 0x00, 0x00, 0x00, 0x00, 0x00, 0x5c,
  0xff, 0xff, 0x18, 0x00, 0x00, 0x0c, 0xa2, 0xff, 0xa1, 0x00, 0x00, 0x14,
  0xff, 0xff, 0x80, 0x00, 0x00, 0x00, 0x00, 0x00, 0x14, 0x47, 0x88, 0x88,
  0x2d, 0x24, 0x24, 0x24, 0x24, 0x75, 0x3a, 0x24, 0x24, 0x2d, 0x9e, 0x94,
  0x3f, 0x00, 0x00, 0x00, 0x00, 0x00, 0x90, 0xff, 0xff, 0xff, 0xff, 0xff,
  0xff, 0xff, 0xff, 0xff, 0xff, 0xff, 0xff, 0xff, 0xff, 0xa0, 0x00, 0x00,
  0x00, 0x00, 0x00, 0x00, 0x90, 0xff, 0xff, 0xff, 0xff, 0xff, 0xff, 0xff,
  0xff, 0xff, 0xff, 0xff, 0xff, 0xff, 0xff, 0xa0, 0x00, 0x00, 0x00, 0x00,
  0x00, 0x00, 0x90, 0xff, 0xff, 0x44, 0x00, 0x00, 0x00, 0x00, 0x00, 0x00,
  0x00, 0x00, 0x50, 0xff, 0xff, 0xa0, 0x00, 0x00, 0x00, 0x00, 0x00, 0x00,
  0x90, 0xff, 0xff, 0xff, 0xff, 0xff, 0xff, 0xff, 0xff, 0xff, 0xff, 0xff,
  0xff, 0xff, 0xff, 0xa0, 0x00, 0x00, 0x00, 0x00, 0x00, 0x00, 0x90, 0xff,
  0xff, 0xdf, 0xd4, 0xd4, 0xd4, 0xd4, 0xd4, 0xd4, 0xd4, 0xd4, 0xe1, 0xff,
  0xff, 0xa0, 0x00, 0x00, 0x00, 0x00, 0x00, 0x00, 0x90, 0xff, 0xff, 0x5b,
  0x20, 0x20, 0x20, 0x20, 0x20, 0x20, 0x20, 0x20, 0x66, 0xff, 0xff, 0xa0,
  0x00, 0x00, 0x00, 0x00, 0x00, 0x00, 0x90, 0xff, 0xff, 0xff, 0xff, 0xff,
  0xff, 0xff, 0xff, 0xff, 0xff, 0xff, 0xff, 0xff, 0xff, 0xa0, 0x00, 0x00,
  0x00, 0x00, 0x00, 0x00, 0x90, 0xff, 0xff, 0xff, 0xff, 0xff, 0xff, 0xff,
  0xff, 0xff, 0xff, 0xff, 0xff, 0xff, 0xff, 0xa0, 0x00, 0x00, 0x00, 0x00,
  0x00, 0x00, 0x6e, 0xc4, 0xc4, 0x34, 0x00, 0x00, 0x00, 0x00, 0x00, 0x00,
  0x00, 0x00, 0x34, 0xa7, 0xa6, 0x66, 0x00, 0x00, 0x00, 0x00, 0x00, 0x00,
  0x00, 0x00, 0x00, 0x00, 0x00, 0x00, 0x00, 0x55, 0xa0, 0xa0, 0x52, 0x00,
  0x00, 0x00, 0x00, 0x00, 0x00, 0x00, 0x00, 0x00, 0x00, 0x00, 0x00, 0x00,
  0x00, 0x00, 0x00, 0x00, 0x00, 0x00, 0x00, 0x88, 0xff, 0xff, 0x84, 0x00,
  0x00, 0x00, 0x00, 0x00, 0x00, 0x00, 0x00, 0x00, 0x00, 0x00, 0x00, 0x00,
  0x00, 0x00, 0x00, 0x00, 0x00, 0x00, 0x00, 0x88, 0xff, 0xff, 0x84, 0x00,
  0x00, 0x00, 0x00, 0x00, 0x00, 0x00, 0x00, 0x00, 0x00, 0x00, 0x00, 0x00,
  0x00, 0x00, 0x00, 0x00, 0x00, 0x00, 0x00, 0x88, 0xff, 0xff, 0x84, 0x00,
  0x00, 0x00, 0x00, 0x00, 0x00, 0x00, 0x00, 0x00, 0x00, 0x00, 0x00, 0x00,
  0xa5, 0xc8, 0xc8, 0xc8, 0xc8, 0xc8, 0xc8, 0xe5, 0xff, 0xff, 0xe4, 0xc8,
  0xc8, 0xc8, 0xc8, 0xc8, 0xc8, 0xc8, 0x06, 0x00, 0x00, 0x00, 0x00, 0x00,
  0xd4, 0xff, 0xff, 0xff, 0xff, 0xff, 0xff, 0xff, 0xff, 0xff, 0xff, 0xff,
  0xff, 0xff, 0xff, 0xff, 0xff, 0xff, 0x08, 0x00, 0x00, 0x00, 0x00, 0x00,
  0xd4, 0xff, 0xff, 0xff, 0xff, 0xff, 0xff, 0xff, 0xff, 0xff, 0xff, 0xff,
  0xff, 0xff, 0xff, 0xff, 0xff, 0xff, 0x08, 0x00, 0x00, 0x00, 0x00, 0x00,
  0x00, 0x00, 0x00, 0x00, 0x00, 0x00, 0x00, 0x88, 0xff, 0xff, 0x84, 0x00,
  0x00, 0x00, 0x00, 0x00, 0x00, 0x00, 0x00, 0x00, 0x00, 0x00, 0x00, 0x00,
  0x00, 0x00, 0x00, 0x00, 0x00, 0x00, 0x00, 0x88, 0xff, 0xff, 0x84, 0x00,
  0x00, 0x00, 0x00, 0x00, 0x00, 0x00, 0x00, 0x00, 0x00, 0x00, 0x00, 0x00,
  0x00, 0x00, 0x00, 0x00, 0x00, 0x00, 0x00, 0x88, 0xff, 0xff, 0x84, 0x00,
  0x00, 0x00, 0x00, 0x00, 0x00, 0x00, 0x00, 0x00, 0x00, 0x00, 0x7d, 0xc8,
  0xc8, 0xc8, 0xc8, 0xc8, 0xc8, 0xc8, 0xc8, 0xe5, 0xff, 0xff, 0xe4, 0xc8,
  0xc8, 0xc8, 0xc8, 0xc8, 0xc8, 0xc8, 0xc8, 0x96, 0x00, 0x00, 0xa0, 0xff,
  0xff, 0xff, 0xff, 0xff, 0xff, 0xff, 0xff, 0xff, 0xff, 0xff, 0xff, 0xff,
  0xff, 0xff, 0xff, 0xff, 0xff, 0xff, 0xff, 0xc0, 0x00, 0x00, 0xa0, 0xff,
  0xff, 0xff, 0xff, 0xff, 0xff, 0xff, 0xff, 0xff, 0xff, 0xff, 0xff, 0xff,
  0xff, 0xff, 0xff, 0xff, 0xff, 0xff, 0xff, 0xc0, 0x00, 0x00, 0x00, 0x00,
  0x00, 0x00, 0x00, 0x00, 0x00, 0x53, 0xfd, 0xff, 0xff, 0xff, 0xff, 0xfb,
  0x4c, 0x00, 0x00, 0x00, 0x00, 0x00, 0x00, 0x00, 0x00, 0x00, 0x00, 0x00,
  0x00, 0x00, 0x00, 0x00, 0x4d, 0xf8, 0xff, 0xff, 0xff, 0xff, 0xff, 0xff,
  0xf6, 0x46, 0x00, 0x00, 0x00, 0x00, 0x00, 0x00, 0x00, 0x00, 0x00, 0x00,
  0x00, 0x00, 0x00, 0x66, 0xfb, 0xff, 0xff, 0xdd, 0xff, 0xff, 0xcd, 0xfd,
  0xff, 0xf9, 0x5c, 0x00, 0x00, 0x00, 0x00, 0x00, 0x00, 0x00, 0x00, 0x00,
  0x00, 0x0e, 0xa8, 0xff, 0xff, 0xff, 0x7c, 0x88, 0xff, 0xff, 0x84, 0x6b,
  0xff, 0xff, 0xff, 0x9b, 0x09, 0x00, 0x00, 0x00, 0x00, 0x00, 0x00, 0x00,
  0x3b, 0xdd, 0xff, 0xff, 0xff, 0x7d, 0x00, 0x88, 0xff, 0xff, 0x84, 0x00,
  0x73, 0xfe, 0xff, 0xff, 0xd3, 0x2e, 0x00, 0x00, 0x00, 0x00, 0x25, 0xa4,
  0xfe, 0xff, 0xff, 0xfa, 0x5f, 0x00, 0x00, 0x88, 0xff, 0xff, 0x84, 0x00,
  0x00, 0x5e, 0xfb, 0xff, 0xff, 0xfc, 0x98, 0x1d, 0x00, 0x20, 0xf2, 0xff,
  0xff, 0xff, 0xdd, 0x37, 0x00, 0x00, 0x00, 0x88, 0xff, 0xff, 0x84, 0x00,
  0x00, 0x00, 0x3a, 0xe0, 0xff, 0xff, 0xff, 0xec, 0x19, 0x00, 0x49, 0xfd,
  0xfd, 0x99, 0x0d, 0x00, 0x00, 0x00, 0x00, 0x88, 0xff, 0xff, 0x84, 0x00,
  0x00, 0x00, 0x00, 0x11, 0xa2, 0xfe, 0xfb, 0x42, 0x00, 0x00, 0x00, 0x5d,
  0x2f, 0x00, 0x00, 0x00, 0x00, 0x00, 0x00, 0x88, 0xff, 0xff, 0x84, 0x00,
  0x00, 0x00, 0x00, 0x00, 0x00, 0x38, 0x5e, 0x00, 0x00, 0x00, 0x00, 0x00,
  0x00, 0x00, 0x00, 0x00, 0x00, 0x00, 0x00, 0x5b, 0xac, 0xac, 0x58, 0x00,
  0x00, 0x00, 0x00, 0x00, 0x00, 0x00, 0x00, 0x00, 0x00, 0x00, 0x00, 0x00,
  0x00, 0x00, 0x00, 0x00, 0x00, 0x00, 0x00, 0x52, 0xa0, 0xa0, 0x52, 0x00,
  0x00, 0x00, 0x00, 0x00, 0x00, 0x00, 0x00, 0x00, 0x00, 0x00, 0x00, 0x00,
  0x00, 0x00, 0x00, 0x00, 0x00, 0x00, 0x00, 0x84, 0xff, 0xff, 0x84, 0x00,
  0x00, 0x00, 0x00, 0x00, 0x00, 0x00, 0x00, 0x00, 0x00, 0x00, 0x00, 0x00,
  0x00, 0x00, 0x00, 0x00, 0x00, 0x00, 0x00, 0x84, 0xff, 0xff, 0x84, 0x00,
  0x00, 0x00, 0x00, 0x00, 0x00, 0x00, 0x00, 0x00, 0x00, 0x00, 0x00, 0x00,
  0x00, 0x00, 0x00, 0x00, 0x00, 0x00, 0x00, 0x84, 0xff, 0xff, 0x84, 0x00,
  0x00, 0x00, 0x00, 0x00, 0x00, 0x00, 0x00, 0x00, 0x00, 0x00, 0x00, 0x00,
  0x00, 0x00, 0x00, 0x00, 0x00, 0x00, 0x00, 0x84, 0xff, 0xff, 0x84, 0x00,
  0x00, 0x00, 0x00, 0x00, 0x00, 0x00, 0x00, 0x00, 0x00, 0x00, 0x6d, 0xd4,
  0xd4, 0xd4, 0xd4, 0xd4, 0xd4, 0xd4, 0xd4, 0xea, 0xff, 0xff, 0xea, 0xd4,
  0xd4, 0xd4, 0xd4, 0xd4, 0xd4, 0xd4, 0xd4, 0x77, 0x00, 0x00, 0x84, 0xff,
  0xff, 0xff, 0xff, 0xff, 0xff, 0xff, 0xff, 0xff, 0xff, 0xff, 0xff, 0xff,
  0xff, 0xff, 0xff, 0xff, 0xff, 0xff, 0xff, 0x90, 0x00, 0x00, 0x84, 0xff,
  0xff, 0xff, 0xff, 0xff, 0xff, 0xff, 0xff, 0xff, 0xff, 0xff, 0xff, 0xff,
  0xff, 0xff, 0xff, 0xff, 0xff, 0xff, 0xff, 0x90, 0x00, 0x00, 0x00, 0x00,
  0x00, 0x00, 0x00, 0x01, 0xd8, 0xff, 0xfe, 0xa4, 0xff, 0xff, 0xb2, 0xff,
  0xff, 0xc2, 0x00, 0x00, 0x00, 0x00, 0x00, 0x00, 0x00, 0x00, 0x00, 0x00,
  0x00, 0x00, 0x00, 0x4f, 0xff, 0xff, 0xbb, 0x84, 0xff, 0xff, 0x84, 0xc1,
  0xff, 0xff, 0x42, 0x00, 0x00, 0x00, 0x00, 0x00, 0x00, 0x00, 0x00, 0x00,
  0x00, 0x00, 0x02, 0xd1, 0xff, 0xff, 0x52, 0x84, 0xff, 0xff, 0x84, 0x55,
  0xff, 0xff, 0xc4, 0x00, 0x00, 0x00, 0x00, 0x00, 0x00, 0x00, 0x00, 0x00,
  0x00, 0x00, 0x62, 0xff, 0xff, 0xd7, 0x02, 0x84, 0xff, 0xff, 0x84, 0x04,
  0xe3, 0xff, 0xff, 0x65, 0x00, 0x00, 0x00, 0x00, 0x00, 0x00, 0x00, 0x00,
  0x00, 0x18, 0xee, 0xff, 0xff, 0x5b, 0x00, 0x84, 0xff, 0xff, 0x84, 0x00,
  0x73, 0xff, 0xff, 0xf1, 0x1c, 0x00, 0x00, 0x00, 0x00, 0x00, 0x00, 0x00,
  0x02, 0xb9, 0xff, 0xff, 0xca, 0x01, 0x00, 0x84, 0xff, 0xff, 0x84, 0x00,
  0x07, 0xdf, 0xff, 0xff, 0xc6, 0x08, 0x00, 0x00, 0x00, 0x00, 0x00, 0x00,
  0x8c, 0xff, 0xff, 0xfc, 0x37, 0x00, 0x00, 0x84, 0xff, 0xff, 0x84, 0x00,
  0x00, 0x51, 0xff, 0xff, 0xff, 0xaa, 0x01, 0x00, 0x00, 0x00, 0x00, 0x7d,
  0xff, 0xff, 0xff, 0x88, 0x00, 0x00, 0x00, 0x84, 0xff, 0xff, 0x84, 0x00,
  0x00, 0x00, 0xaa, 0xff, 0xff, 0xff, 0xa2, 0x07, 0x00, 0x05, 0x95, 0xff,
  0xff, 0xff, 0xff, 0xd9, 0xd4, 0xd4, 0xd4, 0xea, 0xff, 0xff, 0xea, 0xd4,
  0xd4, 0xd4, 0xe0, 0xff, 0xff, 0xff, 0xff, 0xc6, 0x0d, 0x15, 0xd2, 0xff,
  0xff, 0xd2, 0x9e, 0xff, 0xff, 0xff, 0xff, 0xff, 0xff, 0xff, 0xff, 0xff,
  0xff, 0xff, 0xff, 0x98, 0xe7, 0xff, 0xff, 0x86, 0x00, 0x00, 0x1a, 0xe8,
  0xc8, 0x16, 0x8c, 0xff, 0xff, 0xff, 0xff, 0xff, 0xff, 0xff, 0xff, 0xff,
  0xff, 0xff, 0xff, 0x74, 0x28, 0xdd, 0xa1, 0x00, 0x00, 0x00, 0x00, 0x2b,
  0x08, 0x00, 0x00, 0x00, 0x00, 0x00, 0x00, 0x84, 0xff, 0xff, 0x84, 0x00,
  0x00, 0x00, 0x00, 0x00, 0x00, 0x12, 0x0a, 0x00, 0x00, 0x00, 0x00, 0x00,
  0x00, 0x00, 0x00, 0x00, 0x00, 0x00, 0x00, 0x84, 0xff, 0xff, 0x84, 0x00,
  0x00, 0x00, 0x00, 0x00, 0x00, 0x00, 0x00, 0x00, 0x00, 0x00, 0x00, 0x00,
  0x00, 0x00, 0x00, 0x00, 0x00, 0x00, 0x00, 0x84, 0xff, 0xff, 0x84, 0x00,
  0x00, 0x00, 0x00, 0x00, 0x00, 0x00, 0x00, 0x00, 0x00, 0x00, 0x00, 0x00,
  0x00, 0x00, 0x00, 0x00, 0x00, 0x00, 0x00, 0x56, 0xa8, 0xa8, 0x56, 0x00,
  0x00, 0x00, 0x00, 0x00, 0x00, 0x00, 0x00, 0x00, 0x00, 0x00, 0x00, 0x00,
  0x00, 0x00, 0x00, 0x00, 0x00, 0x00, 0x00, 0x52, 0xa0, 0xa0, 0x4b, 0x00,
  0x00, 0x00, 0x00, 0x00, 0x00, 0x00, 0x00, 0x00, 0x00, 0x00, 0x00, 0x00,
  0x00, 0x00, 0x00, 0x00, 0x00, 0x00, 0x00, 0x84, 0xff, 0xff, 0x78, 0x00,
  0x00, 0x00, 0x00, 0x00, 0x00, 0x00, 0x00, 0x00, 0x00, 0x00, 0x21, 0x98,
  0x98, 0x98, 0x98, 0x98, 0x98, 0x98, 0x98, 0xcd, 0xff, 0xff, 0xc8, 0x98,
  0x98, 0x98, 0x98, 0x98, 0x98, 0x98, 0x98, 0x28, 0x00, 0x00, 0x38, 0xff,
  0xff, 0xff, 0xff, 0xff, 0xff, 0xff, 0xff, 0xff, 0xff, 0xff, 0xff, 0xff,
  0xff, 0xff, 0xff, 0xff, 0xff, 0xff, 0xff, 0x44, 0x00, 0x00, 0x38, 0xff,
  0xff, 0xff, 0xff, 0xff, 0xff, 0xff, 0xff, 0xff, 0xff, 0xff, 0xff, 0xff,
  0xff, 0xff, 0xff, 0xff, 0xff, 0xff, 0xff, 0x44, 0x00, 0x00, 0x00, 0x00,
  0x00, 0x00, 0x00, 0x00, 0x00, 0x00, 0x00, 0x84, 0xff, 0xff, 0x78, 0x00,
  0x00, 0x00, 0x00, 0x00, 0x00, 0x00, 0x00, 0x00, 0x00, 0x00, 0x00, 0x00,
  0x00, 0x00, 0x00, 0x00, 0x00, 0x00, 0x00, 0x84, 0xff, 0xff, 0x78, 0x00,
  0x00, 0x00, 0x00, 0x00, 0x00, 0x00, 0x00, 0x00, 0x00, 0x00, 0x00, 0x00,
  0xa8, 0xff, 0xff, 0xff, 0xff, 0xff, 0xff, 0xff, 0xff, 0xff, 0xff, 0xff,
  0xff, 0xff, 0xff, 0xff, 0xff, 0xe0, 0x00, 0x00, 0x00, 0x00, 0x00, 0x00,
  0xa8, 0xff, 0xff, 0xff, 0xff, 0xff, 0xff, 0xff, 0xff, 0xff, 0xff, 0xff,
  0xff, 0xff, 0xff, 0xff, 0xff, 0xe0, 0x00, 0x00, 0x00, 0x00, 0x00, 0x00,
  0xa8, 0xff, 0xff, 0x89, 0x78, 0x78, 0x78, 0xbe, 0xff, 0xff, 0xb7, 0x78,
  0x78, 0x78, 0x82, 0xff, 0xff, 0xe0, 0x00, 0x00, 0x00, 0x00, 0x00, 0x00,
  0xa8, 0xff, 0xff, 0x20, 0x00, 0x00, 0x00, 0x84, 0xff, 0xff, 0x78, 0x00,
  0x00, 0x00, 0x14, 0xff, 0xff, 0xe0, 0x00, 0x00, 0x00, 0x00, 0x00, 0x00,
  0xa8, 0xff, 0xff, 0x20, 0x00, 0x00, 0x00, 0x84, 0xff, 0xff, 0x78, 0x00,
  0x00, 0x00, 0x14, 0xff, 0xff, 0xe0, 0x00, 0x00, 0x00, 0x00, 0x00, 0x00,
  0xa8, 0xff, 0xff, 0x89, 0x78, 0x78, 0x78, 0xbe, 0xff, 0xff, 0xb7, 0x78,
  0x78, 0x78, 0x82, 0xff, 0xff, 0xe0, 0x00, 0x00, 0x00, 0x00, 0x00, 0x00,
  0xa8, 0xff, 0xff, 0xff, 0xff, 0xff, 0xff, 0xff, 0xff, 0xff, 0xff, 0xff,
  0xff, 0xff, 0xff, 0xff, 0xff, 0xe0, 0x00, 0x00, 0x00, 0x00, 0x00, 0x00,
  0xa8, 0xff, 0xff, 0xff, 0xff, 0xff, 0xff, 0xff, 0xff, 0xff, 0xff, 0xff,
  0xff, 0xff, 0xff, 0xff, 0xff, 0xe0, 0x00, 0x00, 0x00, 0x00, 0x00, 0x00,
  0x00, 0x00, 0x00, 0x00, 0x05, 0x9b, 0xff, 0xff, 0xff, 0xff, 0xff, 0xff,
  0xa8, 0x09, 0x00, 0x00, 0x00, 0x00, 0x00, 0x00, 0x00, 0x00, 0x00, 0x00,
  0x00, 0x00, 0x00, 0x1e, 0xc1, 0xff, 0xff, 0xff, 0xff, 0xff, 0xfc, 0xff,
  0xff, 0xcd, 0x29, 0x00, 0x00, 0x00, 0x00, 0x00, 0x00, 0x00, 0x00, 0x00,
  0x00, 0x02, 0x68, 0xf2, 0xff, 0xff, 0xd7, 0xa3, 0xff, 0xff, 0x87, 0xc2,
  0xff, 0xff, 0xf8, 0x7d, 0x08, 0x00, 0x00, 0x00, 0x00, 0x00, 0x00, 0x01,
  0x53, 0xd5, 0xff, 0xff, 0xff, 0xbf, 0x12, 0x84, 0xff, 0xff, 0x78, 0x09,
  0xa9, 0xff, 0xff, 0xff, 0xe4, 0x69, 0x07, 0x00, 0x00, 0x07, 0x7a, 0xde,
  0xff, 0xff, 0xff, 0xfb, 0x7c, 0x02, 0x00, 0x84, 0xff, 0xff, 0x78, 0x00,
  0x00, 0x6c, 0xf8, 0xff, 0xff, 0xff, 0xed, 0x90, 0x0d, 0x00, 0x88, 0xff,
  0xff, 0xff, 0xbb, 0x2b, 0x00, 0x00, 0x00, 0x84, 0xff, 0xff, 0x78, 0x00,
  0x00, 0x00, 0x27, 0xbc, 0xff, 0xff, 0xff, 0x83, 0x00, 0x00, 0x00, 0xb0,
  0xc0, 0x46, 0x00, 0x00, 0x00, 0x00, 0x00, 0x84, 0xff, 0xff, 0x78, 0x00,
  0x00, 0x00, 0x00, 0x00, 0x4d, 0xc9, 0xb4, 0x01, 0x00, 0x00, 0x00, 0x03,
  0x00, 0x00, 0x00, 0x00, 0x00, 0x00, 0x00, 0x58, 0xac, 0xac, 0x50, 0x00,
  0x00, 0x00, 0x00, 0x00, 0x00, 0x00, 0x06, 0x00, 0x00, 0x00, 0x00, 0x00,
  0x00, 0x00, 0x00, 0x00, 0x00, 0x00, 0x00, 0x51, 0xa8, 0xa8, 0x39, 0x00,
  0x00, 0x00, 0x00, 0x00, 0x00, 0x00, 0x00, 0x00, 0x00, 0x00, 0x00, 0x00,
  0x00, 0x00, 0x00, 0x00, 0x00, 0x00, 0x7c, 0xff, 0xff, 0x58, 0x00, 0x00,
  0x00, 0x00, 0x00, 0x00, 0x00, 0x00, 0x00, 0x00, 0x00, 0x00, 0x00, 0x00,
  0x00, 0x00, 0x00, 0x00, 0x00, 0x7c, 0xff, 0xff, 0x58, 0x00, 0x00, 0x00,
  0x00, 0x00, 0x00, 0x00, 0x00, 0x00, 0x00, 0xa8, 0xff, 0xff, 0xff, 0xff,
  0xff, 0xff, 0xff, 0xff, 0xff, 0xff, 0xff, 0xff, 0xff, 0xff, 0xff, 0xff,
  0xff, 0xff, 0xff, 0xff, 0xb4, 0x00, 0xa8, 0xff, 0xff, 0xff, 0xff, 0xff,
  0xff, 0xff, 0xff, 0xff, 0xff, 0xff, 0xff, 0xff, 0xff, 0xff, 0xff, 0xff,
  0xff, 0xff, 0xff, 0xb4, 0x00, 0x49, 0x70, 0x70, 0x70, 0x70, 0x70, 0xb9,
  0xff, 0xff, 0xff, 0xff, 0xff, 0xff, 0xff, 0xff, 0xf7, 0x86, 0x70, 0x70,
  0x70, 0x70, 0x4e, 0x00, 0x00, 0x00, 0x00, 0x00, 0x00, 0x62, 0xfc, 0xff,
  0xff, 0xe5, 0xff, 0xff, 0xdb, 0xff, 0xff, 0xff, 0xe9, 0x4e, 0x00, 0x00,
  0x00, 0x00, 0x00, 0x00, 0x00, 0x00, 0x0c, 0x9e, 0xff, 0xff, 0xff, 0xa4,
  0x7d, 0xff, 0xff, 0x58, 0x57, 0xeb, 0xff, 0xff, 0xff, 0x9d, 0x0c, 0x00,
  0x00, 0x00, 0x00, 0x02, 0x5e, 0xe2, 0xff, 0xff, 0xff, 0xbc, 0x05, 0x7c,
  0xff, 0xff, 0x58, 0x00, 0x16, 0xb1, 0xff, 0xff, 0xff, 0xd8, 0x2d, 0x00,
  0x0c, 0x71, 0xd8, 0xff, 0xff, 0xff, 0xff, 0xa8, 0x09, 0x00, 0x7c, 0xff,
  0xff, 0x58, 0x00, 0x00, 0x00, 0x69, 0xf6, 0xff, 0xff, 0xf4, 0x4a, 0x04,
  0xba, 0xff, 0xff, 0xff, 0xfe, 0x7c, 0x00, 0x00, 0x00, 0x7c, 0xff, 0xff,
  0x58, 0x00, 0x00, 0x00, 0x00, 0x29, 0xd5, 0xff, 0xf6, 0x35, 0x00, 0x15,
  0xe9, 0xf2, 0xaa, 0xf9, 0xff, 0xff, 0xff, 0xff, 0xff, 0xff, 0xff, 0xff,
  0xff, 0xff, 0xff, 0xff, 0xcc, 0x0b, 0xaf, 0x54, 0x00, 0x00, 0x00, 0x19,
  0x05, 0x00, 0xf4, 0xff, 0xf9, 0xcc, 0xcc, 0xcc, 0xcc, 0xcc, 0xcc, 0xcc,
  0xd6, 0xff, 0xff, 0xcc, 0x00, 0x00, 0x00, 0x00, 0x00, 0x00, 0x00, 0x00,
  0x00, 0xf4, 0xff, 0xe0, 0x00, 0x00, 0x00, 0x00, 0x00, 0x00, 0x00, 0x34,
  0xff, 0xff, 0xcc, 0x00, 0x00, 0x00, 0x00, 0x00, 0x00, 0x00, 0x00, 0x00,
  0xf4, 0xff, 0xff, 0xff, 0xff, 0xff, 0xff, 0xff, 0xff, 0xff, 0xff, 0xff,
  0xff, 0xcc, 0x00, 0x00, 0x00, 0x00, 0x00, 0x00, 0x00, 0x00, 0x00, 0xf4,
  0xff, 0xf7, 0xbc, 0xbc, 0xbc, 0xbc, 0xbc, 0xbc, 0xbc, 0xc9, 0xff, 0xff,
  0xcc, 0x00, 0x00, 0x00, 0x00, 0x00, 0x00, 0x00, 0x00, 0x00, 0xf4, 0xff,
  0xe0, 0x00, 0x00, 0x00, 0x00, 0x00, 0x00, 0x00, 0x34, 0xff, 0xff, 0xcc,
  0x00, 0x00, 0x00, 0x00, 0x00, 0x00, 0x00, 0x00, 0x00, 0xf4, 0xff, 0xff,
  0xff, 0xff, 0xff, 0xff, 0xff, 0xff, 0xff, 0xff, 0xff, 0xff, 0xcc, 0x00,
  0x00, 0x00, 0x00, 0x00, 0x00, 0x00, 0x00, 0x00, 0xc6, 0xd0, 0xd0, 0xd0,
  0xd0, 0xd0, 0xd0, 0xd0, 0xd0, 0xd0, 0xd0, 0xd0, 0xd0, 0xa5, 0x00, 0x00,
  0x00, 0x00, 0x00, 0x19, 0x34, 0x34, 0x34, 0x34, 0x34, 0x34, 0x34, 0x34,
  0x34, 0x34, 0x34, 0x34, 0x34, 0x34, 0x34, 0x34, 0x34, 0x34, 0x34, 0x34,
  0x19, 0x00, 0x7c, 0xff, 0xff, 0xff, 0xff, 0xff, 0xff, 0xff, 0xff, 0xff,
  0xff, 0xff, 0xff, 0xff, 0xff, 0xff, 0xff, 0xff, 0xff, 0xff, 0xff, 0x7c,
  0x00, 0x7c, 0xff, 0xff, 0xff, 0xff, 0xff, 0xff, 0xff, 0xff, 0xff, 0xff,
  0xff, 0xff, 0xff, 0xff, 0xff, 0xff, 0xff, 0xff, 0xff, 0xff, 0x7c, 0x00,
  0x00, 0x00, 0x00, 0x00, 0x00, 0x00, 0x00, 0x03, 0x2e, 0x63, 0x8d, 0x07,
  0x00, 0x00, 0x00, 0x00, 0x00, 0x00, 0x00, 0x00, 0x00, 0x00, 0x00, 0x00,
  0x00, 0x00, 0x00, 0x00, 0x00, 0x0c, 0xed, 0xff, 0xff, 0x76, 0x00, 0x00,
  0x00, 0x00, 0x00, 0x00, 0x00, 0x00, 0x00, 0x40, 0xff, 0xff, 0xff, 0xff,
  0xff, 0xff, 0xff, 0xff, 0xff, 0xff, 0xff, 0xff, 0xff, 0xff, 0xff, 0xff,
  0xff, 0xff, 0xff, 0xff, 0x4c, 0x40, 0xff, 0xff, 0xff, 0xff, 0xff, 0xff,
  0xff, 0xff, 0xff, 0xff, 0xff, 0xff, 0xff, 0xff, 0xff, 0xff, 0xff, 0xff,
  0xff, 0xff, 0x4c, 0x40, 0xff, 0xff, 0x94, 0x50, 0x50, 0x50, 0x50, 0xb9,
  0xfc, 0xb3, 0x5b, 0x50, 0x50, 0x50, 0x50, 0x50, 0x50, 0xa2, 0xff, 0xff,
  0x4c, 0x40, 0xff, 0xff, 0x64, 0x00, 0x00, 0x00, 0x1b, 0xf5, 0xff, 0xfb,
  0x2a, 0x00, 0x00, 0x00, 0x91, 0x9d, 0x5b, 0x82, 0xff, 0xff, 0x4c, 0x01,
  0x04, 0x04, 0x01, 0x00, 0x00, 0x00, 0xa1, 0xff, 0xff, 0x8a, 0x00, 0x00,
  0x00, 0x07, 0xf0, 0xff, 0xfb, 0x1f, 0x24, 0x24, 0x0a, 0xa8, 0xff, 0xff,
  0xff, 0xff, 0xff, 0xff, 0xff, 0xff, 0xff, 0xff, 0xff, 0xff, 0xff, 0xff,
  0xff, 0xff, 0xff, 0xff, 0xff, 0xff, 0xa8, 0xa8, 0xff, 0xff, 0xff, 0xff,
  0xff, 0xff, 0xff, 0xff, 0xff, 0xff, 0xff, 0xff, 0xff, 0xff, 0xff, 0xff,
  0xff, 0xff, 0xff, 0xff, 0xa8, 0x24, 0x38, 0x38, 0x38, 0x85, 0xfe, 0xff,
  0xe3, 0x4d, 0x38, 0x38, 0x38, 0x67, 0xf5, 0xff, 0xfc, 0x75, 0x38, 0x38,
  0x38, 0x38, 0x24, 0x00, 0x00, 0x00, 0x50, 0xdc, 0xfa, 0xff, 0xff, 0xff,
  0xe8, 0xbb, 0xa8, 0xfb, 0xff, 0xff, 0x69, 0x00, 0x00, 0x00, 0x00, 0x00,
  0x00, 0x40, 0x5c, 0x65, 0x71, 0x82, 0x9b, 0xd2, 0xfe, 0xff, 0xff, 0xff,
  0xff, 0xff, 0xff, 0xff, 0xff, 0xe5, 0xa1, 0x5a, 0x13, 0x00, 0x00, 0x67,
  0xff, 0xff, 0xff, 0xff, 0xff, 0xff, 0xff, 0xff, 0xff, 0xfb, 0xc9, 0xb5,
  0xee, 0xff, 0xff, 0xff, 0xff, 0xff, 0xfc, 0xc1, 0x3a, 0x0c, 0xf2, 0xee,
  0xe0, 0xd0, 0xba, 0xa2, 0x87, 0x62, 0x77, 0x8b, 0x80, 0x30, 0x01, 0x2d,
  0x6e, 0xb5, 0xf5, 0xff, 0xf6, 0x70, 0x01, 0x00, 0x00, 0x00, 0x00, 0x00,
  0x00, 0x00, 0x00, 0x00, 0x7c, 0xff, 0xff, 0x60, 0x00, 0x00, 0x00, 0x00,
  0x09, 0x53, 0x28, 0x00, 0x00, 0xd8, 0xff, 0xff, 0xff, 0xff, 0xff, 0xff,
  0xff, 0xff, 0xff, 0xff, 0xff, 0xff, 0xff, 0xff, 0xff, 0xff, 0xff, 0xff,
  0xff, 0xff, 0xec, 0xd8, 0xff, 0xff, 0xff, 0xff, 0xff, 0xff, 0xff, 0xff,
  0xff, 0xff, 0xff, 0xff, 0xff, 0xff, 0xff, 0xff, 0xff, 0xff, 0xff, 0xff,
  0xec, 0x46, 0x54, 0x54, 0x54, 0x62, 0xe2, 0xaa, 0x5f, 0x54, 0xa7, 0xff,
  0xff, 0x94, 0x54, 0x85, 0xfe, 0xe5, 0x6f, 0x54, 0x54, 0x54, 0x4d, 0x00,
  0x00, 0x00, 0x35, 0xd4, 0xff, 0xff, 0xdc, 0x0d, 0x7c, 0xff, 0xff, 0x60,
  0x2c, 0xf4, 0xff, 0xff, 0xf6, 0x86, 0x0b, 0x00, 0x00, 0x00, 0x2a, 0xa4,
  0xfd, 0xff, 0xff, 0xd5, 0x23, 0x00, 0x7c, 0xff, 0xff, 0x60, 0x00, 0x3c,
  0xc7, 0xff, 0xff, 0xff, 0xe3, 0x53, 0x00, 0x6f, 0xff, 0xff, 0xff, 0xfd,
  0x8f, 0x09, 0x00, 0x00, 0x7c, 0xff, 0xff, 0x60, 0x00, 0x00, 0x01, 0x66,
  0xef, 0xff, 0xff, 0xff, 0x75, 0x00, 0x69, 0xfb, 0xbd, 0x37, 0x00, 0x00,
  0x00, 0x00, 0x7c, 0xff, 0xff, 0x60, 0x00, 0x00, 0x00, 0x00, 0x19, 0xb5,
  0xff, 0xae, 0x09, 0x00, 0x00, 0x18, 0x00, 0x00, 0x00, 0x00, 0x00, 0x00,
  0x51, 0xa8, 0xa8, 0x3f, 0x00, 0x00, 0x00, 0x00, 0x00, 0x01, 0x51, 0x02,
  0x00, 0x00, 0x00, 0x00, 0x10, 0xb0, 0xb0, 0x58, 0x00, 0x00, 0x00, 0x00,
  0x82, 0xa0, 0x70, 0x00, 0x00, 0x00, 0x39, 0xa0, 0xa0, 0x1e, 0x00, 0x00,
  0x00, 0x00, 0x00, 0x00, 0x18, 0xff, 0xff, 0x80, 0x00, 0x00, 0x00, 0x00,
  0xd0, 0xff, 0xb4, 0x00, 0x00, 0x00, 0x5c, 0xff, 0xff, 0x30, 0x00, 0x00,
  0x00, 0x00, 0x00, 0x00, 0x18, 0xff, 0xff, 0x80, 0x00, 0x36, 0xf8, 0xf8,
  0xfe, 0xff, 0xfd, 0xf8, 0x70, 0xff, 0xff, 0xff, 0xff, 0xff, 0xff, 0xfc,
  0x00, 0x00, 0x00, 0x00, 0x18, 0xff, 0xff, 0x80, 0x00, 0x38, 0xff, 0xff,
  0xff, 0xff, 0xff, 0xff, 0x74, 0xff, 0xff, 0xff, 0xff, 0xff, 0xff, 0xfc,
  0x00, 0x00, 0x00, 0x00, 0x18, 0xff, 0xff, 0x80, 0x00, 0x11, 0x50, 0x50,
  0xdf, 0xff, 0xcb, 0x50, 0x23, 0x48, 0x8a, 0xff, 0xff, 0x6a, 0x48, 0x46,
  0x00, 0x00, 0xd4, 0xff, 0xff, 0xff, 0xff, 0xff, 0xff, 0xf4, 0x00, 0x00,
  0xd0, 0xff, 0xb4, 0x00, 0x00, 0x00, 0x5c, 0xff, 0xff, 0x30, 0x00, 0x00,
  0x00, 0x00, 0xd4, 0xff, 0xff, 0xff, 0xff, 0xff, 0xff, 0xf4, 0x00, 0x04,
  0x3b, 0x48, 0x33, 0x04, 0x04, 0x04, 0x1c, 0x48, 0x48, 0x10, 0x03, 0x00,
  0x00, 0x00, 0x84, 0xa0, 0xb8, 0xff, 0xff, 0xd0, 0xa0, 0x98, 0x3c, 0xff,
  0xff, 0xff, 0xff, 0xff, 0xff, 0xff, 0xff, 0xff, 0xff, 0xff, 0xc0, 0x00,
  0x00, 0x00, 0x00, 0x00, 0x77, 0xff, 0xff, 0xcb, 0x04, 0x00, 0x3c, 0xff,
  0xff, 0xff, 0xff, 0xff, 0xff, 0xff, 0xff, 0xff, 0xff, 0xff, 0xc0, 0x00,
  0x00, 0x00, 0x00, 0x00, 0xc4, 0xff, 0xff, 0xff, 0x76, 0x00, 0x3c, 0xff,
  0xff, 0x68, 0x00, 0x00, 0x00, 0x00, 0x00, 0x04, 0xff, 0xff, 0xc0, 0x00,
  0x00, 0x00, 0x00, 0x18, 0xfc, 0xff, 0xff, 0xff, 0xf5, 0x21, 0x3c, 0xff,
  0xff, 0xff, 0xff, 0xff, 0xff, 0xff, 0xff, 0xff, 0xff, 0xff, 0xc0, 0x00,
  0x00, 0x00, 0x00, 0x7a, 0xff, 0xff, 0xff, 0xfb, 0xff, 0xb4, 0x3c, 0xff,
  0xff, 0x8e, 0x40, 0x40, 0x40, 0x40, 0x40, 0x43, 0xff, 0xff, 0xc0, 0x00,
  0x00, 0x00, 0x01, 0xde, 0xff, 0xff, 0xff, 0xa9, 0xfe, 0xff, 0x76, 0xff,
  0xff, 0xff, 0xff, 0xff, 0xff, 0xff, 0xff, 0xff, 0xff, 0xff, 0xc0, 0x00,
  0x00, 0x00, 0x51, 0xff, 0xf9, 0xff, 0xff, 0x80, 0xbb, 0xaa, 0x3e, 0xff,
  0xff, 0xff, 0xff, 0xff, 0xff, 0xff, 0xff, 0xff, 0xff, 0xff, 0xc0, 0x00,
  0x00, 0x06, 0xd5, 0xff, 0xaf, 0xff, 0xff, 0x80, 0x32, 0x07, 0x00, 0x00,
  0x00, 0x00, 0x00, 0xbc, 0xff, 0xff, 0x15, 0x00, 0x00, 0x00, 0x00, 0x00,
  0x00, 0x3f, 0xff, 0xff, 0x51, 0xff, 0xff, 0x80, 0x00, 0x74, 0xff, 0xff,
  0xff, 0xff, 0xff, 0xff, 0xff, 0xff, 0xff, 0xff, 0xff, 0xff, 0xff, 0xd4,
  0x00, 0x00, 0xcc, 0xd2, 0x18, 0xff, 0xff, 0x80, 0x00, 0x74, 0xff, 0xff,
  0xff, 0xff, 0xff, 0xff, 0xff, 0xff, 0xff, 0xff, 0xff, 0xff, 0xff, 0xd4,
  0x00, 0x00, 0x5d, 0x57, 0x18, 0xff, 0xff, 0x80, 0x00, 0x26, 0x54, 0x54,
  0x54, 0x63, 0xf6, 0xff, 0xff, 0x95, 0xfa, 0xa1, 0x54, 0x54, 0x54, 0x45,
  0x00, 0x00, 0x05, 0x00, 0x18, 0xff, 0xff, 0x80, 0x00, 0x00, 0x00, 0x00,
  0x1a, 0xc4, 0xff, 0xff, 0xd6, 0xda, 0xff, 0xff, 0xc4, 0x36, 0x00, 0x00,
  0x00, 0x00, 0x00, 0x00, 0x18, 0xff, 0xff, 0x80, 0x00, 0x00, 0x1d, 0x83,
  0xee, 0xff, 0xff, 0xe6, 0x29, 0x71, 0xee, 0xff, 0xff, 0xfe, 0xa3, 0x19,
  0x00, 0x00, 0x00, 0x00, 0x18, 0xff, 0xff, 0x80, 0x08, 0xc4, 0xff, 0xff,
  0xff, 0xff, 0xde, 0x2b, 0x00, 0x00, 0x13, 0x97, 0xfc, 0xff, 0xff, 0xf1,
  0x2d, 0x00, 0x00, 0x00, 0x18, 0xff, 0xff, 0x80, 0x00, 0x62, 0xff, 0xff,
  0xea, 0x7f, 0x0c, 0x00, 0x00, 0x00, 0x00, 0x00, 0x2f, 0xc6, 0xff, 0x98,
  0x00, 0x00, 0x00, 0x00, 0x0f, 0xa0, 0xa0, 0x50, 0x00, 0x01, 0x86, 0x4c,
  0x05, 0x00, 0x00, 0x00, 0x00, 0x00, 0x00, 0x00, 0x00, 0x01, 0x55, 0x02,
  0x00, 0x00, 0x00, 0x00, 0x88, 0xa8, 0x6b, 0x00, 0x00, 0x00, 0x13, 0x45,
  0x08, 0x00, 0x3c, 0x78, 0x65, 0x00, 0x00, 0x43, 0x42, 0x06, 0x00, 0x00,
  0x00, 0x00, 0x00, 0x00, 0xd0, 0xff, 0xa4, 0x00, 0x00, 0x00, 0x6b, 0xff,
  0xbf, 0x00, 0x7a, 0xff, 0xdf, 0x00, 0x00, 0xcd, 0xff, 0x59, 0x00, 0x00,
  0x00, 0x00, 0x00, 0x00, 0xd0, 0xff, 0xa4, 0x00, 0x00, 0x00, 0xc6, 0xff,
  0x52, 0x00, 0x6f, 0xff, 0xe7, 0x00, 0x2b, 0xff, 0xe4, 0x04, 0x00, 0x00,
  0x00, 0x00, 0x00, 0x00, 0xd0, 0xff, 0xa4, 0x00, 0x00, 0x35, 0xff, 0xd2,
  0x2d, 0x23, 0x67, 0xff, 0xef, 0x00, 0x9a, 0xff, 0x68, 0x8f, 0x74, 0x18,
  0x00, 0x00, 0x00, 0x00, 0xd0, 0xff, 0xa4, 0x00, 0x01, 0xbe, 0xff, 0x43,
  0xc3, 0xff, 0xc5, 0xff, 0xfa, 0x3c, 0xf9, 0xec, 0x5c, 0xfe, 0xf9, 0x22,
  0x00, 0x00, 0xec, 0xff, 0xff, 0xff, 0xff, 0xff, 0xa9, 0xff, 0xfd, 0xe3,
  0xff, 0xe9, 0x53, 0xff, 0xff, 0x93, 0xff, 0xff, 0xff, 0xff, 0x8c, 0x00,
  0x00, 0x00, 0xec, 0xff, 0xff, 0xff, 0xff, 0xff, 0x66, 0xff, 0xf1, 0xff,
  0xff, 0x62, 0x32, 0xff, 0xff, 0x48, 0xbc, 0xb7, 0xff, 0xe8, 0x10, 0x00,
  0x00, 0x00, 0x8c, 0x99, 0xfe, 0xff, 0xda, 0x98, 0x28, 0x23, 0x5f, 0xff,
  0xbb, 0x22, 0x28, 0xff, 0xff, 0x2a, 0x02, 0xc7, 0xff, 0x7f, 0x7c, 0x03,
  0x00, 0x00, 0x00, 0x2d, 0xff, 0xff, 0xb0, 0x00, 0x00, 0x1f, 0xed, 0xec,
  0x87, 0xff, 0x60, 0xff, 0xff, 0x44, 0x82, 0xff, 0xa2, 0x99, 0xff, 0x45,
  0x00, 0x00, 0x00, 0x6d, 0xff, 0xff, 0xfd, 0x3b, 0x19, 0xd4, 0xff, 0xd5,
  0xcb, 0xff, 0xa2, 0xf5, 0xff, 0xa9, 0xff, 0xff, 0xff, 0xff, 0xff, 0x99,
  0x00, 0x00, 0x00, 0xb1, 0xff, 0xff, 0xff, 0xd8, 0x14, 0xf5, 0xff, 0xff,
  0xfc, 0xfd, 0xe0, 0xdb, 0xff, 0x90, 0xfc, 0xfb, 0xeb, 0xa0, 0xf0, 0xde,
  0x00, 0x00, 0x0d, 0xf8, 0xff, 0xff, 0xf9, 0xff, 0x80, 0x6c, 0x5a, 0x2a,
  0x05, 0x84, 0x60, 0xba, 0xff, 0xa3, 0x36, 0xc3, 0xfd, 0x7d, 0x4c, 0x18,
  0x00, 0x00, 0x5b, 0xff, 0xff, 0xff, 0xb0, 0xee, 0xa1, 0x28, 0x28, 0x28,
  0x28, 0x28, 0x28, 0xa8, 0xff, 0xd0, 0x28, 0x88, 0xff, 0xf9, 0x4a, 0x1b,
  0x00, 0x00, 0xc4, 0xff, 0xf7, 0xff, 0xa4, 0x71, 0x46, 0xff, 0xff, 0xff,
  0xff, 0xff, 0xff, 0xff, 0xff, 0xff, 0xff, 0xff, 0xff, 0xff, 0xff, 0xb0,
  0x00, 0x48, 0xff, 0xde, 0xd0, 0xff, 0xa4, 0x00, 0x38, 0xff, 0xff, 0xff,
  0xff, 0xff, 0xff, 0xff, 0xff, 0xff, 0xff, 0xff, 0xff, 0xff, 0xff, 0xb0,
  0x00, 0x50, 0xff, 0x87, 0xd0, 0xff, 0xa4, 0x00, 0x00, 0x00, 0xdc, 0xff,
  0xb6, 0x03, 0x00, 0x07, 0xf5, 0xff, 0x71, 0x0c, 0xe2, 0xc6, 0x53, 0x00,
  0x00, 0x02, 0xe0, 0x25, 0xd0, 0xff, 0xa4, 0x00, 0x00, 0x09, 0xfb, 0xff,
  0xff, 0xba, 0x13, 0x00, 0xb6, 0xff, 0xc4, 0xa2, 0xff, 0xff, 0x48, 0x00,
  0x00, 0x00, 0x3b, 0x00, 0xd0, 0xff, 0xa4, 0x00, 0x00, 0x52, 0xff, 0xff,
  0xff, 0xff, 0xde, 0x2a, 0x60, 0xff, 0xff, 0xff, 0xff, 0x9a, 0x1e, 0x00,
  0x00, 0x00, 0x00, 0x00, 0xd0, 0xff, 0xa4, 0x00, 0x01, 0xc8, 0xff, 0xde,
  0x54, 0xf9, 0xe9, 0x2d, 0x14, 0xfb, 0xff, 0xff, 0xb5, 0x04, 0x92, 0x9e,
  0x0c, 0x00, 0x00, 0x00, 0xd0, 0xff, 0xa4, 0x00, 0x79, 0xff, 0xff, 0x6d,
  0x00, 0x48, 0x2a, 0x55, 0xe1, 0xff, 0xff, 0xff, 0xa1, 0x21, 0xda, 0xff,
  0x40, 0x00, 0x00, 0x00, 0xd0, 0xff, 0xa4, 0x7a, 0xfe, 0xff, 0xd0, 0x05,
  0x00, 0x71, 0xdc, 0xff, 0xff, 0xf5, 0xdf, 0xff, 0xff, 0xff, 0xff, 0xef,
  0x06, 0x00, 0x00, 0x00, 0xd0, 0xff, 0xa4, 0x69, 0xfa, 0xe6, 0x22, 0x00,
  0x00, 0x5f, 0xff, 0xfc, 0xa5, 0x1d, 0x19, 0xcb, 0xff, 0xff, 0xff, 0x80,
  0x00, 0x00, 0x00, 0x00, 0x82, 0xa0, 0x66, 0x00, 0x47, 0x1f, 0x00, 0x00,
  0x00, 0x00, 0x60, 0x1f, 0x00, 0x00, 0x00, 0x04, 0x59, 0x9b, 0x71, 0x02,
  0x00, 0x00, 0x00, 0x00, 0x17, 0xa8, 0xa8, 0x0f, 0x00, 0x00, 0x00, 0x00,
  0x00, 0x00, 0x1f, 0xd1, 0x85, 0x28, 0x00, 0x00, 0x00, 0x00, 0x00, 0x00,
  0x00, 0x00, 0x00, 0x00, 0x24, 0xff, 0xff, 0x18, 0x00, 0x00, 0x00, 0x00,
  0x00, 0x06, 0xc5, 0xff, 0xff, 0xc0, 0x00, 0x00, 0x00, 0x00, 0x00, 0x00,
  0x00, 0x00, 0x00, 0x00, 0x24, 0xff, 0xff, 0x18, 0x00, 0x00, 0x00, 0x00,
  0x04, 0xb1, 0xff, 0xff, 0xff, 0xfe, 0x8f, 0x08, 0x00, 0x00, 0x00, 0x00,
  0x00, 0x00, 0x00, 0x00, 0x24, 0xff, 0xff, 0x18, 0x00, 0x00, 0x00, 0x0d,
  0xb3, 0xff, 0xff, 0xf7, 0xed, 0xff, 0xff, 0xdf, 0x53, 0x00, 0x00, 0x00,
  0x00, 0x00, 0x00, 0x00, 0x24, 0xff, 0xff, 0x18, 0x00, 0x00, 0x26, 0xd3,
  0xff, 0xff, 0xf9, 0x4a, 0x24, 0xd6, 0xff, 0xff, 0xff, 0xd1, 0x5a, 0x07,
  0x00, 0x00, 0x90, 0xff, 0xff, 0xff, 0xff, 0xff, 0xf2, 0x78, 0xf7, 0xff,
  0xff, 0xf9, 0x63, 0x24, 0x24, 0x2f, 0xbf, 0xff, 0xff, 0xff, 0xff, 0xed,
  0x18, 0x00, 0x90, 0xff, 0xff, 0xff, 0xff, 0xff, 0xf8, 0xea, 0xff, 0xff,
  0xe2, 0xff, 0xff, 0xff, 0xff, 0xff, 0xff, 0xe6, 0xd0, 0xff, 0xff, 0xb8,
  0x00, 0x00, 0x55, 0x98, 0xd1, 0xff, 0xff, 0xa1, 0x8e, 0x30, 0xdc, 0x5f,
  0x45, 0xff, 0xff, 0xff, 0xff, 0xff, 0xff, 0xcc, 0x01, 0x52, 0xc1, 0x56,
  0x00, 0x00, 0x00, 0x00, 0xbb, 0xff, 0xff, 0x26, 0x00, 0x00, 0x01, 0x00,
  0x00, 0x00, 0x00, 0x00, 0x00, 0x00, 0x00, 0x00, 0x00, 0x00, 0x00, 0x00,
  0x00, 0x00, 0x00, 0x06, 0xf5, 0xff, 0xff, 0xb9, 0x00, 0x10, 0xd4, 0xd4,
  0xd4, 0xd4, 0xd4, 0x9b, 0x2b, 0xd4, 0xd4, 0xd4, 0xd4, 0xd4, 0x9f, 0x00,
  0x00, 0x00, 0x00, 0x43, 0xff, 0xff, 0xff, 0xff, 0x67, 0x14, 0xff, 0xff,
  0xff, 0xff, 0xff, 0xbc, 0x34, 0xff, 0xff, 0xff, 0xff, 0xff, 0xc0, 0x00,
  0x00, 0x00, 0x00, 0x9d, 0xff, 0xff, 0xff, 0xf0, 0xf2, 0x32, 0xff, 0xf8,
  0x00, 0x6c, 0xff, 0xbc, 0x34, 0xff, 0xdc, 0x00, 0x70, 0xff, 0xc0, 0x00,
  0x00, 0x00, 0x08, 0xf0, 0xfa, 0xff, 0xff, 0x7f, 0xff, 0x71, 0xff, 0xf8,
  0x00, 0x6c, 0xff, 0xbc, 0x34, 0xff, 0xdc, 0x00, 0x70, 0xff, 0xc0, 0x00,
  0x00, 0x00, 0x64, 0xff, 0xbb, 0xff, 0xff, 0x1f, 0xae, 0x15, 0xff, 0xfe,
  0xd4, 0xe6, 0xff, 0xbc, 0x34, 0xff, 0xf9, 0xd4, 0xe7, 0xff, 0xc0, 0x00,
  0x00, 0x09, 0xe0, 0xff, 0x6a, 0xff, 0xff, 0x18, 0x04, 0x14, 0xff, 0xff,
  0xff, 0xff, 0xff, 0xbc, 0x34, 0xff, 0xff, 0xff, 0xff, 0xff, 0xc0, 0x00,
  0x00, 0x07, 0xe5, 0xed, 0x29, 0xff, 0xff, 0x18, 0x00, 0x00, 0x00, 0x40,
  0x95, 0x5f, 0x0f, 0x00, 0x00, 0x00, 0x7e, 0x9d, 0x72, 0x00, 0x00, 0x00,
  0x00, 0x00, 0x80, 0x8d, 0x24, 0xff, 0xff, 0x18, 0x00, 0x00, 0x00, 0xb1,
  0xff, 0xf8, 0x12, 0x00, 0x00, 0x00, 0xe7, 0xff, 0xc3, 0x00, 0x00, 0x00,
  0x00, 0x00, 0x23, 0x19, 0x24, 0xff, 0xff, 0x18, 0x00, 0x00, 0x37, 0xfd,
  0xff, 0xf1, 0x4a, 0x00, 0x00, 0x47, 0xff, 0xff, 0xa8, 0x01, 0x00, 0x00,
  0x00, 0x00, 0x00, 0x00, 0x24, 0xff, 0xff, 0x18, 0x00, 0x0c, 0xd3, 0xff,
  0xff, 0xff, 0xff, 0x87, 0x02, 0xc2, 0xff, 0xff, 0xff, 0xb8, 0x18, 0x00,
  0x00, 0x00, 0x00, 0x00, 0x24, 0xff, 0xff, 0x18, 0x08, 0xbb, 0xff, 0xff,
  0x83, 0xc2, 0xff, 0x9c, 0x7c, 0xff, 0xff, 0xee, 0xff, 0xff, 0xe8, 0x3f,
  0x00, 0x00, 0x00, 0x00, 0x24, 0xff, 0xff, 0x3d, 0xd0, 0xff, 0xff, 0xa8,
  0x00, 0x06, 0x88, 0x8f, 0xff, 0xff, 0xd7, 0x0f, 0x93, 0xff, 0xff, 0xe7,
  0x09, 0x00, 0x00, 0x00, 0x24, 0xff, 0xff, 0x2d, 0xcc, 0xff, 0xaf, 0x0a,
  0x00, 0x00, 0x00, 0x5f, 0xfd, 0xe9, 0x2c, 0x00, 0x00, 0x64, 0xf4, 0x3c,
  0x00, 0x00, 0x00, 0x00, 0x16, 0xa0, 0xa0, 0x0f, 0x12, 0x75, 0x01, 0x00,
  0x00, 0x00, 0x00, 0x00, 0x5b, 0x22, 0x00, 0x00, 0x00, 0x00, 0x17, 0x00,
  0x00, 0x00, 0x00, 0x00, 0x00, 0x00, 0x00, 0x00, 0x00, 0x00, 0x4e, 0x76,
  0x4a, 0x1a, 0x00, 0x00, 0x00, 0x00, 0x00, 0x00, 0x00, 0x00, 0x00, 0x00,
  0x00, 0x00, 0x00, 0x00, 0x00, 0x00, 0x00, 0x00, 0x00, 0xb8, 0xff, 0xff,
  0x9a, 0x00, 0x00, 0x00, 0x00, 0x00, 0x00, 0x00, 0x00, 0x00, 0x00, 0x00,
  0x00, 0x00, 0x00, 0x00, 0x00, 0x00, 0x00, 0x04, 0xf3, 0xff, 0xff, 0x60,
  0x00, 0x00, 0x00, 0x00, 0x00, 0x00, 0x00, 0x00, 0x00, 0x00, 0x70, 0xff,
  0xff, 0xff, 0xff, 0xff, 0xff, 0x28, 0x37, 0xff, 0xff, 0xff, 0x1c, 0x00,
  0x00, 0x00, 0x00, 0x00, 0x00, 0x00, 0x00, 0x00, 0x00, 0x70, 0xff, 0xff,
  0xff, 0xff, 0xff, 0xff, 0x28, 0x7f, 0xff, 0xff, 0xfc, 0xc4, 0xc4, 0xc4,
  0xc4, 0xc4, 0xc4, 0xc4, 0xd6, 0x76, 0x06, 0x00, 0x55, 0xc4, 0xc4, 0xc4,
  0xc4, 0xc4, 0xc4, 0x1e, 0xd9, 0xff, 0xff, 0xff, 0xff, 0xff, 0xff, 0xff,
  0xff, 0xff, 0xff, 0xff, 0xff, 0xa1, 0x00, 0x00, 0x00, 0x00, 0x00, 0x00,
  0x00, 0x00, 0x42, 0xff, 0xff, 0xff, 0xff, 0xff, 0xff, 0xff, 0xff, 0xff,
  0xff, 0xff, 0xff, 0xff, 0x64, 0x00, 0x00, 0x00, 0x00, 0x00, 0x00, 0x00,
  0x00, 0xb8, 0xff, 0xff, 0xb1, 0x00, 0x65, 0x6c, 0x6c, 0x0d, 0x00, 0x02,
  0xe7, 0xff, 0xfc, 0x15, 0x00, 0x00, 0x00, 0x00, 0x00, 0x00, 0x00, 0x45,
  0xff, 0xff, 0xff, 0x3e, 0x00, 0xf0, 0xff, 0xff, 0x20, 0x00, 0x3d, 0xff,
  0xff, 0xc0, 0x00, 0x00, 0x00, 0x00, 0x00, 0x00, 0x00, 0x10, 0xdd, 0xff,
  0xff, 0xc9, 0x00, 0x00, 0xf0, 0xff, 0xff, 0x20, 0x00, 0x95, 0xff, 0xff,
  0x64, 0x00, 0x00, 0x00, 0x00, 0x00, 0x00, 0x00, 0x34, 0xd2, 0xff, 0xfd,
  0x38, 0x00, 0x03, 0xfd, 0xff, 0xff, 0x2d, 0x09, 0xee, 0xff, 0xf2, 0x0c,
  0x00, 0x00, 0x00, 0x00, 0x00, 0x00, 0x00, 0x00, 0x03, 0x6c, 0x8b, 0x00,
  0x00, 0x17, 0xff, 0xff, 0xff, 0x6f, 0x00, 0x45, 0xba, 0x8f, 0x00, 0x00,
  0x00, 0x00, 0x00, 0x00, 0x00, 0x00, 0x00, 0x00, 0x00, 0x00, 0x00, 0x00,
  0x36, 0xff, 0xff, 0xff, 0xb9, 0x00, 0x00, 0x00, 0x05, 0x00, 0x00, 0x00,
  0xec, 0xff, 0xff, 0xff, 0xff, 0xff, 0xff, 0xb0, 0x00, 0x00, 0x00, 0x74,
  0xff, 0xff, 0xff, 0xfd, 0x1e, 0x00, 0x00, 0x00, 0x00, 0x00, 0x00, 0xec,
  0xff, 0xff, 0xff, 0xff, 0xff, 0xff, 0xb0, 0x00, 0x00, 0x00, 0xd2, 0xff,
  0xff, 0xff, 0xff, 0x87, 0x00, 0x00, 0x00, 0x00, 0x00, 0x00, 0xb8, 0xc8,
  0xc8, 0xc8, 0xc8, 0xc8, 0xc8, 0x89, 0x00, 0x00, 0x4f, 0xff, 0xff, 0xff,
  0xf7, 0xff, 0xf6, 0x1e, 0x00, 0x00, 0x00, 0x00, 0x00, 0x00, 0x00, 0x00,
  0x00, 0x00, 0x00, 0x00, 0x00, 0x00, 0x11, 0xe1, 0xff, 0xff, 0xbd, 0x7e,
  0xff, 0xff, 0xb7, 0x02, 0x00, 0x00, 0x00, 0x00, 0x00, 0x00, 0x00, 0x00,
  0x00, 0x00, 0x00, 0x00, 0x08, 0xc3, 0xff, 0xff, 0xfd, 0x38, 0x0d, 0xec,
  0xff, 0xff, 0x91, 0x00, 0x00, 0x00, 0x00, 0x00, 0x00, 0x00, 0x00, 0x00,
  0x00, 0x00, 0x17, 0xc2, 0xff, 0xff, 0xff, 0x81, 0x00, 0x00, 0x55, 0xff,
  0xff, 0xff, 0xa7, 0x0b, 0x00, 0x00, 0x00, 0x00, 0x00, 0x00, 0x00, 0x02,
  0x5f, 0xea, 0xff, 0xff, 0xff, 0xb4, 0x02, 0x00, 0x00, 0x00, 0x96, 0xff,
  0xff, 0xff, 0xdf, 0x66, 0x06, 0x00, 0x00, 0x00, 0x00, 0x00, 0xac, 0xff,
  0xff, 0xff, 0xff, 0xa9, 0x07, 0x00, 0x00, 0x00, 0x00, 0x02, 0x96, 0xff,
  0xff, 0xff, 0xce, 0x0e, 0x00, 0x00, 0x00, 0x00, 0x00, 0x13, 0xd6, 0xff,
  0xf1, 0x68, 0x00, 0x00, 0x00, 0x00, 0x00, 0x00, 0x00, 0x00, 0x69, 0xed,
  0xf2, 0x21, 0x00, 0x00, 0x00, 0x00, 0x00, 0x00, 0x00, 0x24, 0x8d, 0x16,
  0x00, 0x00, 0x00, 0x00, 0x00, 0x00, 0x00, 0x00, 0x00, 0x00, 0x12, 0x41,
  0x00, 0x00, 0x00, 0x00, 0x88, 0xff, 0xff, 0xff, 0xff, 0xff, 0xff, 0xff,
  0xff, 0xff, 0xff, 0xff, 0xff, 0xff, 0xff, 0xff, 0xff, 0xff, 0xff, 0xff,
  0xc8, 0x00, 0x00, 0x88, 0xff, 0xff, 0xff, 0xff, 0xff, 0xff, 0xff, 0xff,
  0xff, 0xff, 0xff, 0xff, 0xff, 0xff, 0xff, 0xff, 0xff, 0xff, 0xff, 0xc8,
  0x00, 0x00, 0x88, 0xff, 0xff, 0xad, 0xa0, 0xa0, 0xa0, 0xa0, 0xa0, 0xa0,
  0xa0, 0xa0, 0xa0, 0xa0, 0xa0, 0xa0, 0xa0, 0xa4, 0xa0, 0xa0, 0x7d, 0x00,
  0x00, 0x88, 0xff, 0xff, 0x24, 0x00, 0x13, 0x3e, 0x6d, 0xb3, 0xa6, 0x06,
  0x05, 0x1e, 0x3a, 0x5f, 0x87, 0xb9, 0xf4, 0x7d, 0x00, 0x00, 0x00, 0x00,
  0x88, 0xff, 0xff, 0x7f, 0xf3, 0xff, 0xff, 0xff, 0xff, 0xff, 0x8a, 0x72,
  0xff, 0xff, 0xff, 0xff, 0xff, 0xf7, 0xbd, 0x2c, 0x00, 0x00, 0x00, 0x88,
  0xff, 0xff, 0x3a, 0xde, 0xcb, 0xee, 0xff, 0xb8, 0x25, 0x00, 0x1f, 0xaf,
  0x9b, 0xcc, 0xff, 0xdc, 0x06, 0x00, 0x00, 0x00, 0x00, 0x00, 0x88, 0xff,
  0xff, 0x24, 0x00, 0x00, 0xc0, 0xff, 0x94, 0x00, 0x00, 0x00, 0x00, 0x00,
  0x90, 0xff, 0xd8, 0x00, 0x00, 0x00, 0x00, 0x00, 0x00, 0x89, 0xff, 0xff,
  0x7e, 0xff, 0xff, 0xff, 0xff, 0xff, 0xff, 0xff, 0x64, 0xff, 0xff, 0xff,
  0xff, 0xff, 0xff, 0xff, 0xff, 0x40, 0x00, 0x00, 0x8e, 0xff, 0xff, 0x6f,
  0xe8, 0xfb, 0xff, 0xff, 0xfe, 0xe8, 0xe8, 0x5a, 0xe8, 0xfb, 0xff, 0xff,
  0xff, 0xee, 0xe8, 0xe8, 0x3a, 0x00, 0x00, 0x93, 0xff, 0xff, 0x16, 0x71,
  0xfd, 0xff, 0xff, 0xff, 0xb9, 0x26, 0x00, 0x55, 0xfd, 0xff, 0xff, 0xff,
  0xdf, 0x4c, 0x00, 0x00, 0x00, 0x00, 0x99, 0xff, 0xff, 0xc9, 0xff, 0xff,
  0xf2, 0xff, 0xfb, 0xff, 0xd1, 0x5f, 0xf9, 0xff, 0xd4, 0xff, 0xf7, 0xfb,
  0xff, 0xae, 0x1b, 0x00, 0x00, 0xaa, 0xff, 0xff, 0xee, 0xff, 0x8a, 0xc0,
  0xff, 0x9a, 0x9a, 0x67, 0xff, 0xff, 0x8f, 0x90, 0xff, 0xd8, 0x3b, 0xe3,
  0xff, 0xbc, 0x00, 0x00, 0xbc, 0xff, 0xed, 0x67, 0x94, 0x02, 0xc0, 0xff,
  0x94, 0x00, 0x2d, 0xa9, 0xb2, 0x0b, 0x90, 0xff, 0xd8, 0x00, 0x15, 0xb4,
  0x23, 0x00, 0x00, 0xcd, 0xff, 0xd5, 0x01, 0x00, 0x00, 0x06, 0x08, 0x04,
  0x00, 0x78, 0xff, 0xff, 0x50, 0x06, 0x0c, 0x0a, 0x00, 0x00, 0x00, 0x00,
  0x00, 0x00, 0xee, 0xff, 0xbd, 0x00, 0x00, 0x9c, 0xc4, 0xb7, 0x00, 0x00,
  0x78, 0xff, 0xff, 0x73, 0x34, 0x34, 0x34, 0x34, 0x27, 0x00, 0x00, 0x00,
  0x1b, 0xff, 0xff, 0x9c, 0x00, 0x00, 0xcc, 0xff, 0xf0, 0x00, 0x00, 0x78,
  0xff, 0xff, 0xff, 0xff, 0xff, 0xff, 0xff, 0xc4, 0x00, 0x00, 0x00, 0x47,
  0xff, 0xff, 0x6d, 0x00, 0x00, 0xcc, 0xff, 0xf0, 0x00, 0x00, 0x78, 0xff,
  0xff, 0xff, 0xff, 0xff, 0xff, 0xff, 0xc4, 0x00, 0x00, 0x00, 0x7c, 0xff,
  0xff, 0x3d, 0x00, 0x00, 0xcc, 0xff, 0xf0, 0x00, 0x00, 0x78, 0xff, 0xff,
  0x50, 0x00, 0x00, 0x00, 0x00, 0x00, 0x00, 0x00, 0x00, 0xc6, 0xff, 0xfc,
  0x2f, 0x54, 0x54, 0xdd, 0xff, 0xf5, 0x54, 0x54, 0xa4, 0xff, 0xff, 0x89,
  0x54, 0x54, 0x54, 0x54, 0x54, 0x54, 0x42, 0x26, 0xfe, 0xff, 0xc3, 0x64,
  0xff, 0xff, 0xff, 0xff, 0xff, 0xff, 0xff, 0xff, 0xff, 0xff, 0xff, 0xff,
  0xff, 0xff, 0xff, 0xff, 0xff, 0xcc, 0x2b, 0xbd, 0xff, 0x6b, 0x64, 0xff,
  0xff, 0xff, 0xff, 0xff, 0xff, 0xff, 0xff, 0xff, 0xff, 0xff, 0xff, 0xff,
  0xff, 0xff, 0xff, 0xff, 0xcc, 0x00, 0x00, 0x4e, 0x0d, 0x00, 0x00, 0x00,
  0x00, 0x00, 0x00, 0x00, 0x00, 0x00, 0x00, 0x00, 0x00, 0x00, 0x00, 0x00,
  0x00, 0x00, 0x00, 0x00, 0x00, 0x00, 0x00, 0x00, 0x00, 0x00, 0x00, 0x34,
  0xb2, 0x67, 0x00, 0x00, 0x03, 0x08, 0x08, 0x01, 0x00, 0x03, 0x08, 0x08,
  0x01, 0x00, 0x00, 0x00, 0x00, 0x00, 0x00, 0x00, 0x09, 0x5d, 0xc6, 0xff,
  0xff, 0xfe, 0x6c, 0x00, 0x78, 0xff, 0xff, 0xff, 0xff, 0xff, 0xff, 0xff,
  0x24, 0x00, 0x00, 0x00, 0x00, 0x00, 0x2f, 0xa7, 0xf3, 0xff, 0xff, 0xff,
  0xff, 0xe9, 0x8a, 0x07, 0x78, 0xff, 0xff, 0xff, 0xff, 0xff, 0xff, 0xff,
  0x24, 0x00, 0x00, 0x00, 0x00, 0x00, 0x74, 0xff, 0xff, 0xff, 0xf3, 0xa9,
  0x52, 0x05, 0x00, 0x00, 0x78, 0xff, 0xff, 0x82, 0x68, 0xb1, 0xff, 0xff,
  0x24, 0x00, 0x00, 0x00, 0x00, 0x00, 0x74, 0xff, 0xff, 0x77, 0x08, 0x00,
  0x00, 0x00, 0x00, 0x00, 0x85, 0xff, 0xff, 0x1e, 0x00, 0x7c, 0xff, 0xff,
  0x24, 0x00, 0x00, 0x00, 0x00, 0x00, 0x74, 0xff, 0xff, 0x48, 0x00, 0x00,
  0x00, 0x00, 0x00, 0x00, 0x9d, 0xff, 0xfe, 0x05, 0x00, 0x7c, 0xff, 0xff,
  0x24, 0x00, 0x00, 0x00, 0x00, 0x00, 0x74, 0xff, 0xff, 0xff, 0xff, 0xff,
  0xff, 0xff, 0x20, 0x00, 0xd9, 0xff, 0xe3, 0x00, 0x00, 0x7b, 0xff, 0xff,
  0x24, 0x00, 0x00, 0x00, 0x00, 0x00, 0x74, 0xff, 0xff, 0xff, 0xff, 0xff,
  0xff, 0xff, 0x20, 0x51, 0xff, 0xff, 0xa0, 0x00, 0x00, 0x71, 0xff, 0xff,
  0x5a, 0x31, 0x36, 0x00, 0x00, 0x00, 0x74, 0xff, 0xff, 0x98, 0x70, 0x70,
  0x70, 0x70, 0x41, 0xee, 0xff, 0xff, 0x37, 0x00, 0x00, 0x46, 0xff, 0xff,
  0xff, 0xff, 0xd9, 0x00, 0x00, 0x00, 0x74, 0xff, 0xff, 0x48, 0x00, 0x00,
  0x00, 0x00, 0xad, 0xff, 0xff, 0x9b, 0x00, 0x00, 0x00, 0x02, 0x98, 0xef,
  0xff, 0xff, 0xe0, 0x00, 0x00, 0x00, 0x74, 0xff, 0xff, 0x48, 0x00, 0x00,
  0x00, 0x00, 0x03, 0xaa, 0xac, 0x08, 0x00, 0x00, 0x00, 0x00, 0x00, 0x01,
  0x05, 0x00, 0x00, 0x00, 0x00, 0x00, 0x74, 0xff, 0xff, 0xff, 0xff, 0xff,
  0xff, 0xff, 0x18, 0xff, 0xff, 0xff, 0xff, 0xff, 0xff, 0xff, 0xff, 0xff,
  0xf2, 0x97, 0x00, 0x00, 0x00, 0x00, 0x74, 0xff, 0xff, 0xff, 0xff, 0xff,
  0xff, 0xff, 0x18, 0xff, 0xff, 0xff, 0xff, 0xff, 0xff, 0xff, 0xff, 0xff,
  0xff, 0xac, 0x00, 0x00, 0x00, 0x00, 0x74, 0xff, 0xff, 0x98, 0x70, 0x70,
  0x70, 0x70, 0x09, 0x64, 0xcd, 0xfd, 0x9e, 0x5c, 0x5c, 0x5c, 0xbd, 0xff,
  0xff, 0x61, 0x00, 0x00, 0x00, 0x00, 0x74, 0xff, 0xff, 0x48, 0x00, 0x00,
  0x00, 0x00, 0x00, 0x00, 0xcb, 0xff, 0xd7, 0x03, 0x00, 0x14, 0xf2, 0xff,
  0xef, 0x0b, 0x00, 0x00, 0x00, 0x00, 0x74, 0xff, 0xff, 0x4d, 0x18, 0x2d,
  0x42, 0x57, 0x2c, 0x00, 0x51, 0xff, 0xff, 0x81, 0x00, 0xa6, 0xff, 0xff,
  0x85, 0x00, 0x00, 0x00, 0x35, 0xb3, 0xde, 0xff, 0xff, 0xff, 0xff, 0xff,
  0xff, 0xff, 0x79, 0x00, 0x01, 0xc1, 0xff, 0xfe, 0xa9, 0xff, 0xff, 0xe5,
  0x0c, 0x00, 0x00, 0x00, 0x30, 0xff, 0xff, 0xff, 0xff, 0xff, 0xff, 0xff,
  0xff, 0xff, 0x88, 0x00, 0x00, 0x20, 0xf2, 0xff, 0xff, 0xff, 0xfc, 0x43,
  0x00, 0x00, 0x00, 0x00, 0x08, 0xf1, 0xee, 0xff, 0xff, 0xa9, 0x71, 0x56,
  0x3b, 0x1f, 0x04, 0x00, 0x00, 0x38, 0xd6, 0xff, 0xff, 0xff, 0xda, 0x2c,
  0x00, 0x00, 0x00, 0x00, 0x00, 0x00, 0x74, 0xff, 0xff, 0x48, 0x00, 0x00,
  0x00, 0x00, 0x0c, 0x52, 0xb3, 0xff, 0xff, 0xff, 0xff, 0xff, 0xff, 0xfe,
  0xaa, 0x50, 0x0d, 0x00, 0x00, 0x00, 0x74, 0xff, 0xff, 0x48, 0x00, 0x00,
  0x00, 0x40, 0xf9, 0xff, 0xff, 0xff, 0xff, 0xc1, 0x5a, 0xd2, 0xff, 0xff,
  0xff, 0xff, 0xe5, 0x12, 0x00, 0x00, 0x74, 0xff, 0xff, 0x48, 0x00, 0x00,
  0x00, 0x00, 0xc1, 0xff, 0xff, 0xd1, 0x55, 0x00, 0x00, 0x04, 0x72, 0xe3,
  0xff, 0xff, 0x4a, 0x00, 0x00, 0x00, 0x10, 0x24, 0x24, 0x0a, 0x00, 0x00,
  0x00, 0x00, 0x3a, 0x88, 0x2d, 0x00, 0x00, 0x00, 0x00, 0x00, 0x00, 0x02,
  0x45, 0x70, 0x00, 0x00, 0x00, 0x00, 0x00, 0x00, 0x00, 0x1a, 0x81, 0x43,
  0x0a, 0x00, 0x00, 0x00, 0x00, 0x00, 0x00, 0x00, 0x00, 0x00, 0x00, 0x00,
  0x00, 0x00, 0x00, 0x00, 0x00, 0x00, 0x00, 0x00, 0x00, 0x96, 0xff, 0xff,
  0x82, 0x00, 0x00, 0x00, 0x00, 0x00, 0x00, 0x00, 0x00, 0x00, 0x00, 0x00,
  0x00, 0x00, 0x00, 0x00, 0x00, 0x00, 0x00, 0x00, 0x30, 0xfa, 0xff, 0xff,
  0xff, 0xff, 0xff, 0xff, 0xff, 0xff, 0xff, 0xff, 0xff, 0xff, 0xff, 0xff,
  0xff, 0xff, 0x44, 0x00, 0x00, 0x00, 0x00, 0x0b, 0xd8, 0xff, 0xff, 0xff,
  0xff, 0xff, 0xff, 0xff, 0xff, 0xff, 0xff, 0xff, 0xff, 0xff, 0xff, 0xff,
  0xff, 0xff, 0x44, 0x00, 0x00, 0x00, 0x05, 0xb5, 0xff, 0xff, 0xb8, 0x20,
  0x20, 0x20, 0x20, 0x20, 0x20, 0x20, 0x20, 0x20, 0x20, 0x20, 0x20, 0x20,
  0x20, 0x20, 0x08, 0x00, 0x00, 0x0a, 0xaf, 0xff, 0xff, 0xe5, 0xd8, 0xff,
  0xff, 0xff, 0xff, 0xff, 0xff, 0xff, 0xff, 0xff, 0xff, 0xff, 0xff, 0xff,
  0x40, 0x00, 0x00, 0x00, 0x19, 0xd2, 0xff, 0xff, 0xf6, 0x36, 0xc4, 0xff,
  0xff, 0xff, 0xff, 0xff, 0xff, 0xff, 0xff, 0xff, 0xff, 0xff, 0xff, 0xff,
  0x40, 0x00, 0x00, 0x00, 0x02, 0xa2, 0xff, 0xf7, 0x45, 0x00, 0x0c, 0x10,
  0x10, 0x10, 0x10, 0x10, 0x10, 0x10, 0x10, 0x10, 0x10, 0x10, 0x10, 0x10,
  0x04, 0x00, 0x00, 0x00, 0x00, 0x05, 0xb0, 0xbe, 0xff, 0xff, 0xff, 0xff,
  0xff, 0xff, 0xff, 0xff, 0xff, 0xff, 0xff, 0xff, 0xff, 0xff, 0xff, 0x4a,
  0x00, 0x00, 0x00, 0x00, 0x00, 0x00, 0x00, 0x84, 0xff, 0xff, 0xff, 0xff,
  0xff, 0xff, 0xff, 0xff, 0xff, 0xff, 0xff, 0xff, 0xff, 0xff, 0xff, 0x49,
  0x00, 0x00, 0x00, 0x00, 0x00, 0x00, 0x00, 0x1e, 0x3c, 0x48, 0x3c, 0x44,
  0x74, 0x74, 0x59, 0x3c, 0x3e, 0x3d, 0x3c, 0x3c, 0xab, 0xff, 0xff, 0x49,
  0x00, 0x00, 0x00, 0x00, 0x00, 0x00, 0x00, 0x4b, 0xca, 0xc7, 0x01, 0x28,
  0xff, 0xff, 0x88, 0x00, 0x5b, 0xe4, 0x92, 0x1f, 0x8b, 0xff, 0xff, 0x4b,
  0x00, 0x00, 0x00, 0x00, 0x00, 0x00, 0x00, 0x5e, 0xff, 0xff, 0x5c, 0x28,
  0xff, 0xff, 0x88, 0x00, 0xcd, 0xff, 0xda, 0x0b, 0x83, 0xff, 0xff, 0x4f,
  0x00, 0x00, 0x00, 0x00, 0x00, 0x00, 0x00, 0x01, 0xd5, 0xff, 0xcd, 0x28,
  0xff, 0xff, 0x88, 0x53, 0xff, 0xfb, 0x36, 0x00, 0x78, 0xff, 0xff, 0x58,
  0x00, 0x00, 0x00, 0x00, 0x00, 0x02, 0x24, 0x24, 0x8c, 0xc1, 0x4c, 0x46,
  0xff, 0xff, 0x98, 0x76, 0xef, 0x98, 0x24, 0x24, 0x6d, 0xff, 0xff, 0x64,
  0x00, 0x00, 0x00, 0x00, 0x00, 0x14, 0xff, 0xff, 0xff, 0xff, 0xff, 0xff,
  0xff, 0xff, 0xff, 0xff, 0xff, 0xff, 0xff, 0xff, 0x72, 0xff, 0xff, 0x76,
  0x00, 0x00, 0x00, 0x00, 0x00, 0x14, 0xff, 0xff, 0xff, 0xff, 0xff, 0xff,
  0xff, 0xff, 0xff, 0xff, 0xff, 0xff, 0xff, 0xff, 0x57, 0xff, 0xff, 0x8d,
  0x00, 0x3a, 0x00, 0x00, 0x00, 0x00, 0x00, 0x00, 0x00, 0x77, 0x60, 0x35,
  0xff, 0xff, 0x88, 0x13, 0x92, 0x1b, 0x00, 0x00, 0x18, 0xff, 0xff, 0xb0,
  0x00, 0xaf, 0x76, 0x00, 0x00, 0x00, 0x00, 0x02, 0x8b, 0xff, 0xff, 0x8a,
  0xff, 0xff, 0x90, 0xd4, 0xff, 0xef, 0x57, 0x00, 0x00, 0xe7, 0xff, 0xe8,
  0x02, 0xc3, 0xff, 0x24, 0x00, 0x00, 0x23, 0xbd, 0xff, 0xff, 0xa4, 0x28,
  0xff, 0xff, 0x88, 0x41, 0xe6, 0xff, 0xff, 0x9c, 0x08, 0xa4, 0xff, 0xff,
  0x8e, 0xef, 0xff, 0x0c, 0x00, 0x83, 0xf9, 0xff, 0xff, 0xb3, 0x05, 0x28,
  0xff, 0xff, 0x88, 0x00, 0x18, 0xc5, 0xff, 0xff, 0x95, 0x42, 0xff, 0xff,
  0xff, 0xff, 0xdc, 0x00, 0x00, 0x24, 0xeb, 0xff, 0x90, 0x03, 0x00, 0x28,
  0xff, 0xff, 0x88, 0x00, 0x00, 0x05, 0xa2, 0xce, 0x10, 0x00, 0xa1, 0xff,
  0xff, 0xff, 0x80, 0x00, 0x00, 0x00, 0x3f, 0x3b, 0x00, 0x00, 0x00, 0x18,
  0x9c, 0x9c, 0x52, 0x00, 0x00, 0x00, 0x01, 0x0e, 0x00, 0x00, 0x01, 0x59,
  0x90, 0x6e, 0x04, 0x00, 0x00, 0x00, 0x00, 0x19, 0x04, 0x00, 0x00, 0x00,
  0x00, 0x00, 0x00, 0x00, 0x00, 0x00, 0x98, 0xa8, 0xa2, 0x00, 0x00, 0x00,
  0x04, 0x00, 0x00, 0x00, 0x00, 0x13, 0xdd, 0xd9, 0x50, 0x00, 0x00, 0x0d,
  0x6e, 0xc0, 0x0d, 0x00, 0x00, 0xe8, 0xff, 0xf8, 0x00, 0x00, 0x1c, 0xef,
  0xa0, 0x42, 0x00, 0x00, 0xac, 0xff, 0xff, 0xff, 0xbe, 0x2a, 0x7e, 0xff,
  0xff, 0x96, 0x00, 0x00, 0xe8, 0xff, 0xf8, 0x00, 0x00, 0x81, 0xff, 0xff,
  0x9c, 0x00, 0x00, 0x12, 0x99, 0xfe, 0xff, 0xff, 0xcb, 0x0a, 0xe0, 0xff,
  0xfe, 0x33, 0x00, 0xe8, 0xff, 0xf8, 0x00, 0x0a, 0xec, 0xff, 0xfb, 0x21,
  0x00, 0x00, 0x00, 0x00, 0x3c, 0xd8, 0xf3, 0x27, 0x00, 0x67, 0xff, 0xff,
  0xb0, 0x00, 0xe8, 0xff, 0xf8, 0x00, 0x74, 0xff, 0xff, 0x9a, 0x00, 0x00,
  0x00, 0x00, 0x00, 0x00, 0x0a, 0x38, 0x00, 0x00, 0x06, 0xed, 0xf5, 0x8f,
  0x00, 0xe8, 0xff, 0xf8, 0x00, 0x8b, 0xf2, 0xf2, 0x19, 0x00, 0x00, 0x00,
  0x00, 0x00, 0x00, 0x00, 0x00, 0x00, 0x00, 0x00, 0x45, 0x12, 0x00, 0x00,
  0xe8, 0xff, 0xf8, 0x00, 0x00, 0x0a, 0x2d, 0x00, 0x00, 0x00, 0x22, 0xac,
  0x38, 0x00, 0x00, 0x00, 0x00, 0x18, 0xff, 0xff, 0xff, 0xff, 0xff, 0xff,
  0xff, 0xff, 0xff, 0xff, 0xff, 0xff, 0xff, 0x08, 0x06, 0xcb, 0xff, 0xff,
  0xb7, 0x35, 0x00, 0x00, 0x18, 0xff, 0xff, 0xff, 0xff, 0xff, 0xff, 0xff,
  0xff, 0xff, 0xff, 0xff, 0xff, 0xff, 0x08, 0x1c, 0xbb, 0xff, 0xff, 0xff,
  0xff, 0x6c, 0x00, 0x18, 0xff, 0xff, 0xc5, 0x88, 0x88, 0x88, 0x88, 0x88,
  0x88, 0x88, 0xe2, 0xff, 0xff, 0x08, 0x00, 0x00, 0x49, 0xd5, 0xff, 0xeb,
  0x16, 0x00, 0x18, 0xff, 0xff, 0x84, 0x1f, 0x7d, 0x38, 0x02, 0x00, 0x00,
  0x00, 0xc0, 0xff, 0xff, 0x08, 0x00, 0x00, 0x00, 0x03, 0x71, 0x53, 0x00,
  0x00, 0x18, 0xff, 0xff, 0x85, 0xbc, 0xff, 0xff, 0xe4, 0x8c, 0x26, 0x00,
  0xc0, 0xff, 0xff, 0x08, 0x00, 0x00, 0x00, 0x00, 0x00, 0x00, 0x01, 0x00,
  0x18, 0xff, 0xff, 0x87, 0x4d, 0x9f, 0xf3, 0xff, 0xff, 0xfd, 0x28, 0xc0,
  0xff, 0xff, 0x08, 0x00, 0x00, 0x00, 0x00, 0x00, 0x55, 0xa5, 0x05, 0x18,
  0xff, 0xff, 0x84, 0x00, 0x00, 0x0c, 0x67, 0xdb, 0x9f, 0x00, 0xc0, 0xff,
  0xff, 0x08, 0x00, 0x00, 0x00, 0x00, 0x04, 0xda, 0xff, 0xb8, 0x1d, 0xff,
  0xff, 0x81, 0x00, 0x00, 0x01, 0x28, 0x68, 0xab, 0xdb, 0xff, 0xff, 0xff,
  0x08, 0x00, 0x00, 0x00, 0x00, 0x6b, 0xff, 0xff, 0xbd, 0x20, 0xff, 0xff,
  0xa1, 0x85, 0xb9, 0xef, 0xff, 0xff, 0xff, 0xff, 0xff, 0xff, 0xff, 0x08,
  0x00, 0x00, 0x00, 0x14, 0xed, 0xff, 0xff, 0x35, 0x28, 0xff, 0xff, 0x9e,
  0xff, 0xff, 0xff, 0xff, 0xf2, 0xb5, 0x72, 0xd2, 0xff, 0xff, 0x08, 0x00,
  0x00, 0x00, 0x9e, 0xff, 0xff, 0xab, 0x00, 0x43, 0xff, 0xff, 0x5d, 0xc9,
  0xba, 0x7a, 0x39, 0x04, 0x00, 0x00, 0xc0, 0xff, 0xff, 0x08, 0x00, 0x00,
  0x3d, 0xfe, 0xff, 0xfb, 0x26, 0x00, 0x64, 0xff, 0xff, 0x3a, 0x00, 0x00,
  0x00, 0x00, 0x00, 0x00, 0x00, 0xc0, 0xff, 0xff, 0x08, 0x00, 0x0a, 0xda,
  0xff, 0xff, 0x8f, 0x00, 0x00, 0x95, 0xff, 0xff, 0x16, 0x00, 0x00, 0x00,
  0x00, 0x11, 0x0a, 0x0c, 0xce, 0xff, 0xff, 0x06, 0x00, 0x47, 0xfc, 0xff,
  0xea, 0x0f, 0x00, 0x06, 0xe6, 0xff, 0xe7, 0x00, 0x00, 0x00, 0x00, 0x00,
  0xbc, 0xff, 0xff, 0xff, 0xff, 0xf1, 0x00, 0x00, 0x00, 0x45, 0xec, 0x64,
  0x00, 0x00, 0x12, 0xb5, 0xff, 0x9c, 0x00, 0x00, 0x00, 0x00, 0x00, 0x60,
  0xff, 0xff, 0xff, 0xff, 0x8b, 0x00, 0x00, 0x00, 0x00, 0x1c, 0x02, 0x00,
  0x00, 0x00, 0x00, 0x69, 0x2b, 0x00, 0x00, 0x00, 0x00, 0x00, 0x1b, 0x96,
  0x8e, 0x77, 0x3c, 0x00, 0x00, 0x00, 0x00, 0x00, 0x31, 0x6c, 0x0e, 0x00,
  0x00, 0x00, 0x04, 0xa1, 0x68, 0x1b, 0x00, 0x0c, 0x48, 0x66, 0x00, 0x00,
  0x00, 0x00, 0x00, 0x00, 0x00, 0x00, 0x0e, 0xdb, 0xff, 0xf3, 0x89, 0x0e,
  0x00, 0x65, 0xff, 0xff, 0xb9, 0x04, 0xe8, 0xff, 0xfe, 0x28, 0x00, 0x00,
  0x00, 0x00, 0x00, 0x00, 0x00, 0x2b, 0xbf, 0xff, 0xff, 0xff, 0x6f, 0x15,
  0xeb, 0xff, 0xff, 0x55, 0x20, 0xa6, 0xff, 0xff, 0x9b, 0x20, 0x20, 0x20,
  0x20, 0x03, 0x00, 0x00, 0x00, 0x00, 0x45, 0xd8, 0xbe, 0x03, 0xb0, 0xff,
  0xff, 0xff, 0xff, 0xff, 0xff, 0xff, 0xff, 0xff, 0xff, 0xff, 0xff, 0xff,
  0x1c, 0x00, 0x0c, 0x73, 0x11, 0x00, 0x0a, 0x15, 0x83, 0xff, 0xff, 0xff,
  0xff, 0xff, 0xff, 0xff, 0xff, 0xff, 0xff, 0xff, 0xff, 0xff, 0xff, 0x1c,
  0x00, 0xa5, 0xff, 0xf4, 0x88, 0x0f, 0x77, 0xff, 0xff, 0xff, 0xff, 0x34,
  0x00, 0x00, 0x7c, 0xff, 0xff, 0x40, 0x00, 0x00, 0x00, 0x00, 0x00, 0x0e,
  0xa8, 0xfd, 0xff, 0xff, 0xbd, 0xf9, 0xff, 0xff, 0xff, 0xff, 0xd9, 0xd0,
  0xd0, 0xe7, 0xff, 0xff, 0xdc, 0xd0, 0xd0, 0xd0, 0x1a, 0x00, 0x00, 0x00,
  0x2b, 0xb7, 0xe2, 0x10, 0x38, 0xe2, 0xd9, 0xff, 0xff, 0xff, 0xff, 0xff,
  0xff, 0xff, 0xff, 0xff, 0xff, 0xff, 0xff, 0x20, 0x00, 0x00, 0x00, 0x00,
  0x00, 0x16, 0x13, 0x38, 0x07, 0x94, 0xff, 0xff, 0x34, 0x00, 0x00, 0x7c,
  0xff, 0xff, 0x40, 0x00, 0x00, 0x00, 0x00, 0x00, 0x00, 0x00, 0x00, 0x00,
  0x10, 0xce, 0xeb, 0x20, 0x94, 0xff, 0xff, 0xd6, 0xcc, 0xcc, 0xe5, 0xff,
  0xff, 0xd9, 0xcc, 0xcc, 0xcc, 0x19, 0x00, 0x00, 0x00, 0x00, 0x0d, 0xc7,
  0xff, 0xff, 0x73, 0x94, 0xff, 0xff, 0xff, 0xff, 0xff, 0xff, 0xff, 0xff,
  0xff, 0xff, 0xff, 0xff, 0x20, 0x00, 0x00, 0x00, 0x0f, 0xc5, 0xff, 0xff,
  0xa8, 0x01, 0x94, 0xff, 0xff, 0x34, 0x00, 0x00, 0x7c, 0xff, 0xff, 0x40,
  0x00, 0x00, 0x00, 0x00, 0x00, 0x00, 0x1a, 0xcf, 0xff, 0xff, 0xc5, 0x08,
  0x00, 0x94, 0xff, 0xff, 0xff, 0xff, 0xff, 0xff, 0xff, 0xff, 0xff, 0xff,
  0xff, 0xff, 0xff, 0x70, 0x00, 0x5e, 0xff, 0xff, 0xd7, 0x12, 0x00, 0x00,
  0x94, 0xff, 0xff, 0xff, 0xff, 0xff, 0xff, 0xff, 0xff, 0xff, 0xff, 0xff,
  0xff, 0xff, 0x70, 0x00, 0x00, 0x70, 0xe4, 0x1e, 0x00, 0x00, 0x00, 0x94,
  0xff, 0xff, 0x9d, 0x84, 0x52, 0x38, 0x38, 0x38, 0x38, 0x38, 0x38, 0x38,
  0x38, 0x18, 0x00, 0x00, 0x00, 0x12, 0x00, 0x00, 0x00, 0x00, 0x06, 0x0c,
  0x95, 0xff, 0xff, 0x58, 0x00, 0x00, 0x00, 0x00, 0x00, 0x00, 0x00, 0x00,
  0x00, 0x00, 0xd8, 0xff, 0xff, 0xff, 0xff, 0xff, 0xff, 0xff, 0xff, 0xff,
  0xff, 0xff, 0xff, 0xff, 0xff, 0xff, 0xff, 0xff, 0xff, 0xff, 0xff, 0xf0,
  0x00, 0xd8, 0xff, 0xff, 0xff, 0xff, 0xff, 0xff, 0xff, 0xff, 0xff, 0xff,
  0xff, 0xff, 0xff, 0xff, 0xff, 0xff, 0xff, 0xff, 0xff, 0xff, 0xf0, 0x00,
  0x6f, 0x84, 0x84, 0x84, 0x84, 0x84, 0x84, 0x84, 0x84, 0xc9, 0xff, 0xff,
  0xae, 0x84, 0x84, 0x84, 0x84, 0x84, 0x84, 0x84, 0x84, 0x7b, 0x00, 0x00,
  0x00, 0x00, 0x00, 0x00, 0x00, 0x00, 0x00, 0x00, 0x90, 0xff, 0xff, 0x58,
  0x00, 0x00, 0x00, 0x00, 0x00, 0x00, 0x00, 0x00, 0x00, 0x00, 0x00, 0x00,
  0x00, 0x00, 0x00, 0x00, 0x00, 0x00, 0x00, 0x90, 0xff, 0xff, 0x58, 0x00,
  0x00, 0x00, 0x00, 0x00, 0x00, 0x00, 0x00, 0x00, 0x00, 0x00, 0x00, 0x00,
  0x00, 0x00, 0x00, 0x00, 0x00, 0x00, 0x90, 0xff, 0xff, 0x58, 0x00, 0x00,
  0x00, 0x00, 0x00, 0x00, 0x00, 0x00, 0x00, 0x00, 0x00, 0x00, 0x00, 0x00,
  0x00, 0x00, 0x00, 0x00, 0x00, 0x5e, 0xa8, 0xa8, 0x39, 0x00, 0x00, 0x00,
  0x00, 0x00, 0x00, 0x00, 0x00, 0x00, 0x00, 0x00, 0x00, 0x00, 0x00, 0x94,
  0xa5, 0x51, 0x02, 0x00, 0x00, 0x00, 0x00, 0x00, 0x00, 0x00, 0x00, 0x00,
  0x00, 0x00, 0x00, 0x00, 0x00, 0x00, 0x00, 0x00, 0x00, 0x00, 0x2e, 0xfd,
  0xff, 0xc7, 0x00, 0x00, 0x00, 0x00, 0x00, 0x00, 0x00, 0x00, 0x00, 0x00,
  0x00, 0x00, 0x00, 0x00, 0x00, 0x00, 0x00, 0x00, 0x00, 0x07, 0xcf, 0xff,
  0xff, 0x3d, 0x00, 0x00, 0x00, 0x00, 0x00, 0x00, 0x00, 0x00, 0x00, 0x00,
  0x00, 0x00, 0x00, 0x00, 0x00, 0x00, 0x00, 0x00, 0x00, 0x98, 0xff, 0xff,
  0xff, 0xff, 0xff, 0xff, 0xff, 0xff, 0xff, 0xff, 0xff, 0xff, 0xff, 0xff,
  0xff, 0xff, 0xff, 0xff, 0x10, 0x00, 0x00, 0x00, 0x84, 0xff, 0xff, 0xff,
  0xff, 0xff, 0xff, 0xff, 0xff, 0xff, 0xff, 0xff, 0xff, 0xff, 0xff, 0xff,
  0xff, 0xff, 0xff, 0xff, 0x10, 0x00, 0x05, 0x98, 0xff, 0xff, 0xee, 0x7d,
  0x7c, 0x7c, 0x7c, 0x7c, 0x7c, 0x7c, 0x7c, 0x7c, 0x7c, 0x7c, 0x7c, 0x7c,
  0x7c, 0x7c, 0x7c, 0x7c, 0x07, 0x00, 0x1e, 0xef, 0xff, 0xfb, 0x73, 0x7c,
  0x7c, 0x13, 0x1b, 0x7c, 0x7c, 0x13, 0x00, 0x78, 0x7c, 0x32, 0x00, 0x62,
  0x7c, 0x68, 0x00, 0x00, 0x00, 0x00, 0x00, 0x60, 0xfc, 0x5b, 0x64, 0xff,
  0xff, 0x28, 0x38, 0xff, 0xff, 0x28, 0x00, 0xf8, 0xff, 0x68, 0x00, 0xcc,
  0xff, 0xd8, 0x00, 0x00, 0x00, 0x00, 0x00, 0x00, 0x3f, 0x00, 0x64, 0xff,
  0xff, 0x28, 0x38, 0xff, 0xff, 0x28, 0x00, 0xf8, 0xff, 0x68, 0x00, 0xcc,
  0xff, 0xd8, 0x00, 0x00, 0x00, 0x00, 0x00, 0x00, 0xf4, 0xff, 0xff, 0xff,
  0xff, 0xff, 0xff, 0xff, 0xff, 0xff, 0xff, 0xff, 0xff, 0xff, 0xff, 0xff,
  0xff, 0xff, 0xff, 0xff, 0x34, 0x00, 0x00, 0x00, 0xf4, 0xff, 0xff, 0xff,
  0xff, 0xff, 0xff, 0xff, 0xff, 0xff, 0xff, 0xff, 0xff, 0xff, 0xff, 0xff,
  0xff, 0xff, 0xff, 0xff, 0x34, 0x00, 0x00, 0x00, 0x76, 0x7c, 0xaf, 0xff,
  0xff, 0x90, 0x98, 0xff, 0xff, 0x90, 0x7c, 0xfb, 0xff, 0xb1, 0x7c, 0xe5,
  0xff, 0xeb, 0x7c, 0x7c, 0x19, 0x00, 0x00, 0x00, 0x00, 0x00, 0x64, 0xff,
  0xff, 0x28, 0x38, 0xff, 0xff, 0x28, 0x00, 0xf8, 0xff, 0x68, 0x00, 0xcc,
  0xff, 0xd8, 0x00, 0x00, 0x00, 0x00, 0x00, 0x00, 0x00, 0x00, 0x64, 0xff,
  0xff, 0x28, 0x38, 0xff, 0xff, 0x28, 0x00, 0xf8, 0xff, 0x68, 0x00, 0xcc,
  0xff, 0xd8, 0x00, 0x00, 0x00, 0x00, 0x00, 0xb0, 0xff, 0xff, 0xff, 0xff,
  0xff, 0xff, 0xff, 0xff, 0xff, 0xff, 0xff, 0xff, 0xff, 0xff, 0xff, 0xff,
  0xff, 0xff, 0xff, 0xff, 0xbc, 0x00, 0x00, 0xb0, 0xff, 0xff, 0xff, 0xff,
  0xff, 0xff, 0xff, 0xff, 0xff, 0xff, 0xff, 0xff, 0xff, 0xff, 0xff, 0xff,
  0xff, 0xff, 0xff, 0xff, 0xbc, 0x00, 0x00, 0x55, 0x7c, 0x7c, 0x7c, 0x7c,
  0x7c, 0x7c, 0x7c, 0x7c, 0x7c, 0x7c, 0x7c, 0x7c, 0x7c, 0x7c, 0x7c, 0x7c,
  0x7c, 0x83, 0x8a, 0x7c, 0x5b, 0x00, 0x00, 0x00, 0x00, 0x76, 0xd8, 0x95,
  0x2f, 0x03, 0x29, 0x44, 0x30, 0x00, 0x09, 0x40, 0x6a, 0x45, 0x00, 0x19,
  0x8c, 0xec, 0xb0, 0x00, 0x00, 0x00, 0x00, 0x00, 0x0b, 0xe9, 0xff, 0xff,
  0x2d, 0x10, 0xff, 0xff, 0xaa, 0x00, 0x16, 0xfd, 0xff, 0xcc, 0x00, 0x12,
  0xec, 0xff, 0xff, 0x57, 0x00, 0x00, 0x00, 0x00, 0x86, 0xff, 0xff, 0xb5,
  0x00, 0x00, 0xea, 0xff, 0xd7, 0x00, 0x00, 0xc0, 0xff, 0xff, 0x2a, 0x00,
  0x68, 0xff, 0xff, 0xe5, 0x0d, 0x00, 0x00, 0x2a, 0xf8, 0xff, 0xfe, 0x32,
  0x00, 0x00, 0xd0, 0xff, 0xf9, 0x01, 0x00, 0x71, 0xff, 0xff, 0x7b, 0x00,
  0x04, 0xd9, 0xff, 0xff, 0x82, 0x00, 0x00, 0x96, 0xff, 0xff, 0xa5, 0x00,
  0x00, 0x00, 0xbd, 0xff, 0xff, 0x12, 0x00, 0x31, 0xff, 0xff, 0xb0, 0x00,
  0x00, 0x59, 0xff, 0xfe, 0xa7, 0x00, 0x00, 0x00, 0x30, 0x94, 0x19, 0x00,
  0x00, 0x00, 0x52, 0x54, 0x2f, 0x02, 0x00, 0x06, 0x4e, 0x1d, 0x00, 0x00,
  0x00, 0x04, 0x85, 0x25, 0x00, 0x00, 0x00, 0x00, 0x5f, 0x78, 0x58, 0x00,
  0x00, 0x00, 0x00, 0x00, 0x00, 0x00, 0x00, 0x00, 0x00, 0x00, 0x00, 0x00,
  0x00, 0x00, 0x00, 0x00, 0x00, 0x00, 0x00, 0x00, 0xcc, 0xff, 0xbc, 0x00,
  0x00, 0xe8, 0xfc, 0xa1, 0x00, 0x8c, 0xff, 0xff, 0xff, 0xff, 0xff, 0xff,
  0xff, 0xff, 0xff, 0xff, 0x4c, 0x00, 0x00, 0x00, 0xcc, 0xff, 0xbc, 0x00,
  0x00, 0xec, 0xff, 0xa4, 0x00, 0x8c, 0xff, 0xff, 0xff, 0xff, 0xff, 0xff,
  0xff, 0xff, 0xff, 0xff, 0x4c, 0x00, 0x00, 0x00, 0xcc, 0xff, 0xbc, 0x00,
  0x00, 0xec, 0xff, 0xa4, 0x00, 0x8c, 0xff, 0xff, 0xa6, 0x9c, 0x9c, 0x9c,
  0x9c, 0x9c, 0x9c, 0x9c, 0x2e, 0x00, 0x00, 0x00, 0xcc, 0xff, 0xbc, 0x00,
  0x00, 0xec, 0xff, 0xa4, 0x00, 0x8c, 0xff, 0xff, 0x1c, 0x00, 0x00, 0x00,
  0x00, 0x00, 0x00, 0x00, 0x00, 0x00, 0x00, 0x00, 0xcc, 0xff, 0xbc, 0x00,
  0x00, 0xec, 0xff, 0xa4, 0x00, 0x8c, 0xff, 0xff, 0x1c, 0x00, 0x00, 0x00,
  0x00, 0x00, 0x00, 0x00, 0x00, 0x00, 0x00, 0x00, 0xcc, 0xff, 0xbc, 0x00,
  0x00, 0xec, 0xff, 0xa4, 0x00, 0x8c, 0xff, 0xff, 0x1c, 0x00, 0x00, 0x00,
  0x00, 0x00, 0x00, 0x00, 0x00, 0x00, 0x00, 0x00, 0xcc, 0xff, 0xff, 0xff,
  0xff, 0xff, 0xff, 0xa4, 0x00, 0x8c, 0xff, 0xff, 0x98, 0x8c, 0x8c, 0x8c,
  0x8c, 0x8c, 0x93, 0x71, 0x1e, 0x00, 0x00, 0x00, 0xcc, 0xff, 0xff, 0xff,
  0xff, 0xff, 0xff, 0xa4, 0x00, 0x8c, 0xff, 0xff, 0xff, 0xff, 0xff, 0xff,
  0xff, 0xff, 0xff, 0xff, 0x84, 0x00, 0x00, 0x00, 0xcc, 0xff, 0xdb, 0x78,
  0x78, 0x78, 0x78, 0x4c, 0x00, 0x8c, 0xff, 0xff, 0xff, 0xff, 0xff, 0xff,
  0xff, 0xff, 0xff, 0xff, 0x56, 0x00, 0x00, 0x00, 0xd0, 0xff, 0xbb, 0x00,
  0x00, 0x00, 0x00, 0x00, 0x00, 0x91, 0xff, 0xff, 0xff, 0xff, 0x3a, 0x00,
  0x00, 0x9d, 0xff, 0xff, 0x25, 0x00, 0x00, 0x00, 0xd6, 0xff, 0xd8, 0x78,
  0x78, 0x78, 0x78, 0x3a, 0x00, 0x96, 0xff, 0xff, 0xff, 0xff, 0x8f, 0x00,
  0x00, 0xe5, 0xff, 0xe3, 0x00, 0x00, 0x00, 0x00, 0xdd, 0xff, 0xff, 0xff,
  0xff, 0xff, 0xff, 0x7c, 0x00, 0x9d, 0xff, 0xff, 0xbb, 0xff, 0xe6, 0x05,
  0x36, 0xff, 0xff, 0x9e, 0x00, 0x00, 0x00, 0x00, 0xe3, 0xff, 0xff, 0xff,
  0xff, 0xff, 0xff, 0x7c, 0x00, 0xb2, 0xff, 0xf9, 0x53, 0xff, 0xff, 0x5e,
  0xa3, 0xff, 0xff, 0x4a, 0x00, 0x00, 0x00, 0x01, 0xf9, 0xff, 0x8e, 0x00,
  0x1c, 0xff, 0xff, 0x7c, 0x00, 0xc8, 0xff, 0xe7, 0x07, 0xec, 0xff, 0xdb,
  0xfa, 0xff, 0xe5, 0x03, 0x00, 0x00, 0x00, 0x18, 0xff, 0xff, 0x74, 0x00,
  0x1c, 0xff, 0xff, 0x7c, 0x00, 0xdf, 0xff, 0xd5, 0x00, 0x7c, 0xff, 0xff,
  0xff, 0xff, 0x7d, 0x00, 0x00, 0x00, 0x00, 0x34, 0xff, 0xff, 0x57, 0x00,
  0x1c, 0xff, 0xff, 0x7c, 0x0b, 0xfd, 0xff, 0xb8, 0x00, 0x0f, 0xef, 0xff,
  0xff, 0xec, 0x0d, 0x00, 0x00, 0x00, 0x00, 0x53, 0xff, 0xff, 0x2e, 0x00,
  0x1c, 0xff, 0xff, 0x7c, 0x39, 0xff, 0xff, 0x8f, 0x00, 0x29, 0xed, 0xff,
  0xff, 0xde, 0x1a, 0x00, 0x00, 0x00, 0x00, 0x88, 0xff, 0xfb, 0x07, 0x00,
  0x1c, 0xff, 0xff, 0x7c, 0x6a, 0xff, 0xff, 0x5c, 0x22, 0xe4, 0xff, 0xff,
  0xff, 0xff, 0xdb, 0x1e, 0x00, 0x00, 0x00, 0xca, 0xff, 0xc7, 0x00, 0x00,
  0x1c, 0xff, 0xff, 0x7c, 0xb3, 0xff, 0xff, 0x6b, 0xef, 0xff, 0xff, 0xe1,
  0xeb, 0xff, 0xff, 0xef, 0x64, 0x01, 0x28, 0xff, 0xff, 0x84, 0x00, 0x00,
  0x1c, 0xff, 0xff, 0x96, 0xf9, 0xff, 0xe5, 0xfe, 0xff, 0xff, 0xe2, 0x21,
  0x2f, 0xed, 0xff, 0xff, 0xe8, 0x1f, 0x0f, 0xb4, 0xfe, 0x28, 0x00, 0x00,
  0x1c, 0xff, 0xff, 0xaa, 0xdb, 0xff, 0x5c, 0x81, 0xff, 0xcd, 0x21, 0x00,
  0x00, 0x2b, 0xd3, 0xfb, 0x39, 0x00, 0x00, 0x02, 0x65, 0x00, 0x00, 0x00,
  0x10, 0x94, 0x94, 0x47, 0x08, 0x8a, 0x05, 0x04, 0x74, 0x06, 0x00, 0x00,
  0x00, 0x00, 0x08, 0x45, 0x00, 0x00, 0x00, 0x00, 0x00, 0x00, 0x02, 0xa0,
  0xa0, 0x61, 0x00, 0x00, 0x00, 0x00, 0x6b, 0x74, 0x43, 0x00, 0x00, 0x00,
  0x00, 0x00, 0x00, 0x00, 0x00, 0x00, 0x00, 0x0b, 0x29, 0x04, 0x04, 0xff,
  0xff, 0x9c, 0x00, 0x00, 0x00, 0x00, 0xe6, 0xff, 0xcd, 0x00, 0x00, 0x00,
  0x00, 0x00, 0x00, 0x00, 0x00, 0x00, 0x00, 0x3f, 0xff, 0xf8, 0x2a, 0xff,
  0xff, 0x9c, 0x00, 0x00, 0x00, 0x28, 0xff, 0xff, 0x8c, 0x00, 0x00, 0x00,
  0x00, 0x00, 0x00, 0x00, 0x00, 0x00, 0x00, 0x5d, 0xff, 0xff, 0x15, 0xff,
  0xff, 0x9c, 0x00, 0x00, 0x00, 0x7a, 0xff, 0xff, 0x3f, 0x00, 0x00, 0x00,
  0x00, 0x00, 0x00, 0x00, 0x00, 0x00, 0x00, 0x7b, 0xff, 0xee, 0x04, 0xff,
  0xff, 0x9c, 0x00, 0x00, 0x00, 0xd5, 0xff, 0xff, 0xff, 0xff, 0xff, 0xff,
  0xff, 0xff, 0xff, 0xff, 0xff, 0x18, 0x00, 0x98, 0xff, 0xff, 0xff, 0xff,
  0xff, 0xff, 0xff, 0x98, 0x3a, 0xff, 0xff, 0xff, 0xff, 0xff, 0xff, 0xff,
  0xff, 0xff, 0xff, 0xff, 0xff, 0x0d, 0x00, 0xc2, 0xff, 0xff, 0xff, 0xff,
  0xff, 0xff, 0xff, 0x98, 0xba, 0xff, 0xfc, 0x99, 0xe8, 0xff, 0xd9, 0xb0,
  0xff, 0xff, 0xef, 0xff, 0xff, 0x02, 0x02, 0xf3, 0xff, 0xc6, 0xa9, 0xff,
  0xff, 0xdd, 0xa8, 0xa5, 0xff, 0xff, 0xa1, 0x0b, 0xf6, 0xff, 0x68, 0x6c,
  0xff, 0xf9, 0xbf, 0xff, 0xf5, 0x00, 0x3c, 0xff, 0xff, 0x2c, 0x04, 0xff,
  0xff, 0x9c, 0x13, 0xe3, 0xff, 0xfc, 0x26, 0x5c, 0xff, 0xfd, 0x1a, 0xad,
  0xff, 0xc9, 0xc3, 0xff, 0xe9, 0x00, 0x43, 0xef, 0xe5, 0x01, 0x04, 0xff,
  0xff, 0x9c, 0x39, 0xe9, 0xff, 0x8b, 0x00, 0xc8, 0xff, 0xba, 0x04, 0xee,
  0xff, 0x87, 0xd1, 0xff, 0xdb, 0x00, 0x00, 0x19, 0x5b, 0x00, 0x04, 0xff,
  0xff, 0x9c, 0x00, 0x1f, 0x9e, 0x08, 0x47, 0xff, 0xff, 0x57, 0x48, 0xff,
  0xff, 0x3f, 0xde, 0xff, 0xcc, 0x00, 0x00, 0x00, 0x00, 0x00, 0x04, 0xff,
  0xff, 0xd3, 0xc0, 0xe2, 0x00, 0x04, 0xd6, 0xff, 0xe0, 0x04, 0x9f, 0xff,
  0xe9, 0x04, 0xef, 0xff, 0xbd, 0x00, 0x00, 0x00, 0x1d, 0x60, 0xa6, 0xff,
  0xff, 0xff, 0xff, 0xff, 0x10, 0x6f, 0xff, 0xff, 0x6c, 0x0e, 0xf2, 0xff,
  0x8d, 0x02, 0xfd, 0xff, 0xac, 0x00, 0x27, 0xdf, 0xff, 0xff, 0xff, 0xff,
  0xff, 0xff, 0xe6, 0x9a, 0x38, 0xf0, 0xff, 0xdb, 0x05, 0x72, 0xff, 0xff,
  0x2d, 0x13, 0xff, 0xff, 0x9b, 0x00, 0x07, 0xf7, 0xff, 0xff, 0xff, 0xff,
  0xff, 0xa7, 0x01, 0x15, 0xd5, 0xff, 0xff, 0x49, 0x06, 0xe0, 0xff, 0xcc,
  0x00, 0x2a, 0xff, 0xff, 0x88, 0x00, 0x00, 0xb3, 0xb5, 0x6b, 0x22, 0xff,
  0xff, 0x9c, 0x00, 0xae, 0xff, 0xff, 0x98, 0x00, 0x76, 0xff, 0xff, 0x66,
  0x00, 0x44, 0xff, 0xff, 0x72, 0x00, 0x00, 0x00, 0x00, 0x00, 0x04, 0xff,
  0xff, 0x9c, 0x00, 0x06, 0x92, 0xbd, 0x06, 0x19, 0xf2, 0xff, 0xe1, 0x06,
  0x00, 0x63, 0xff, 0xff, 0x59, 0x00, 0x00, 0x00, 0x00, 0x00, 0x04, 0xff,
  0xff, 0x9c, 0x00, 0x00, 0x00, 0x05, 0x04, 0xbf, 0xff, 0xff, 0x60, 0x00,
  0x00, 0x8c, 0xff, 0xff, 0x39, 0x00, 0x00, 0x00, 0x00, 0x00, 0x04, 0xff,
  0xff, 0x9c, 0x00, 0x00, 0x00, 0x00, 0x90, 0xff, 0xff, 0xbf, 0x00, 0x00,
  0x00, 0xca, 0xff, 0xff, 0x14, 0x00, 0x00, 0x00, 0x00, 0x00, 0x04, 0xff,
  0xff, 0x9c, 0x00, 0x00, 0x02, 0x92, 0xff, 0xff, 0xee, 0x26, 0x59, 0x4e,
  0x7c, 0xff, 0xff, 0xde, 0x00, 0x00, 0x00, 0x00, 0x00, 0x00, 0x04, 0xff,
  0xff, 0x9c, 0x00, 0x00, 0x49, 0xf9, 0xff, 0xfb, 0x48, 0x00, 0xc4, 0xff,
  0xff, 0xff, 0xff, 0x8b, 0x00, 0x00, 0x00, 0x00, 0x00, 0x00, 0x04, 0xff,
  0xff, 0x9c, 0x00, 0x00, 0x00, 0x2a, 0xd4, 0x52, 0x00, 0x00, 0x7b, 0xff,
  0xff, 0xff, 0xd1, 0x10, 0x00, 0x00, 0x00, 0x00, 0x00, 0x00, 0x02, 0xac,
  0xac, 0x68, 0x00, 0x00, 0x00, 0x00, 0x01, 0x00, 0x00, 0x00, 0x23, 0x66,
  0x61, 0x40, 0x02, 0x00, 0x00, 0x00, 0x00, 0x00, 0x00, 0x00, 0x00, 0x00,
  0x00, 0x00, 0x5c, 0xa0, 0xa0, 0x3c, 0x00, 0x00, 0x00, 0x00, 0x00, 0x00,
  0x00, 0x00, 0x00, 0x00, 0x00, 0x00, 0x00, 0x00, 0x00, 0x00, 0x94, 0xff,
  0xff, 0x60, 0x00, 0x00, 0x00, 0x00, 0x00, 0x00, 0x00, 0x00, 0x00, 0x00,
  0x00, 0x00, 0x00, 0x00, 0x00, 0x00, 0x94, 0xff, 0xff, 0x60, 0x00, 0x00,
  0x00, 0x00, 0x00, 0x00, 0x00, 0x00, 0x00, 0x00, 0x00, 0x00, 0x00, 0x00,
  0x00, 0x00, 0x94, 0xff, 0xff, 0x60, 0x00, 0x00, 0x00, 0x00, 0x00, 0x00,
  0x00, 0x00, 0x00, 0x00, 0x00, 0x00, 0x00, 0x00, 0x00, 0x00, 0x94, 0xff,
  0xff, 0x60, 0x00, 0x00, 0x00, 0x00, 0x00, 0x00, 0x00, 0x00, 0x6e, 0xd0,
  0xd0, 0xd0, 0xd0, 0xd0, 0xd0, 0xd0, 0xeb, 0xff, 0xff, 0xe2, 0xd0, 0xd0,
  0xd0, 0xd0, 0xd0, 0xd0, 0xd0, 0x82, 0x88, 0xff, 0xff, 0xff, 0xff, 0xff,
  0xff, 0xff, 0xff, 0xff, 0xff, 0xff, 0xff, 0xff, 0xff, 0xff, 0xff, 0xff,
  0xff, 0xa0, 0x88, 0xff, 0xff, 0xff, 0xff, 0xff, 0xff, 0xff, 0xff, 0xff,
  0xff, 0xff, 0xff, 0xff, 0xff, 0xff, 0xff, 0xff, 0xff, 0xa0, 0x88, 0xff,
  0xff, 0x54, 0x00, 0x00, 0x00, 0x00, 0x94, 0xff, 0xff, 0x60, 0x00, 0x00,
  0x00, 0x00, 0x60, 0xff, 0xff, 0xa0, 0x88, 0xff, 0xff, 0x54, 0x00, 0x00,
  0x00, 0x00, 0x94, 0xff, 0xff, 0x60, 0x00, 0x00, 0x00, 0x00, 0x60, 0xff,
  0xff, 0xa0, 0x88, 0xff, 0xff, 0x54, 0x00, 0x00, 0x00, 0x00, 0x94, 0xff,
  0xff, 0x60, 0x00, 0x00, 0x00, 0x00, 0x60, 0xff, 0xff, 0xa0, 0x88, 0xff,
  0xff, 0x54, 0x00, 0x00, 0x00, 0x00, 0x94, 0xff, 0xff, 0x60, 0x00, 0x00,
  0x00, 0x00, 0x60, 0xff, 0xff, 0xa0, 0x88, 0xff, 0xff, 0xdd, 0xcc, 0xcc,
  0xcc, 0xcc, 0xea, 0xff, 0xff, 0xdf, 0xcc, 0xcc, 0xcc, 0xcc, 0xdf, 0xff,
  0xff, 0xa0, 0x88, 0xff, 0xff, 0xff, 0xff, 0xff, 0xff, 0xff, 0xff, 0xff,
  0xff, 0xff, 0xff, 0xff, 0xff, 0xff, 0xff, 0xff, 0xff, 0xa0, 0x88, 0xff,
  0xff, 0xff, 0xff, 0xff, 0xff, 0xff, 0xff, 0xff, 0xff, 0xff, 0xff, 0xff,
  0xff, 0xff, 0xff, 0xff, 0xff, 0xa0, 0x88, 0xff, 0xff, 0x54, 0x00, 0x00,
  0x00, 0x00, 0x94, 0xff, 0xff, 0x60, 0x00, 0x00, 0x00, 0x00, 0x60, 0xff,
  0xff, 0xa0, 0x88, 0xff, 0xff, 0x54, 0x00, 0x00, 0x00, 0x00, 0x94, 0xff,
  0xff, 0x60, 0x00, 0x00, 0x00, 0x00, 0x60, 0xff, 0xff, 0xa0, 0x88, 0xff,
  0xff, 0x54, 0x00, 0x00, 0x00, 0x00, 0x94, 0xff, 0xff, 0x60, 0x00, 0x00,
  0x00, 0x00, 0x60, 0xff, 0xff, 0xa0, 0x88, 0xff, 0xff, 0x54, 0x00, 0x00,
  0x00, 0x00, 0x94, 0xff, 0xff, 0x60, 0x00, 0x00, 0x00, 0x00, 0x60, 0xff,
  0xff, 0xa0, 0x88, 0xff, 0xff, 0xe2, 0xd4, 0xd4, 0xd4, 0xd4, 0xed, 0xff,
  0xff, 0xe4, 0xd4, 0xd4, 0xd4, 0xd4, 0xe4, 0xff, 0xff, 0xa0, 0x88, 0xff,
  0xff, 0xff, 0xff, 0xff, 0xff, 0xff, 0xff, 0xff, 0xff, 0xff, 0xff, 0xff,
  0xff, 0xff, 0xff, 0xff, 0xff, 0xa0, 0x88, 0xff, 0xff, 0xff, 0xff, 0xff,
  0xff, 0xff, 0xff, 0xff, 0xff, 0xff, 0xff, 0xff, 0xff, 0xff, 0xff, 0xff,
  0xff, 0xa0, 0x59, 0xa8, 0xa8, 0x37, 0x00, 0x00, 0x00, 0x00, 0x00, 0x00,
  0x00, 0x00, 0x00, 0x00, 0x00, 0x00, 0x3c, 0xa0, 0xa0, 0x64, 0x00, 0x00,
  0x00, 0x00, 0x00, 0x00, 0x00, 0x00, 0x00, 0x08, 0x00, 0x00, 0x0c, 0x51,
  0x43, 0x00, 0x00, 0x15, 0x25, 0x00, 0x00, 0x00, 0x00, 0x00, 0x00, 0x00,
  0xac, 0xff, 0xff, 0xff, 0xff, 0xff, 0xff, 0xff, 0xcd, 0x51, 0xed, 0xff,
  0xd6, 0x02, 0x16, 0xd2, 0xf4, 0x64, 0x00, 0x00, 0x00, 0x00, 0x00, 0x00,
  0xac, 0xff, 0xff, 0xff, 0xff, 0xff, 0xff, 0xff, 0xff, 0x86, 0x8c, 0xff,
  0xff, 0x85, 0xde, 0xff, 0xff, 0x9b, 0x06, 0x00, 0x00, 0x00, 0x00, 0x00,
  0x35, 0x58, 0x50, 0x50, 0x50, 0x6e, 0xff, 0xff, 0xfa, 0x1a, 0x18, 0xf6,
  0xff, 0xff, 0xff, 0xed, 0x56, 0x00, 0x6f, 0x2d, 0x00, 0x00, 0x00, 0x00,
  0x2d, 0xe9, 0x97, 0x0f, 0x03, 0xbc, 0xff, 0xff, 0x99, 0x00, 0x00, 0x7c,
  0xff, 0xff, 0xfa, 0x27, 0x05, 0x96, 0xff, 0xf8, 0x60, 0x00, 0x00, 0x00,
  0xa3, 0xff, 0xff, 0xdd, 0xa8, 0xff, 0xff, 0xe6, 0x10, 0x00, 0x00, 0x04,
  0xcb, 0xff, 0xff, 0xc2, 0xc7, 0xff, 0xff, 0xca, 0x1b, 0x00, 0x00, 0x00,
  0x00, 0x6c, 0xfb, 0xff, 0xff, 0xff, 0xff, 0xa0, 0x58, 0x58, 0x58, 0x58,
  0x82, 0xff, 0xff, 0xff, 0xff, 0xff, 0x95, 0x08, 0x00, 0x00, 0x00, 0x00,
  0x00, 0x0b, 0xc3, 0xff, 0xff, 0xff, 0xff, 0xff, 0xff, 0xff, 0xff, 0xff,
  0xff, 0xff, 0xff, 0xff, 0xff, 0xdd, 0x23, 0x00, 0x00, 0x00, 0x00, 0x00,
  0x23, 0xd2, 0xff, 0xff, 0xfc, 0x7e, 0xff, 0xff, 0xff, 0xff, 0xff, 0xff,
  0xff, 0xff, 0x9a, 0xf7, 0xff, 0xff, 0xf4, 0x6e, 0x08, 0x00, 0x0d, 0x85,
  0xf7, 0xff, 0xff, 0xd7, 0x3a, 0x00, 0x00, 0x00, 0x00, 0x00, 0x00, 0x00,
  0x00, 0x00, 0x00, 0x30, 0xcc, 0xff, 0xff, 0xff, 0xe7, 0x43, 0x2a, 0xec,
  0xff, 0xff, 0xbe, 0xff, 0xff, 0xff, 0xff, 0xff, 0xff, 0xff, 0xff, 0xff,
  0xff, 0xff, 0xff, 0xff, 0xff, 0x95, 0xfe, 0xff, 0xbd, 0x04, 0x00, 0x41,
  0xe4, 0x4f, 0x40, 0xff, 0xff, 0xff, 0xff, 0xff, 0xff, 0xff, 0xff, 0xff,
  0xff, 0xff, 0xff, 0xff, 0xff, 0x14, 0x3e, 0xc1, 0x19, 0x00, 0x00, 0x00,
  0x05, 0x00, 0x40, 0xff, 0xff, 0xbe, 0x40, 0x40, 0x40, 0x40, 0x40, 0x40,
  0x40, 0x40, 0xfd, 0xff, 0xff, 0x14, 0x00, 0x00, 0x00, 0x00, 0x00, 0x00,
  0x00, 0x00, 0x40, 0xff, 0xff, 0xa8, 0x00, 0x00, 0x00, 0x00, 0x00, 0x00,
  0x00, 0x00, 0xfc, 0xff, 0xff, 0x14, 0x00, 0x00, 0x00, 0x00, 0x00, 0x00,
  0x00, 0x00, 0x40, 0xff, 0xff, 0xff, 0xff, 0xff, 0xff, 0xff, 0xff, 0xff,
  0xff, 0xff, 0xff, 0xff, 0xff, 0x14, 0x00, 0x00, 0x00, 0x00, 0x00, 0x00,
  0x00, 0x00, 0x40, 0xff, 0xff, 0xff, 0xff, 0xff, 0xff, 0xff, 0xff, 0xff,
  0xff, 0xff, 0xff, 0xff, 0xff, 0x14, 0x00, 0x00, 0x00, 0x00, 0x00, 0x00,
  0x00, 0x00, 0x16, 0x58, 0x66, 0xb9, 0xfd, 0x7f, 0x58, 0x58, 0x58, 0x58,
  0x7c, 0xef, 0xb3, 0x71, 0x58, 0x06, 0x00, 0x00, 0x00, 0x00, 0x00, 0x00,
  0x00, 0x00, 0x00, 0x00, 0x6d, 0xff, 0xff, 0xa0, 0x00, 0x00, 0x00, 0x00,
  0x84, 0xff, 0xff, 0x68, 0x00, 0x00, 0x00, 0x00, 0x00, 0x00, 0x00, 0x00,
  0x00, 0x00, 0x00, 0x00, 0x0c, 0xf5, 0xff, 0xf6, 0x0c, 0x00, 0x00, 0x04,
  0xe5, 0xff, 0xee, 0x0b, 0x00, 0x00, 0x00, 0x00, 0x00, 0x00, 0x00, 0x41,
  0x7c, 0x7c, 0x7c, 0x7c, 0x7c, 0xde, 0xff, 0xce, 0x80, 0x7c, 0x7c, 0x9b,
  0xff, 0xff, 0xcf, 0x7c, 0x7c, 0x7c, 0x7c, 0x7c, 0x4b, 0x00, 0x00, 0x88,
  0xff, 0xff, 0xff, 0xff, 0xff, 0xff, 0xff, 0xff, 0xff, 0xff, 0xff, 0xff,
  0xff, 0xff, 0xff, 0xff, 0xff, 0xff, 0xff, 0xff, 0x9c, 0x00, 0x00, 0x88,
  0xff, 0xff, 0xff, 0xff, 0xff, 0xff, 0xff, 0xff, 0xff, 0xff, 0xff, 0xff,
  0xff, 0xff, 0xff, 0xff, 0xff, 0xff, 0xff, 0xff, 0x9c, 0x00, 0x00, 0x00,
  0x00, 0x02, 0x05, 0x09, 0x0d, 0x12, 0x1b, 0x25, 0x2e, 0x38, 0x45, 0x55,
  0x68, 0x7e, 0x97, 0xb5, 0xd7, 0xdd, 0x19, 0x00, 0x00, 0x00, 0x00, 0x15,
  0xfc, 0xff, 0xff, 0xff, 0xff, 0xff, 0xff, 0xff, 0xff, 0xff, 0xff, 0xff,
  0xff, 0xff, 0xff, 0xff, 0xff, 0xc9, 0x08, 0x00, 0x00, 0x00, 0x00, 0xd1,
  0xff, 0xff, 0xff, 0xff, 0xff, 0xff, 0xff, 0xff, 0xec, 0xd6, 0xc3, 0xb1,
  0x9f, 0x87, 0x6b, 0x4b, 0x26, 0x03, 0x00, 0x00, 0x00, 0x00, 0x16, 0x1c,
  0x19, 0x15, 0x12, 0x15, 0xf6, 0xff, 0xff, 0x1d, 0x00, 0x00, 0x00, 0x00,
  0x00, 0x00, 0x00, 0x00, 0x00, 0x00, 0x00, 0x00, 0x00, 0xf8, 0xff, 0xff,
  0xff, 0xff, 0xff, 0xff, 0xff, 0xff, 0xff, 0xff, 0xff, 0xff, 0xff, 0xff,
  0xff, 0xff, 0xff, 0x5c, 0x00, 0x00, 0x00, 0x00, 0xf8, 0xff, 0xff, 0xff,
  0xff, 0xff, 0xff, 0xff, 0xff, 0xff, 0xff, 0xff, 0xff, 0xff, 0xff, 0xff,
  0xff, 0xff, 0x5c, 0x00, 0x00, 0x22, 0x34, 0x34, 0x34, 0x34, 0x34, 0x4e,
  0xfd, 0xff, 0xf4, 0x3c, 0x34, 0x34, 0x34, 0x34, 0x34, 0x34, 0x34, 0x34,
  0x34, 0x34, 0x22, 0x00, 0xa8, 0xff, 0xff, 0xff, 0xff, 0xff, 0xff, 0xff,
  0xff, 0xff, 0xff, 0xff, 0xff, 0xff, 0xff, 0xff, 0xff, 0xff, 0xff, 0xff,
  0xff, 0xa8, 0x00, 0xa8, 0xff, 0xff, 0xff, 0xff, 0xff, 0xff, 0xff, 0xff,
  0xff, 0xff, 0xff, 0xff, 0xff, 0xff, 0xff, 0xff, 0xff, 0xff, 0xff, 0xff,
  0xa8, 0x00, 0x00, 0x00, 0x00, 0x00, 0x0d, 0xdc, 0xff, 0xff, 0x72, 0x00,
  0x00, 0x00, 0x00, 0x00, 0x00, 0x00, 0x00, 0x00, 0x00, 0x00, 0x00, 0x00,
  0x00, 0x00, 0x00, 0x00, 0x00, 0xa7, 0xff, 0xff, 0xff, 0xff, 0xff, 0xff,
  0xff, 0xff, 0xff, 0xff, 0xff, 0xff, 0xff, 0xff, 0x68, 0x00, 0x00, 0x00,
  0x00, 0x00, 0x00, 0x8a, 0xff, 0xff, 0xff, 0xff, 0xff, 0xff, 0xff, 0xff,
  0xff, 0xff, 0xff, 0xff, 0xff, 0xff, 0xff, 0x68, 0x00, 0x00, 0x00, 0x00,
  0x02, 0x8c, 0xff, 0xff, 0xff, 0xff, 0xda, 0x24, 0x24, 0x24, 0x24, 0x24,
  0x24, 0x24, 0x24, 0x8e, 0xff, 0xff, 0x68, 0x00, 0x00, 0x00, 0x1a, 0xb5,
  0xff, 0xff, 0xff, 0xff, 0xff, 0xf6, 0xc8, 0xc8, 0xc8, 0xc8, 0xc8, 0xc8,
  0xc8, 0xc8, 0xe3, 0xff, 0xff, 0x68, 0x00, 0x00, 0x25, 0xf1, 0xff, 0xff,
  0xfe, 0x77, 0xe8, 0xff, 0xff, 0xff, 0xff, 0xff, 0xff, 0xff, 0xff, 0xff,
  0xff, 0xff, 0xff, 0xff, 0x68, 0x00, 0x00, 0x00, 0x8f, 0xff, 0xef, 0x55,
  0x00, 0xe8, 0xff, 0xd4, 0x00, 0x00, 0x00, 0x00, 0x00, 0x00, 0x00, 0x00,
  0x7c, 0xff, 0xff, 0x68, 0x00, 0x00, 0x00, 0x04, 0x8d, 0x1b, 0x00, 0x00,
  0xe8, 0xff, 0xff, 0xff, 0xff, 0xff, 0xff, 0xff, 0xff, 0xff, 0xff, 0xff,
  0xff, 0xff, 0x68, 0x00, 0x00, 0x00, 0x00, 0x00, 0x00, 0x00, 0x00, 0xe8,
  0xff, 0xf4, 0xbc, 0xbc, 0xbc, 0xbc, 0xbc, 0xbc, 0xbc, 0xbc, 0xdc, 0xff,
  0xff, 0x68, 0x00, 0x00, 0x00, 0x00, 0x00, 0x00, 0x00, 0x00, 0xe8, 0xff,
  0xda, 0x24, 0x24, 0x24, 0x24, 0x24, 0x24, 0x24, 0x24, 0x8e, 0xff, 0xff,
  0x68, 0x00, 0x00, 0x00, 0x00, 0x00, 0x00, 0x00, 0x00, 0xe8, 0xff, 0xff,
  0xff, 0xff, 0xff, 0xff, 0xff, 0xff, 0xff, 0xff, 0xff, 0xff, 0xff, 0x68,
  0x00, 0x00, 0x00, 0x00, 0x00, 0x00, 0x00, 0x00, 0xe8, 0xff, 0xff, 0xff,
  0xff, 0xff, 0xff, 0xff, 0xff, 0xff, 0xff, 0xff, 0xff, 0xff, 0x68, 0x00,
  0x00, 0x00, 0x00, 0x00, 0x00, 0x00, 0x00, 0xa6, 0xb8, 0x98, 0x00, 0x00,
  0x00, 0x00, 0x00, 0x00, 0x00, 0x00, 0x59, 0xb8, 0xb8, 0x4a, 0x00, 0x00,
  0x00, 0x00, 0x00, 0x00, 0x00, 0x00, 0x00, 0x00, 0x00, 0x00, 0x00, 0x00,
  0x00, 0x00, 0x00, 0x7c, 0x7f, 0x49, 0x01, 0x00, 0x00, 0x00, 0x00, 0x00,
  0xe4, 0xff, 0xff, 0xff, 0xff, 0xff, 0xff, 0xff, 0x14, 0x00, 0x00, 0x00,
  0x00, 0x05, 0xf1, 0xff, 0xdf, 0x00, 0x00, 0x00, 0x00, 0x00, 0x00, 0xe4,
  0xff, 0xff, 0xff, 0xff, 0xff, 0xff, 0xff, 0x43, 0x5c, 0x5c, 0x5c, 0x5c,
  0x7f, 0xff, 0xff, 0xc5, 0x5c, 0x5c, 0x5c, 0x5c, 0x47, 0x00, 0x87, 0x98,
  0xc1, 0xff, 0xff, 0xb7, 0x98, 0x98, 0x8f, 0xff, 0xff, 0xff, 0xff, 0xff,
  0xff, 0xff, 0xff, 0xff, 0xff, 0xff, 0xff, 0xc8, 0x00, 0x00, 0x00, 0x88,
  0xff, 0xff, 0x2e, 0x00, 0x00, 0x84, 0xff, 0xff, 0xff, 0xff, 0xff, 0xff,
  0xff, 0xff, 0xff, 0xff, 0xff, 0xff, 0xc8, 0x00, 0x00, 0x00, 0xb8, 0xff,
  0xfa, 0x05, 0x00, 0x00, 0x84, 0xff, 0xe8, 0x00, 0xb7, 0xff, 0xff, 0x55,
  0x1c, 0x5a, 0x00, 0xc4, 0xff, 0xc8, 0x00, 0x00, 0x01, 0xea, 0xff, 0xcd,
  0x00, 0x00, 0x00, 0x60, 0xbc, 0xaa, 0x66, 0xff, 0xff, 0xc4, 0x6f, 0xfe,
  0xff, 0x47, 0x7f, 0xa2, 0x7b, 0x00, 0x00, 0x30, 0xff, 0xff, 0x91, 0x00,
  0x00, 0x00, 0x00, 0x00, 0x3f, 0xf9, 0xff, 0xff, 0x7d, 0x71, 0xff, 0xff,
  0xca, 0x54, 0x54, 0x23, 0x00, 0x00, 0x75, 0xff, 0xff, 0xaa, 0x74, 0x74,
  0x74, 0x05, 0x48, 0xf5, 0xff, 0xff, 0xff, 0xff, 0xff, 0xff, 0xff, 0xff,
  0xff, 0xff, 0x6c, 0x00, 0x00, 0xcd, 0xff, 0xff, 0xff, 0xff, 0xff, 0xff,
  0x8d, 0xfd, 0xff, 0xff, 0xff, 0xff, 0xff, 0xff, 0xff, 0xff, 0xff, 0xff,
  0xff, 0x6c, 0x00, 0x31, 0xff, 0xff, 0xff, 0xff, 0xff, 0xff, 0xff, 0xfd,
  0xff, 0xff, 0xff, 0xff, 0x0c, 0x00, 0x44, 0xff, 0xff, 0x60, 0x00, 0x00,
  0x00, 0x00, 0xa8, 0xff, 0xff, 0xff, 0x10, 0x68, 0xff, 0xff, 0xa2, 0xff,
  0xff, 0xff, 0xff, 0x0c, 0x00, 0x44, 0xff, 0xff, 0x60, 0x00, 0x00, 0x00,
  0x40, 0xff, 0xff, 0xff, 0xff, 0x10, 0x68, 0xff, 0xff, 0x29, 0xca, 0xc2,
  0xff, 0xff, 0xff, 0xff, 0xff, 0xff, 0xff, 0xff, 0xff, 0xff, 0x1c, 0x53,
  0xff, 0xff, 0xff, 0xff, 0x10, 0x68, 0xff, 0xff, 0x0c, 0x00, 0xa4, 0xff,
  0xff, 0xff, 0xff, 0xff, 0xff, 0xff, 0xff, 0xff, 0xff, 0x1c, 0x00, 0xc3,
  0xfb, 0xff, 0xff, 0x10, 0x68, 0xff, 0xff, 0x0c, 0x00, 0xa4, 0xff, 0xff,
  0x3d, 0x34, 0x6a, 0xff, 0xff, 0x80, 0x34, 0x34, 0x05, 0x00, 0x45, 0x87,
  0xff, 0xff, 0x10, 0x68, 0xff, 0xff, 0x0c, 0x00, 0xa4, 0xff, 0xff, 0x0c,
  0x00, 0x44, 0xff, 0xff, 0x60, 0x00, 0x00, 0x00, 0x00, 0x00, 0x50, 0xff,
  0xff, 0x10, 0x68, 0xff, 0xff, 0x0c, 0x00, 0xa4, 0xff, 0xff, 0xff, 0xff,
  0xff, 0xff, 0xff, 0xff, 0xff, 0xff, 0x1c, 0x00, 0x00, 0x50, 0xff, 0xff,
  0x71, 0xa5, 0xff, 0xff, 0x0c, 0x00, 0xa4, 0xff, 0xff, 0xff, 0xff, 0xff,
  0xff, 0xff, 0xff, 0xff, 0xff, 0x1c, 0x00, 0x00, 0x50, 0xff, 0xff, 0xff,
  0xff, 0xff, 0xff, 0x0c, 0x00, 0xa4, 0xff, 0xff, 0x0c, 0x00, 0x44, 0xff,
  0xff, 0x60, 0x00, 0x00, 0x00, 0x00, 0x00, 0x50, 0xff, 0xff, 0xff, 0xff,
  0xff, 0xff, 0x0c, 0x00, 0xa4, 0xff, 0xff, 0x54, 0x4c, 0x7b, 0xff, 0xff,
  0x8f, 0x4c, 0x4c, 0x49, 0x00, 0x00, 0x50, 0xff, 0xff, 0x10, 0x00, 0x00,
  0x00, 0x00, 0x00, 0xa4, 0xff, 0xff, 0xff, 0xff, 0xff, 0xff, 0xff, 0xff,
  0xff, 0xff, 0xf8, 0x00, 0x00, 0x2e, 0x94, 0x94, 0x09, 0x00, 0x00, 0x00,
  0x00, 0x00, 0xa4, 0xff, 0xff, 0xff, 0xff, 0xff, 0xff, 0xff, 0xff, 0xff,
  0xff, 0xf8, 0x00, 0x00, 0x00, 0x00, 0x00, 0x00, 0x00, 0x00, 0x00, 0x00,
  0x00, 0x6e, 0xac, 0xac, 0x08, 0x00, 0x00, 0x00, 0x00, 0x00, 0x00, 0x00,
  0x00, 0x00, 0x00, 0x00, 0x60, 0xff, 0xff, 0xff, 0xff, 0xff, 0xff, 0xff,
  0xff, 0xff, 0xff, 0xff, 0xff, 0xff, 0xff, 0xff, 0xff, 0x8c, 0x00, 0x00,
  0x00, 0x00, 0x00, 0x00, 0x60, 0xff, 0xff, 0xff, 0xff, 0xff, 0xff, 0xff,
  0xff, 0xff, 0xff, 0xff, 0xff, 0xff, 0xff, 0xff, 0xff, 0x8c, 0x00, 0x00,
  0x00, 0x00, 0x00, 0x00, 0x51, 0xd8, 0xd8, 0xd8, 0xd8, 0xd8, 0xd8, 0xd8,
  0xd8, 0xd8, 0xd8, 0xd8, 0xd8, 0xd8, 0xd8, 0xd8, 0xd8, 0x76, 0x00, 0x00,
  0x00, 0x00, 0x00, 0x00, 0x00, 0x00, 0x00, 0x00, 0x00, 0x00, 0x00, 0x00,
  0x00, 0x00, 0x00, 0x00, 0x00, 0x00, 0x00, 0x00, 0x00, 0x00, 0x00, 0x00,
  0x00, 0x00, 0x00, 0x00, 0x00, 0x00, 0x00, 0x00, 0x00, 0x00, 0x00, 0x00,
  0x00, 0x00, 0x00, 0x00, 0x00, 0x00, 0x00, 0x00, 0x00, 0x00, 0x00, 0x00,
  0x00, 0x00, 0x00, 0x00, 0x00, 0x00, 0x00, 0x00, 0x00, 0x00, 0x00, 0x00,
  0x00, 0x00, 0x00, 0x00, 0x00, 0x00, 0x00, 0x00, 0x00, 0x00, 0x00, 0x00,
  0x00, 0x00, 0x00, 0x00, 0x00, 0x00, 0x00, 0x00, 0x00, 0x00, 0x00, 0x00,
  0x00, 0x00, 0x00, 0x00, 0x00, 0x00, 0x00, 0x00, 0x00, 0x00, 0x00, 0x00,
  0x00, 0x00, 0x75, 0xcc, 0xcc, 0xcc, 0xcc, 0xcc, 0xcc, 0xcc, 0xcc, 0xcc,
  0xcc, 0xcc, 0xcc, 0xcc, 0xcc, 0xcc, 0xcc, 0xcc, 0xcc, 0xcc, 0xcc, 0x99,
  0x00, 0x00, 0x94, 0xff, 0xff, 0xff, 0xff, 0xff, 0xff, 0xff, 0xff, 0xff,
  0xff, 0xff, 0xff, 0xff, 0xff, 0xff, 0xff, 0xff, 0xff, 0xff, 0xff, 0xc0,
  0x00, 0x00, 0x94, 0xff, 0xff, 0xff, 0xff, 0xff, 0xff, 0xff, 0xff, 0xff,
  0xff, 0xff, 0xff, 0xff, 0xff, 0xff, 0xff, 0xff, 0xff, 0xff, 0xff, 0xc0,
  0x00, 0x00, 0x00, 0x00, 0x00, 0x00, 0x00, 0x00, 0x00, 0x00, 0x00, 0x9c,
  0xff, 0xff, 0x6c, 0x00, 0x00, 0x00, 0x00, 0x00, 0x00, 0x00, 0x00, 0x00,
  0x00, 0x00, 0x00, 0x00, 0x00, 0x11, 0x1a, 0x00, 0x00, 0x00, 0x00, 0x9c,
  0xff, 0xff, 0x6c, 0x00, 0x00, 0x00, 0x00, 0x2e, 0x23, 0x00, 0x00, 0x00,
  0x00, 0x00, 0x00, 0x00, 0x00, 0x8b, 0xff, 0xd8, 0x79, 0x00, 0x00, 0x9c,
  0xff, 0xff, 0x6c, 0x00, 0x00, 0x39, 0xc5, 0xff, 0xcd, 0x05, 0x00, 0x00,
  0x00, 0x00, 0x00, 0x00, 0x0f, 0xee, 0xff, 0xff, 0x64, 0x00, 0x00, 0x9c,
  0xff, 0xff, 0x6c, 0x00, 0x00, 0x1a, 0xf0, 0xff, 0xff, 0x85, 0x00, 0x00,
  0x00, 0x00, 0x00, 0x00, 0x90, 0xff, 0xff, 0xe3, 0x06, 0x00, 0x00, 0x9c,
  0xff, 0xff, 0x6c, 0x00, 0x00, 0x00, 0x65, 0xff, 0xff, 0xfb, 0x2b, 0x00,
  0x00, 0x00, 0x00, 0x38, 0xfb, 0xff, 0xff, 0x61, 0x00, 0x00, 0x00, 0x9c,
  0xff, 0xff, 0x6c, 0x00, 0x00, 0x00, 0x00, 0xc9, 0xff, 0xff, 0xc0, 0x00,
  0x00, 0x00, 0x15, 0xe2, 0xff, 0xff, 0xba, 0x00, 0x00, 0x00, 0x00, 0x9c,
  0xff, 0xff, 0x6c, 0x00, 0x00, 0x00, 0x00, 0x3e, 0xff, 0xff, 0xff, 0x53,
  0x00, 0x13, 0xd1, 0xff, 0xff, 0xf1, 0x1f, 0x00, 0x00, 0x00, 0x00, 0x9c,
  0xff, 0xff, 0x6c, 0x00, 0x00, 0x00, 0x00, 0x00, 0xb5, 0xff, 0xff, 0xd0,
  0x00, 0x10, 0x94, 0xfd, 0xfe, 0x52, 0x00, 0x00, 0x00, 0x00, 0x00, 0x9c,
  0xff, 0xff, 0x6c, 0x00, 0x00, 0x00, 0x00, 0x00, 0x3f, 0xff, 0xfc, 0xaf,
  0x0c, 0x00, 0x00, 0x3b, 0x65, 0x00, 0x00, 0x00, 0x00, 0x00, 0x00, 0x9c,
  0xff, 0xff, 0x6c, 0x00, 0x00, 0x00, 0x00, 0x00, 0x00, 0x7b, 0x1f, 0x00,
  0x00, 0x00, 0x00, 0x00, 0x00, 0x00, 0x00, 0x00, 0x00, 0x00, 0x00, 0x9c,
  0xff, 0xff, 0x6c, 0x00, 0x00, 0x00, 0x00, 0x00, 0x00, 0x00, 0x00, 0x00,
  0x00, 0x00, 0x00, 0x00, 0x00, 0x00, 0x00, 0x00, 0x00, 0x00, 0x00, 0x61,
  0xa0, 0xa0, 0x43, 0x00, 0x00, 0x00, 0x00, 0x00, 0x00, 0x00, 0x00, 0x00,
  0x00, 0x00, 0x00, 0x00, 0x00, 0x00, 0x00, 0x00, 0x0b, 0x4a, 0x00, 0x00,
  0x00, 0x00, 0x00, 0x11, 0xbc, 0xbc, 0x78, 0x00, 0x00, 0x00, 0x00, 0x00,
  0x00, 0x00, 0x00, 0x00, 0x05, 0x31, 0x6c, 0xb2, 0xf5, 0xff, 0x61, 0x00,
  0x00, 0x00, 0x00, 0x18, 0xff, 0xff, 0xa4, 0x00, 0x00, 0x00, 0x00, 0x00,
  0x00, 0x00, 0x86, 0xc9, 0xf8, 0xff, 0xff, 0xff, 0xff, 0xff, 0xf2, 0x1a,
  0x00, 0x00, 0x00, 0x18, 0xff, 0xff, 0xa4, 0x00, 0x00, 0x00, 0x00, 0x00,
  0x00, 0x00, 0x96, 0xff, 0xff, 0xff, 0xff, 0xff, 0xbd, 0x72, 0x27, 0x00,
  0x00, 0x00, 0x00, 0x18, 0xff, 0xff, 0xa4, 0x00, 0x00, 0x08, 0x00, 0x00,
  0x00, 0x00, 0x38, 0x9a, 0x74, 0xb1, 0xff, 0xff, 0x38, 0x00, 0x00, 0x00,
  0x56, 0x66, 0x38, 0x19, 0xff, 0xff, 0xa4, 0x41, 0xb3, 0xf4, 0x1d, 0x00,
  0x00, 0x00, 0x00, 0x00, 0x00, 0x88, 0xff, 0xff, 0x38, 0x00, 0x00, 0x00,
  0xbe, 0xff, 0xf0, 0x18, 0xff, 0xff, 0xa4, 0x52, 0xff, 0xff, 0x8c, 0x00,
  0x00, 0x00, 0x00, 0x00, 0x00, 0x88, 0xff, 0xff, 0x38, 0x00, 0x00, 0x00,
  0xe5, 0xff, 0xc7, 0x18, 0xff, 0xff, 0xa4, 0x03, 0xe3, 0xff, 0xef, 0x07,
  0x00, 0x24, 0xff, 0xff, 0xff, 0xff, 0xff, 0xff, 0xff, 0xff, 0xff, 0x4b,
  0xff, 0xff, 0x9b, 0x18, 0xff, 0xff, 0xa4, 0x00, 0x86, 0xff, 0xff, 0x57,
  0x00, 0x24, 0xff, 0xff, 0xff, 0xff, 0xff, 0xff, 0xff, 0xff, 0xff, 0x84,
  0xff, 0xff, 0x62, 0x18, 0xff, 0xff, 0xa4, 0x00, 0x2b, 0xff, 0xff, 0xb2,
  0x00, 0x16, 0xa0, 0xa0, 0xa1, 0xfe, 0xff, 0xff, 0xb5, 0xa0, 0xa0, 0xae,
  0xff, 0xff, 0x25, 0x18, 0xff, 0xff, 0xa4, 0x00, 0x00, 0xd8, 0xff, 0xf5,
  0x07, 0x00, 0x00, 0x00, 0x4a, 0xff, 0xff, 0xff, 0xb7, 0x05, 0x00, 0xdd,
  0xff, 0xe2, 0x00, 0x18, 0xff, 0xff, 0xa4, 0x00, 0x00, 0x99, 0xf0, 0x9e,
  0x13, 0x00, 0x00, 0x00, 0xb4, 0xff, 0xff, 0xff, 0xff, 0xa6, 0x09, 0x8d,
  0xf0, 0x92, 0x00, 0x18, 0xff, 0xff, 0xa4, 0x00, 0x00, 0x18, 0x07, 0x00,
  0x00, 0x00, 0x00, 0x32, 0xfe, 0xff, 0xff, 0xff, 0xff, 0xff, 0x87, 0x00,
  0x10, 0x1c, 0x00, 0x18, 0xff, 0xff, 0xa4, 0x00, 0x6b, 0xc8, 0x7f, 0x20,
  0x00, 0x00, 0x00, 0xbc, 0xff, 0xff, 0xff, 0xff, 0xbc, 0xff, 0xf7, 0x16,
  0x00, 0x00, 0x00, 0x18, 0xff, 0xff, 0xa4, 0x04, 0xe0, 0xff, 0xfe, 0x2a,
  0x00, 0x00, 0x52, 0xff, 0xff, 0xcc, 0xff, 0xff, 0x42, 0xe6, 0x68, 0x00,
  0x00, 0x00, 0x00, 0x18, 0xff, 0xff, 0xa4, 0x74, 0xff, 0xff, 0xb7, 0x00,
  0x00, 0x1c, 0xe9, 0xff, 0xc7, 0x88, 0xff, 0xff, 0x38, 0x35, 0x00, 0x00,
  0x00, 0x00, 0x00, 0x01, 0x10, 0x10, 0x45, 0xfb, 0xff, 0xfd, 0x3a, 0x00,
  0x00, 0x34, 0xfe, 0xff, 0x49, 0x88, 0xff, 0xff, 0x38, 0x00, 0x00, 0x00,
  0x00, 0x00, 0x00, 0x00, 0x00, 0x43, 0xee, 0xff, 0xff, 0x87, 0x00, 0x00,
  0x00, 0x00, 0xab, 0xba, 0x00, 0x88, 0xff, 0xff, 0x38, 0x00, 0x00, 0x00,
  0x00, 0x00, 0x00, 0x09, 0x7b, 0xfb, 0xff, 0xff, 0xc1, 0x05, 0x00, 0x00,
  0x00, 0x00, 0x35, 0x1f, 0x00, 0x88, 0xff, 0xff, 0x38, 0x00, 0x00, 0x00,
  0x00, 0x15, 0x6d, 0xe3, 0xff, 0xff, 0xff, 0xb5, 0x09, 0x00, 0x00, 0x00,
  0x00, 0x00, 0x00, 0x00, 0x00, 0x88, 0xff, 0xff, 0x38, 0x0a, 0x40, 0x79,
  0xba, 0xfb, 0xff, 0xff, 0xff, 0xf9, 0x83, 0x04, 0x00, 0x00, 0x00, 0x00,
  0x00, 0x00, 0x00, 0x00, 0x00, 0x88, 0xff, 0xff, 0x38, 0x1a, 0xec, 0xff,
  0xff, 0xff, 0xff, 0xfd, 0xb1, 0x27, 0x00, 0x00, 0x00, 0x00, 0x00, 0x00,
  0x00, 0x00, 0x00, 0x00, 0x00, 0x88, 0xff, 0xff, 0x38, 0x00, 0x6f, 0xff,
  0xff, 0xdb, 0x85, 0x1f, 0x00, 0x00, 0x00, 0x00, 0x00, 0x00, 0x00, 0x00,
  0x00, 0x00, 0x00, 0x00, 0x00, 0x59, 0xa8, 0xa8, 0x24, 0x00, 0x0a, 0x6b,
  0x23, 0x00, 0x00, 0x00, 0x00, 0x00, 0x00, 0x00, 0x00, 0x00, 0x00, 0x00,
  0x00, 0x00, 0x00, 0x00, 0x00, 0x00, 0x00, 0x00, 0x00, 0x08, 0x51, 0x99,
  0xa9, 0x00, 0x00, 0x00, 0x00, 0x00, 0x00, 0x00, 0x00, 0x00, 0x00, 0x00,
  0x00, 0x00, 0x00, 0x00, 0x00, 0x00, 0x00, 0x11, 0xfb, 0xff, 0xfe, 0x1c,
  0x00, 0x00, 0x00, 0x00, 0x00, 0x00, 0x00, 0x00, 0x00, 0x00, 0x00, 0x00,
  0x00, 0x00, 0x00, 0x00, 0x00, 0x00, 0xc1, 0xff, 0xff, 0x6d, 0x00, 0x00,
  0x00, 0x00, 0x00, 0x00, 0x00, 0x00, 0x00, 0x00, 0x00, 0x00, 0x00, 0x00,
  0x00, 0x00, 0x00, 0x00, 0x78, 0xff, 0xff, 0xb5, 0x00, 0x00, 0x00, 0x00,
  0x00, 0x00, 0x00, 0x00, 0x00, 0x00, 0x00, 0x00, 0x00, 0x00, 0x00, 0x00,
  0x00, 0x00, 0x3a, 0xff, 0xd2, 0x74, 0x00, 0x00, 0x00, 0x00, 0x00, 0x00,
  0x00, 0x00, 0x00, 0x00, 0xa5, 0xd0, 0xd0, 0xd0, 0xd0, 0xd0, 0xd0, 0xd0,
  0xd4, 0xef, 0xd0, 0xd0, 0xd0, 0xd0, 0xd0, 0xd0, 0xd0, 0xd0, 0xd0, 0xb9,
  0x00, 0x00, 0xcc, 0xff, 0xff, 0xff, 0xff, 0xff, 0xff, 0xff, 0xff, 0xff,
  0xff, 0xff, 0xff, 0xff, 0xff, 0xff, 0xff, 0xff, 0xff, 0xe4, 0x00, 0x00,
  0xcc, 0xff, 0xff, 0xff, 0xff, 0xff, 0xff, 0xff, 0xff, 0xff, 0xff, 0xff,
  0xff, 0xff, 0xff, 0xff, 0xff, 0xff, 0xff, 0xe4, 0x00, 0x00, 0x00, 0x00,
  0x00, 0x00, 0x03, 0x32, 0x08, 0x00, 0x00, 0x00, 0x00, 0x00, 0x00, 0x02,
  0x27, 0x02, 0x00, 0x00, 0x00, 0x00, 0x00, 0x00, 0x00, 0x00, 0x00, 0x8d,
  0xf2, 0xff, 0x4b, 0x00, 0x00, 0x00, 0x00, 0x00, 0x00, 0x31, 0xff, 0xf4,
  0xc6, 0x15, 0x00, 0x00, 0x00, 0x00, 0x00, 0x00, 0x00, 0x83, 0xff, 0xff,
  0x94, 0x00, 0x00, 0x00, 0x00, 0x00, 0x00, 0x6d, 0xff, 0xff, 0xe0, 0x00,
  0x00, 0x00, 0x00, 0x00, 0x00, 0x00, 0x00, 0x40, 0xff, 0xff, 0xdc, 0x00,
  0x00, 0x00, 0x00, 0x00, 0x00, 0xa9, 0xff, 0xff, 0x95, 0x00, 0x00, 0x00,
  0x00, 0x00, 0x00, 0x00, 0x00, 0x07, 0xf7, 0xff, 0xff, 0x1c, 0x00, 0x00,
  0x00, 0x00, 0x01, 0xe7, 0xff, 0xff, 0x48, 0x00, 0x00, 0x00, 0x00, 0x00,
  0x00, 0x00, 0x00, 0x00, 0xc4, 0xff, 0xff, 0x5a, 0x00, 0x00, 0x00, 0x00,
  0x35, 0xff, 0xff, 0xf0, 0x06, 0x00, 0x00, 0x00, 0x00, 0x00, 0x00, 0x00,
  0x00, 0x00, 0x8a, 0xff, 0xff, 0x97, 0x00, 0x00, 0x00, 0x00, 0x82, 0xff,
  0xff, 0xa2, 0x00, 0x00, 0x00, 0x00, 0x00, 0x00, 0x00, 0x00, 0x00, 0x00,
  0x50, 0xff, 0xff, 0xd1, 0x00, 0x00, 0x00, 0x00, 0xce, 0xff, 0xff, 0x4d,
  0x00, 0x00, 0x00, 0x00, 0x00, 0x00, 0x00, 0x00, 0x00, 0x00, 0x1f, 0xff,
  0xff, 0xfc, 0x09, 0x00, 0x00, 0x23, 0xff, 0xff, 0xef, 0x07, 0x00, 0x00,
  0x00, 0x00, 0x00, 0x00, 0x00, 0x00, 0x00, 0x00, 0x00, 0xf4, 0xff, 0xf0,
  0x25, 0x00, 0x00, 0x7d, 0xff, 0xff, 0x99, 0x00, 0x00, 0x00, 0x00, 0x00,
  0x00, 0x00, 0x00, 0x00, 0x00, 0x00, 0x00, 0x5f, 0x34, 0x03, 0x00, 0x00,
  0x01, 0xde, 0xff, 0xff, 0x37, 0x00, 0x00, 0x00, 0x00, 0x00, 0x00, 0xcb,
  0xe8, 0xe8, 0xe8, 0xe8, 0xe8, 0xe8, 0xe8, 0xe8, 0xe8, 0xe8, 0xea, 0xff,
  0xff, 0xff, 0xe8, 0xe8, 0xe8, 0xe8, 0xe8, 0xe8, 0xce, 0xe0, 0xff, 0xff,
  0xff, 0xff, 0xff, 0xff, 0xff, 0xff, 0xff, 0xff, 0xff, 0xff, 0xff, 0xff,
  0xff, 0xff, 0xff, 0xff, 0xff, 0xff, 0xe4, 0xe0, 0xff, 0xff, 0xff, 0xff,
  0xff, 0xff, 0xff, 0xff, 0xff, 0xff, 0xff, 0xff, 0xff, 0xff, 0xff, 0xff,
  0xff, 0xff, 0xff, 0xff, 0xe4, 0x00, 0x00, 0x00, 0x03, 0xb5, 0xad, 0x5e,
  0x00, 0x00, 0x00, 0x00, 0x00, 0x00, 0x1a, 0xc2, 0x87, 0x30, 0x00, 0x00,
  0x00, 0x00, 0x00, 0x00, 0x00, 0x00, 0x00, 0x00, 0x74, 0xff, 0xff, 0xff,
  0xff, 0xff, 0xff, 0xff, 0xb8, 0x00, 0xae, 0xff, 0xff, 0xff, 0xff, 0xff,
  0xff, 0xff, 0xff, 0xff, 0x10, 0x00, 0x00, 0x41, 0xfb, 0xff, 0xff, 0xff,
  0xff, 0xff, 0xff, 0xff, 0xb8, 0x88, 0xff, 0xff, 0xff, 0xff, 0xff, 0xff,
  0xff, 0xff, 0xff, 0xff, 0x10, 0x00, 0x3f, 0xf3, 0xff, 0xd6, 0x3c, 0xac,
  0xff, 0x95, 0x3c, 0x3d, 0xbd, 0xff, 0xff, 0xe0, 0x3d, 0x79, 0xfa, 0xf8,
  0x58, 0x3c, 0x3c, 0x3c, 0x03, 0x09, 0xe1, 0xff, 0xfc, 0x37, 0x0f, 0xe7,
  0xff, 0xf7, 0x2f, 0x01, 0x7f, 0xff, 0xfe, 0x48, 0x00, 0x6c, 0xff, 0xff,
  0xcf, 0x08, 0x00, 0x00, 0x00, 0x00, 0x27, 0xea, 0x6e, 0x00, 0x00, 0x3e,
  0xfd, 0xfc, 0x57, 0x26, 0x3c, 0xa3, 0x90, 0x00, 0x00, 0x00, 0x99, 0xff,
  0xaa, 0x0c, 0x00, 0x00, 0x00, 0x00, 0x00, 0x1c, 0x00, 0x03, 0x04, 0x04,
  0x8e, 0x59, 0x04, 0x85, 0xff, 0xff, 0x66, 0x04, 0x04, 0x04, 0x0d, 0x65,
  0x04, 0x01, 0x00, 0x00, 0x00, 0x00, 0x00, 0x00, 0x00, 0xfc, 0xff, 0xff,
  0xff, 0xff, 0xff, 0xff, 0xff, 0xff, 0xff, 0xff, 0xff, 0xff, 0xff, 0xff,
  0xff, 0x74, 0x00, 0x00, 0x00, 0x00, 0x00, 0x00, 0x00, 0xfc, 0xff, 0xff,
  0xff, 0xff, 0xff, 0xff, 0xff, 0xff, 0xff, 0xff, 0xff, 0xff, 0xff, 0xff,
  0xff, 0x74, 0x00, 0x00, 0x00, 0x00, 0x00, 0x00, 0x00, 0x00, 0x00, 0x00,
  0x00, 0x00, 0x00, 0x84, 0xff, 0xff, 0x64, 0x00, 0x00, 0x00, 0x80, 0xff,
  0xff, 0x74, 0x00, 0x00, 0x00, 0x00, 0xe0, 0xff, 0xff, 0xff, 0xff, 0xff,
  0xff, 0xff, 0xff, 0xff, 0xff, 0xff, 0xff, 0xff, 0xff, 0xff, 0xff, 0xff,
  0xff, 0xff, 0xff, 0xec, 0x00, 0x00, 0xe0, 0xff, 0xff, 0xff, 0xff, 0xff,
  0xff, 0xff, 0xff, 0xff, 0xff, 0xff, 0xff, 0xff, 0xff, 0xff, 0xff, 0xff,
  0xff, 0xff, 0xff, 0xec, 0x00, 0x00, 0x0e, 0x10, 0x10, 0x10, 0x10, 0x10,
  0x10, 0x10, 0x10, 0x8b, 0xff, 0xff, 0x6d, 0x10, 0x10, 0x10, 0x88, 0xff,
  0xff, 0x7c, 0x10, 0x0e, 0x00, 0x00, 0x00, 0x00, 0x3c, 0xff, 0xff, 0xff,
  0xff, 0xff, 0xff, 0xff, 0xff, 0xff, 0xff, 0xff, 0xff, 0xff, 0xff, 0xff,
  0xff, 0x74, 0x00, 0x00, 0x00, 0x00, 0x00, 0x00, 0x3c, 0xff, 0xff, 0xff,
  0xff, 0xff, 0xff, 0xff, 0xff, 0xff, 0xff, 0xff, 0xff, 0xff, 0xff, 0xff,
  0xff, 0x74, 0x00, 0x00, 0x00, 0x00, 0x00, 0x00, 0x07, 0x20, 0x20, 0x20,
  0x20, 0x20, 0x20, 0x93, 0xff, 0xff, 0x77, 0x20, 0x20, 0x20, 0x20, 0x20,
  0x20, 0x0e, 0x00, 0x00, 0x00, 0x00, 0x00, 0x00, 0xe8, 0xff, 0xff, 0xff,
  0xff, 0xff, 0xff, 0xff, 0xff, 0xff, 0xff, 0xff, 0xff, 0xff, 0xff, 0xff,
  0xff, 0xf4, 0x00, 0x00, 0x00, 0x00, 0x00, 0x00, 0xe8, 0xff, 0xff, 0xff,
  0xff, 0xff, 0xff, 0xff, 0xff, 0xff, 0xff, 0xff, 0xff, 0xff, 0xff, 0xff,
  0xff, 0xf4, 0x00, 0x00, 0x00, 0x00, 0x0c, 0x20, 0x3d, 0x40, 0x40, 0x40,
  0x40, 0x40, 0x40, 0xa3, 0xff, 0xff, 0x8b, 0x40, 0x40, 0x40, 0x40, 0x40,
  0x40, 0x3e, 0x20, 0x0f, 0x00, 0x00, 0x64, 0xff, 0xff, 0xff, 0xff, 0xff,
  0xff, 0xff, 0xff, 0xff, 0xff, 0xff, 0xff, 0xff, 0xff, 0xff, 0xff, 0xff,
  0xff, 0xff, 0xff, 0x7c, 0x00, 0x00, 0x64, 0xff, 0xff, 0xff, 0xff, 0xff,
  0xff, 0xff, 0xff, 0xff, 0xff, 0xff, 0xff, 0xff, 0xff, 0xff, 0xff, 0xff,
  0xff, 0xff, 0xff, 0x7c, 0x00, 0x00, 0x00, 0x00, 0x00, 0x00, 0x00, 0x00,
  0x00, 0x00, 0x00, 0x84, 0xff, 0xff, 0x64, 0x00, 0x00, 0x00, 0x00, 0x00,
  0x00, 0x00, 0x00, 0x00, 0x00, 0x00, 0x00, 0x00, 0x00, 0x00, 0x00, 0x00,
  0x00, 0x00, 0x00, 0x56, 0xa8, 0xa8, 0x41, 0x00, 0x00, 0x00, 0x00, 0x00,
  0x00, 0x00, 0x00, 0x00, 0x00, 0x00, 0x00, 0x00, 0x00, 0xa6, 0xab, 0x80,
  0x07, 0x00, 0x00, 0x00, 0x00, 0x00, 0x0b, 0xc5, 0xa9, 0x78, 0x00, 0x00,
  0x00, 0x00, 0x00, 0x00, 0x00, 0x00, 0x00, 0x40, 0xff, 0xff, 0xff, 0xff,
  0xff, 0xff, 0xff, 0xe0, 0x00, 0x57, 0xff, 0xff, 0xff, 0xff, 0xff, 0xff,
  0xff, 0xff, 0xfc, 0x00, 0x00, 0x04, 0xd2, 0xff, 0xff, 0xff, 0xff, 0xff,
  0xff, 0xff, 0xe0, 0x00, 0xc4, 0xff, 0xff, 0xff, 0xff, 0xff, 0xff, 0xff,
  0xff, 0xfc, 0x00, 0x00, 0x89, 0xff, 0xff, 0xb0, 0x84, 0xfd, 0xb0, 0x74,
  0x74, 0x65, 0x42, 0xff, 0xff, 0xc4, 0x76, 0xe3, 0xff, 0x9a, 0x74, 0x74,
  0x72, 0x00, 0x60, 0xff, 0xff, 0xf7, 0x1b, 0xb9, 0xff, 0xe8, 0x16, 0x00,
  0x08, 0xd8, 0xff, 0xfd, 0x2c, 0x69, 0xff, 0xff, 0xe8, 0x23, 0x00, 0x00,
  0x0e, 0xec, 0xff, 0xff, 0x94, 0x14, 0xec, 0xff, 0xff, 0xa7, 0x00, 0xa5,
  0xff, 0xff, 0x92, 0x00, 0x01, 0x9f, 0xff, 0xc2, 0x14, 0x00, 0x00, 0x00,
  0x4a, 0xfe, 0xf3, 0x17, 0x00, 0x56, 0xff, 0xff, 0x7b, 0x00, 0x63, 0xfc,
  0xff, 0xa4, 0x98, 0x98, 0x9c, 0xf5, 0x9e, 0x98, 0x98, 0x1e, 0x00, 0x00,
  0xaa, 0xa8, 0x3c, 0x3c, 0x3c, 0xd3, 0xd0, 0x3c, 0x3c, 0x30, 0x58, 0xfd,
  0xff, 0xff, 0xff, 0xff, 0xff, 0xff, 0xff, 0xff, 0x34, 0x00, 0x00, 0x98,
  0xff, 0xff, 0xff, 0xff, 0xff, 0xff, 0xff, 0xff, 0xd0, 0x00, 0xf0, 0xff,
  0xff, 0xff, 0xff, 0xff, 0xff, 0xff, 0xff, 0x34, 0x00, 0x00, 0x98, 0xff,
  0xff, 0xff, 0xff, 0xff, 0xff, 0xff, 0xff, 0xd0, 0x00, 0xf0, 0xff, 0xc0,
  0x00, 0x00, 0x00, 0x84, 0xff, 0xff, 0x34, 0x00, 0x00, 0x98, 0xff, 0xff,
  0x0b, 0x08, 0x08, 0x08, 0xdd, 0xff, 0xd0, 0x00, 0xf0, 0xff, 0xc0, 0x00,
  0x00, 0x00, 0x84, 0xff, 0xff, 0x34, 0x00, 0x00, 0x98, 0xff, 0xff, 0xff,
  0xff, 0xff, 0xff, 0xff, 0xff, 0xd0, 0x00, 0xf0, 0xff, 0xc0, 0x00, 0x00,
  0x00, 0x84, 0xff, 0xff, 0x34, 0x00, 0x00, 0x98, 0xff, 0xff, 0xff, 0xff,
  0xff, 0xff, 0xff, 0xff, 0xd0, 0x00, 0xf0, 0xff, 0xc0, 0x00, 0x00, 0x00,
  0x84, 0xff, 0xff, 0x34, 0x00, 0x00, 0x98, 0xff, 0xff, 0x23, 0x20, 0x20,
  0x20, 0xe0, 0xff, 0xd0, 0x00, 0xf0, 0xff, 0xc0, 0x00, 0x00, 0x00, 0x84,
  0xff, 0xff, 0x34, 0x00, 0x00, 0x98, 0xff, 0xff, 0xff, 0xff, 0xff, 0xff,
  0xff, 0xff, 0xd0, 0x00, 0xf0, 0xff, 0xc0, 0x00, 0x00, 0x00, 0x84, 0xff,
  0xff, 0x34, 0x00, 0x00, 0x98, 0xff, 0xff, 0xff, 0xff, 0xff, 0xff, 0xff,
  0xff, 0xd0, 0x00, 0xf0, 0xff, 0xc0, 0x00, 0x00, 0x00, 0x84, 0xff, 0xff,
  0x34, 0x00, 0x00, 0x98, 0xff, 0xff, 0x04, 0x00, 0x30, 0x9f, 0xbd, 0x04,
  0x00, 0x00, 0xf0, 0xff, 0xc0, 0x00, 0x00, 0x00, 0x8d, 0xff, 0xff, 0x33,
  0x00, 0x00, 0x98, 0xff, 0xff, 0x04, 0x00, 0x7c, 0xff, 0xff, 0x86, 0x00,
  0x00, 0xf0, 0xff, 0xc0, 0x69, 0xf7, 0xf5, 0xff, 0xff, 0xff, 0x21, 0x00,
  0x00, 0xb0, 0xff, 0xff, 0x1d, 0x4d, 0x85, 0xfe, 0xff, 0xfc, 0x37, 0x00,
  0xf0, 0xff, 0xc0, 0x13, 0xfe, 0xff, 0xff, 0xff, 0xc4, 0x00, 0x00, 0x38,
  0xf9, 0xff, 0xff, 0xff, 0xff, 0xff, 0xff, 0xff, 0xff, 0xd5, 0x04, 0xf0,
  0xff, 0xc0, 0x00, 0x87, 0x96, 0x87, 0x57, 0x06, 0x00, 0x00, 0x3b, 0xfd,
  0xff, 0xff, 0xff, 0xff, 0xdd, 0xa2, 0xb0, 0xff, 0xff, 0x68, 0xf0, 0xff,
  0xc0, 0x00, 0x00, 0x00, 0x00, 0x00, 0x00, 0x00, 0x00, 0x00, 0xa9, 0xdd,
  0x95, 0x56, 0x1a, 0x00, 0x00, 0x0e, 0xd5, 0x6f, 0x07, 0xf0, 0xff, 0xc0,
  0x00, 0x00, 0x00, 0x00, 0x00, 0x00, 0x00, 0x00, 0x00, 0x0c, 0x00, 0x00,
  0x00, 0x00, 0x00, 0x00, 0x00, 0x00, 0x00, 0x00, 0x8a, 0x94, 0x6f, 0x00,
  0x00, 0x00, 0x00, 0x00, 0x00, 0x00, 0x00, 0x00, 0x00, 0x02, 0xb0, 0x87,
  0x36, 0x00, 0x00, 0x00, 0x00, 0x00, 0x00, 0x03, 0xba, 0x8f, 0x44, 0x00,
  0x00, 0x00, 0x00, 0x00, 0x00, 0x00, 0x00, 0x00, 0x00, 0x5c, 0xff, 0xff,
  0xaa, 0x24, 0x24, 0x24, 0x24, 0x19, 0x00, 0x4b, 0xff, 0xff, 0xa5, 0x24,
  0x24, 0x24, 0x24, 0x24, 0x24, 0x00, 0x00, 0x00, 0x14, 0xea, 0xff, 0xff,
  0xff, 0xff, 0xff, 0xff, 0xff, 0xb8, 0x00, 0xca, 0xff, 0xff, 0xff, 0xff,
  0xff, 0xff, 0xff, 0xff, 0xff, 0x04, 0x00, 0x03, 0xbc, 0xff, 0xff, 0xff,
  0xff, 0xff, 0xff, 0xff, 0xff, 0xb8, 0x68, 0xff, 0xff, 0xff, 0xff, 0xff,
  0xff, 0xff, 0xff, 0xff, 0xff, 0x04, 0x04, 0xa6, 0xff, 0xff, 0xb9, 0x25,
  0xe1, 0xff, 0x9a, 0x08, 0x08, 0x3c, 0xf5, 0xff, 0xf0, 0x18, 0x78, 0xff,
  0xf2, 0x41, 0x00, 0x00, 0x00, 0x00, 0x0b, 0xc4, 0xff, 0xe9, 0x19, 0x0e,
  0xcc, 0xff, 0xff, 0x71, 0x00, 0x80, 0xff, 0xff, 0x6a, 0x00, 0x75, 0xff,
  0xff, 0xf6, 0x29, 0x00, 0x00, 0x00, 0x00, 0x11, 0xd0, 0x39, 0x00, 0x00,
  0x16, 0xdf, 0xe1, 0x1f, 0x00, 0x00, 0x62, 0xa9, 0x00, 0x00, 0x00, 0x72,
  0xff, 0x95, 0x01, 0x00, 0x00, 0x00, 0x00, 0x00, 0xb8, 0xff, 0xff, 0xff,
  0xff, 0xff, 0xff, 0xff, 0xff, 0x34, 0x60, 0xff, 0xff, 0xff, 0xff, 0xff,
  0xff, 0xff, 0xff, 0xc0, 0x00, 0x00, 0x00, 0x00, 0xb8, 0xff, 0xf6, 0xc0,
  0xc0, 0xc0, 0xd7, 0xff, 0xff, 0x34, 0x60, 0xff, 0xff, 0xcc, 0xc0, 0xc0,
  0xc0, 0xfb, 0xff, 0xc0, 0x00, 0x00, 0x00, 0x00, 0xb8, 0xff, 0xd8, 0x00,
  0x00, 0x00, 0x5c, 0xff, 0xff, 0x34, 0x60, 0xff, 0xff, 0x30, 0x00, 0x00,
  0x00, 0xec, 0xff, 0xc0, 0x00, 0x00, 0x00, 0x00, 0xb8, 0xff, 0xff, 0xff,
  0xff, 0xff, 0xff, 0xff, 0xff, 0x34, 0x60, 0xff, 0xff, 0xff, 0xff, 0xff,
  0xff, 0xff, 0xff, 0xc0, 0x00, 0x00, 0x00, 0x00, 0xb8, 0xff, 0xe2, 0x40,
  0x40, 0x40, 0x85, 0xff, 0xff, 0x34, 0x60, 0xff, 0xff, 0x64, 0x40, 0x40,
  0x40, 0xf1, 0xff, 0xc0, 0x00, 0x00, 0x00, 0x00, 0xb8, 0xff, 0xf5, 0xbc,
  0xbc, 0xbc, 0xd4, 0xff, 0xff, 0x34, 0x60, 0xff, 0xff, 0xc8, 0xbc, 0xbc,
  0xbc, 0xfa, 0xff, 0xc0, 0x00, 0x00, 0x00, 0x00, 0xb8, 0xff, 0xff, 0xff,
  0xff, 0xff, 0xff, 0xff, 0xff, 0x34, 0x60, 0xff, 0xff, 0xff, 0xff, 0xff,
  0xff, 0xff, 0xff, 0xc0, 0x00, 0x00, 0x00, 0x00, 0xb8, 0xff, 0xd8, 0x00,
  0x00, 0x00, 0x00, 0x00, 0x00, 0x00, 0x00, 0x00, 0x00, 0x00, 0x00, 0x00,
  0x00, 0xec, 0xff, 0xc0, 0x00, 0x00, 0x00, 0x00, 0xb8, 0xff, 0xd8, 0x00,
  0x00, 0x5f, 0xb4, 0xb4, 0xb4, 0xb4, 0xb4, 0xb4, 0xb4, 0xb4, 0x5c, 0x00,
  0x00, 0xec, 0xff, 0xc0, 0x00, 0x00, 0x00, 0x00, 0xb8, 0xff, 0xd8, 0x00,
  0x00, 0x88, 0xff, 0xff, 0xff, 0xff, 0xff, 0xff, 0xff, 0xff, 0x84, 0x00,
  0x00, 0xec, 0xff, 0xc0, 0x00, 0x00, 0x00, 0x00, 0xb8, 0xff, 0xd8, 0x00,
  0x00, 0x88, 0xff, 0xff, 0x3a, 0x34, 0x34, 0x37, 0xff, 0xff, 0x84, 0x00,
  0x00, 0xec, 0xff, 0xc0, 0x00, 0x00, 0x00, 0x00, 0xb8, 0xff, 0xd8, 0x00,
  0x00, 0x88, 0xff, 0xff, 0xff, 0xff, 0xff, 0xff, 0xff, 0xff, 0x84, 0x00,
  0x00, 0xec, 0xff, 0xc0, 0x00, 0x00, 0x00, 0x00, 0xb8, 0xff, 0xd8, 0x00,
  0x00, 0x88, 0xff, 0xff, 0x3a, 0x34, 0x34, 0x37, 0xff, 0xff, 0x84, 0x00,
  0x00, 0xec, 0xff, 0xc0, 0x00, 0x00, 0x00, 0x00, 0xb8, 0xff, 0xd8, 0x00,
  0x00, 0x88, 0xff, 0xff, 0xff, 0xff, 0xff, 0xff, 0xff, 0xff, 0x84, 0x00,
  0x00, 0xec, 0xff, 0xba, 0x00, 0x00, 0x00, 0x00, 0xb8, 0xff, 0xd8, 0x00,
  0x00, 0x72, 0xd8, 0xd8, 0x06, 0x00, 0x00, 0x00, 0x00, 0x00, 0x64, 0x58,
  0x5d, 0xf9, 0xff, 0x91, 0x00, 0x00, 0x00, 0x00, 0x73, 0xa0, 0x87, 0x00,
  0x00, 0x00, 0x00, 0x00, 0x00, 0x00, 0x00, 0x00, 0x00, 0x00, 0x67, 0xff,
  0xff, 0xf5, 0xa8, 0x14, 0x00, 0x00, 0x00, 0x00, 0x00, 0x00, 0x00, 0x00,
  0x00, 0x00, 0x00, 0x00, 0x00, 0x00, 0x00, 0x00, 0x00, 0x00, 0x06, 0x19,
  0x13, 0x02, 0x00, 0x00, 0x00, 0x00, 0x00, 0x00, 0x00, 0x00, 0x00, 0x00,
  0x00, 0x00, 0x00, 0x00, 0x00, 0x00, 0x00, 0x00, 0x01, 0x3d, 0x9d, 0x49,
  0x00, 0x00, 0x00, 0x00, 0x00, 0x00, 0x00, 0x00, 0x00, 0x00, 0x00, 0x00,
  0x00, 0x00, 0x00, 0x00, 0x15, 0x53, 0x9c, 0xe6, 0xff, 0xff, 0xf6, 0x40,
  0x00, 0x00, 0x00, 0x00, 0x00, 0x00, 0x00, 0x00, 0x00, 0x00, 0x0b, 0x35,
  0x69, 0x9d, 0xd6, 0xff, 0xff, 0xff, 0xff, 0xff, 0xff, 0xf2, 0x98, 0x02,
  0x00, 0x00, 0x00, 0x00, 0x0f, 0x66, 0x8f, 0xb7, 0xe0, 0xfe, 0xff, 0xff,
  0xff, 0xff, 0xff, 0xff, 0xff, 0xdf, 0x9e, 0x51, 0x08, 0x00, 0x00, 0x00,
  0x00, 0x00, 0x00, 0x05, 0xe9, 0xff, 0xff, 0xff, 0xff, 0xff, 0xff, 0xff,
  0xff, 0xff, 0xba, 0x1f, 0x00, 0x00, 0x00, 0x00, 0x00, 0x00, 0x00, 0x00,
  0x00, 0x00, 0x00, 0x9e, 0xf9, 0xd8, 0xb3, 0x8a, 0x5c, 0x90, 0xf6, 0xff,
  0xff, 0xe5, 0x2c, 0x00, 0x01, 0x09, 0x00, 0x00, 0x00, 0x00, 0x00, 0x00,
  0x00, 0x00, 0x0b, 0x03, 0x00, 0x00, 0x21, 0xb6, 0xff, 0xff, 0xff, 0xa4,
  0x11, 0x00, 0x11, 0xb3, 0xce, 0x18, 0x00, 0x00, 0x00, 0x00, 0x00, 0x00,
  0x00, 0x00, 0x00, 0x1b, 0x8f, 0xf8, 0xff, 0xff, 0xe9, 0x68, 0x33, 0x41,
  0x5d, 0xe3, 0xff, 0xff, 0xda, 0x0a, 0x00, 0x00, 0x00, 0x00, 0x00, 0x00,
  0x00, 0x4a, 0xfd, 0xff, 0xff, 0xff, 0xff, 0xff, 0xff, 0xff, 0xff, 0xff,
  0xff, 0xff, 0xd0, 0x2f, 0x00, 0x00, 0x00, 0x00, 0x00, 0x00, 0x00, 0x00,
  0x0d, 0xf8, 0xff, 0xff, 0xff, 0xff, 0xff, 0xff, 0xff, 0xff, 0xff, 0xfb,
  0x83, 0x2e, 0x97, 0x1d, 0x00, 0x00, 0x00, 0x00, 0x00, 0x00, 0x00, 0x00,
  0x88, 0x86, 0x68, 0x52, 0x79, 0xea, 0xff, 0xff, 0xff, 0xc0, 0x31, 0x51,
  0xfd, 0xff, 0xdb, 0x19, 0x00, 0x00, 0x00, 0x00, 0x00, 0x00, 0x00, 0x00,
  0x00, 0x29, 0xa9, 0xff, 0xff, 0xff, 0xd3, 0x4b, 0x00, 0x00, 0x01, 0xa7,
  0xff, 0xff, 0xd2, 0x0e, 0x00, 0x00, 0x00, 0x00, 0x00, 0x00, 0x40, 0xb2,
  0xfe, 0xff, 0xff, 0xff, 0xd1, 0x86, 0x94, 0xa5, 0xb6, 0xc7, 0xde, 0xff,
  0xff, 0xff, 0xbb, 0x05, 0x00, 0x00, 0x00, 0x4d, 0xe5, 0xff, 0xff, 0xff,
  0xff, 0xff, 0xff, 0xff, 0xff, 0xff, 0xff, 0xff, 0xff, 0xff, 0xff, 0xff,
  0xff, 0xff, 0x94, 0x00, 0x00, 0x00, 0x21, 0xff, 0xff, 0xff, 0xff, 0xff,
  0xff, 0xff, 0xff, 0xff, 0xff, 0xe4, 0xb2, 0x9e, 0x8a, 0x76, 0x6b, 0xf4,
  0xff, 0xf9, 0x2a, 0x00, 0x00, 0x00, 0xb2, 0x9f, 0x7c, 0x5f, 0x47, 0x30,
  0x1a, 0x5c, 0xff, 0xff, 0x90, 0x00, 0x00, 0x00, 0x08, 0x00, 0x61, 0xb9,
  0x27, 0x00, 0x00, 0x00, 0x00, 0x00, 0x00, 0x6d, 0x9d, 0x42, 0x02, 0x00,
  0x58, 0xff, 0xff, 0x90, 0x00, 0x1f, 0xba, 0xdc, 0x38, 0x00, 0x00, 0x00,
  0x00, 0x00, 0x00, 0x00, 0x00, 0x61, 0xfd, 0xff, 0xff, 0x6c, 0x00, 0x58,
  0xff, 0xff, 0x90, 0x05, 0xc8, 0xff, 0xff, 0xfc, 0x77, 0x00, 0x00, 0x00,
  0x00, 0x00, 0x01, 0x7a, 0xfe, 0xff, 0xff, 0x99, 0x00, 0x00, 0x58, 0xff,
  0xff, 0x90, 0x00, 0x0b, 0xa4, 0xff, 0xff, 0xff, 0xa7, 0x09, 0x00, 0x00,
  0x19, 0xb3, 0xff, 0xff, 0xff, 0x9b, 0x32, 0x2f, 0x2c, 0x80, 0xff, 0xff,
  0x8d, 0x00, 0x00, 0x00, 0x7b, 0xfe, 0xff, 0xff, 0xc3, 0x0c, 0x00, 0x93,
  0xff, 0xff, 0xff, 0x8a, 0x00, 0x9e, 0xff, 0xff, 0xff, 0xff, 0xff, 0x74,
  0x00, 0x00, 0x00, 0x00, 0x5b, 0xfb, 0xff, 0xdf, 0x31, 0x00, 0x00, 0x5e,
  0xed, 0x5c, 0x00, 0x00, 0x3e, 0xff, 0xff, 0xff, 0xff, 0xe2, 0x1b, 0x00,
  0x00, 0x00, 0x00, 0x00, 0x59, 0x95, 0x0c, 0x00, 0x00, 0x00, 0x00, 0x07,
  0x00, 0x00, 0x00, 0x04, 0x8d, 0x89, 0x7b, 0x51, 0x0a, 0x00, 0x00, 0x00,
  0x00, 0x00, 0x00, 0x00, 0x00, 0x00, 0x00, 0x00, 0x00, 0x00, 0x00, 0x04,
  0xa7, 0x52, 0x04, 0x00, 0x00, 0x00, 0x00, 0x00, 0x00, 0x00, 0x00, 0x00,
  0x00, 0x00, 0x00, 0x00, 0x00, 0x00, 0x00, 0x00, 0x00, 0x00, 0x00, 0x56,
  0xff, 0xff, 0x9d, 0x00, 0x00, 0x00, 0xd0, 0xff, 0xff, 0xff, 0xff, 0xff,
  0xff, 0xff, 0xff, 0xff, 0xdc, 0x00, 0x00, 0x00, 0x00, 0x00, 0x00, 0xc7,
  0xff, 0xfc, 0x29, 0x00, 0x00, 0x00, 0xd0, 0xff, 0xff, 0xff, 0xff, 0xff,
  0xff, 0xff, 0xff, 0xff, 0xdc, 0x00, 0x00, 0x00, 0x00, 0x00, 0x4c, 0xff,
  0xff, 0x9a, 0x14, 0x46, 0x00, 0x00, 0xc6, 0xf4, 0xf4, 0xf4, 0xf4, 0xf4,
  0xf4, 0xf4, 0xff, 0xff, 0xdc, 0x00, 0x00, 0x00, 0x00, 0x06, 0xd8, 0xff,
  0xe9, 0x15, 0x91, 0xff, 0xa6, 0x16, 0x00, 0x00, 0x00, 0x00, 0x00, 0x00,
  0x00, 0x10, 0xff, 0xff, 0xdc, 0x00, 0x00, 0x00, 0x00, 0x83, 0xff, 0xff,
  0x4f, 0x28, 0xfa, 0xff, 0xf1, 0x1b, 0x00, 0x00, 0x00, 0x00, 0x00, 0x00,
  0x00, 0x10, 0xff, 0xff, 0xdc, 0x00, 0x00, 0x00, 0x57, 0xfd, 0xff, 0xd1,
  0x60, 0xc7, 0xff, 0xff, 0x69, 0x00, 0x00, 0x00, 0x00, 0x00, 0x00, 0x00,
  0x00, 0x10, 0xff, 0xff, 0xdc, 0x00, 0x00, 0x0d, 0xf6, 0xff, 0xff, 0xff,
  0xff, 0xff, 0xff, 0xb6, 0x01, 0x00, 0x00, 0x00, 0x00, 0x00, 0x00, 0x00,
  0x00, 0x10, 0xff, 0xff, 0xdc, 0x00, 0x00, 0x00, 0xa8, 0xff, 0xff, 0xff,
  0xff, 0xff, 0xe4, 0x16, 0x00, 0x00, 0x4a, 0xd0, 0xd0, 0xd0, 0xd0, 0xd0,
  0xd0, 0xd3, 0xff, 0xff, 0xdc, 0x00, 0x00, 0x00, 0x30, 0x47, 0x2c, 0xdb,
  0xff, 0xf5, 0x8b, 0xc1, 0x5d, 0x00, 0x5c, 0xff, 0xff, 0xff, 0xff, 0xff,
  0xff, 0xff, 0xff, 0xff, 0xdc, 0x00, 0x00, 0x00, 0x00, 0x04, 0xb9, 0xff,
  0xfe, 0x52, 0xa5, 0xff, 0xd3, 0x00, 0x5c, 0xff, 0xff, 0xff, 0xff, 0xff,
  0xff, 0xff, 0xff, 0xff, 0xdc, 0x00, 0x00, 0x00, 0x06, 0xad, 0xff, 0xff,
  0xbd, 0x6d, 0xb1, 0xff, 0xff, 0x3b, 0x5c, 0xff, 0xff, 0xa4, 0x00, 0x00,
  0x00, 0x10, 0xff, 0xff, 0xdc, 0x00, 0x00, 0x00, 0xca, 0xff, 0xff, 0xff,
  0xff, 0xff, 0xff, 0xff, 0xff, 0x9a, 0x5c, 0xff, 0xff, 0xa4, 0x00, 0x00,
  0x00, 0x0b, 0xb8, 0xb8, 0x9e, 0x00, 0x00, 0x00, 0x99, 0xff, 0xff, 0xff,
  0xff, 0xe4, 0xbc, 0xca, 0xff, 0xce, 0x5c, 0xff, 0xff, 0xa4, 0x00, 0x00,
  0x00, 0x00, 0x00, 0x00, 0x00, 0x00, 0x00, 0x00, 0x3b, 0xa6, 0x67, 0x38,
  0x0e, 0x00, 0x00, 0x44, 0x93, 0x04, 0x5c, 0xff, 0xff, 0xa4, 0x00, 0x00,
  0x00, 0x00, 0x00, 0x00, 0x00, 0x00, 0x00, 0x00, 0x10, 0x3a, 0x0f, 0x04,
  0x3a, 0x7e, 0x4e, 0xfa, 0xf1, 0x07, 0x5c, 0xff, 0xff, 0xa4, 0x00, 0x00,
  0x00, 0x00, 0x00, 0x3d, 0x16, 0x00, 0x00, 0x00, 0x46, 0xff, 0xff, 0x5d,
  0xff, 0xff, 0x3b, 0xff, 0xff, 0x4b, 0x5c, 0xff, 0xff, 0xa4, 0x00, 0x00,
  0x00, 0x00, 0x00, 0x8b, 0xf5, 0xa4, 0x12, 0x00, 0x65, 0xff, 0xfd, 0x1e,
  0xff, 0xff, 0x47, 0xce, 0xff, 0x98, 0x5c, 0xff, 0xff, 0xa4, 0x00, 0x00,
  0x00, 0x00, 0x00, 0xa2, 0xff, 0xff, 0x16, 0x00, 0x83, 0xff, 0xe3, 0x00,
  0xf7, 0xff, 0x6c, 0x8a, 0xff, 0xdf, 0x54, 0xff, 0xff, 0xaf, 0x00, 0x00,
  0x00, 0x00, 0x00, 0xd4, 0xff, 0xf4, 0x01, 0x00, 0xb1, 0xff, 0xbf, 0x00,
  0xdc, 0xff, 0x8a, 0x4f, 0xf3, 0x9e, 0x3f, 0xff, 0xff, 0xf8, 0xae, 0xa4,
  0xa4, 0xa4, 0xbd, 0xff, 0xff, 0xbe, 0x00, 0x02, 0xea, 0xff, 0x8a, 0x00,
  0xc9, 0xff, 0xa2, 0x0b, 0x0b, 0x00, 0x06, 0xe5, 0xff, 0xff, 0xff, 0xff,
  0xff, 0xff, 0xff, 0xff, 0xff, 0x58, 0x00, 0x15, 0xb2, 0xf8, 0x48, 0x00,
  0x76, 0x67, 0x20, 0x00, 0x00, 0x00, 0x00, 0x30, 0xb9, 0xee, 0xfe, 0xff,
  0xff, 0xff, 0xfb, 0xdd, 0x72, 0x00, 0x00, 0x00, 0x00, 0x14, 0x06, 0x00,
  0x00, 0x00, 0x00, 0x00, 0x00, 0x00, 0x00, 0x00, 0x00, 0x00, 0x00, 0x00,
  0x00, 0x00, 0x00, 0x00, 0x00, 0x00, 0x00, 0x00, 0x00, 0x00, 0x00, 0x21,
  0x9f, 0x32, 0x00, 0x00, 0x00, 0x00, 0x00, 0x00, 0x00, 0x00, 0x8c, 0xa0,
  0x75, 0x00, 0x00, 0x00, 0x00, 0x00, 0x00, 0x00, 0x00, 0x00, 0x00, 0x8b,
  0xff, 0xff, 0x57, 0x00, 0x00, 0x00, 0x00, 0x00, 0x00, 0x00, 0xe0, 0xff,
  0xbc, 0x00, 0x00, 0x00, 0x00, 0x00, 0x00, 0x00, 0x00, 0x00, 0x0a, 0xed,
  0xff, 0xe1, 0x07, 0x00, 0x00, 0x00, 0x00, 0x00, 0x00, 0x00, 0xe0, 0xff,
  0xbc, 0x00, 0x00, 0x00, 0x00, 0x00, 0x00, 0x00, 0x00, 0x00, 0x72, 0xff,
  0xff, 0x63, 0x00, 0x00, 0x00, 0xb4, 0xff, 0xff, 0xff, 0xff, 0xff, 0xff,
  0xff, 0xff, 0xff, 0xff, 0xff, 0xff, 0x24, 0x00, 0x00, 0x0f, 0xeb, 0xff,
  0xd2, 0x04, 0xa7, 0x44, 0x00, 0xb4, 0xff, 0xff, 0xff, 0xff, 0xff, 0xff,
  0xff, 0xff, 0xff, 0xff, 0xff, 0xff, 0x24, 0x00, 0x00, 0x8f, 0xff, 0xfc,
  0x35, 0x51, 0xff, 0xff, 0x79, 0x6a, 0x98, 0x98, 0x98, 0x98, 0xf3, 0xff,
  0xe4, 0x98, 0x98, 0x98, 0x98, 0x98, 0x15, 0x00, 0x46, 0xfc, 0xff, 0x8c,
  0x05, 0xd9, 0xff, 0xfa, 0x2c, 0x00, 0x00, 0x00, 0x00, 0x00, 0xe0, 0xff,
  0xbc, 0x00, 0x00, 0x00, 0x00, 0x00, 0x00, 0x36, 0xf6, 0xff, 0xff, 0xef,
  0xfb, 0xff, 0xff, 0x85, 0x00, 0x22, 0xa8, 0xa8, 0x2c, 0x00, 0xe0, 0xff,
  0xbc, 0x00, 0x3f, 0xa8, 0xa8, 0x1a, 0x00, 0x0c, 0xf3, 0xff, 0xff, 0xff,
  0xff, 0xff, 0xdb, 0x08, 0x00, 0x34, 0xff, 0xff, 0x44, 0x00, 0xe0, 0xff,
  0xbc, 0x00, 0x60, 0xff, 0xff, 0x28, 0x00, 0x00, 0x93, 0xa8, 0x84, 0xf4,
  0xff, 0xfb, 0x44, 0x51, 0x00, 0x34, 0xff, 0xff, 0x44, 0x00, 0xe0, 0xff,
  0xbc, 0x00, 0x60, 0xff, 0xff, 0x28, 0x00, 0x00, 0x00, 0x00, 0x8d, 0xff,
  0xff, 0x8c, 0xf0, 0xff, 0x3c, 0x34, 0xff, 0xff, 0x44, 0x00, 0xe0, 0xff,
  0xbc, 0x00, 0x60, 0xff, 0xff, 0x28, 0x00, 0x00, 0x00, 0x61, 0xff, 0xff,
  0xa8, 0x00, 0xc8, 0xff, 0x9c, 0x34, 0xff, 0xff, 0x44, 0x00, 0xe0, 0xff,
  0xbc, 0x00, 0x60, 0xff, 0xff, 0x28, 0x00, 0x04, 0x73, 0xfd, 0xff, 0xff,
  0xc0, 0xdb, 0xfb, 0xff, 0xee, 0x3a, 0xff, 0xff, 0x44, 0x00, 0xe0, 0xff,
  0xbc, 0x00, 0x60, 0xff, 0xff, 0x28, 0x00, 0x11, 0xf7, 0xff, 0xff, 0xff,
  0xff, 0xff, 0xff, 0xff, 0xff, 0x78, 0xff, 0xff, 0x44, 0x00, 0xe0, 0xff,
  0xbc, 0x00, 0x60, 0xff, 0xff, 0x28, 0x00, 0x00, 0xae, 0xff, 0xfb, 0xd4,
  0xa5, 0x77, 0x4c, 0xe3, 0xdc, 0x78, 0xff, 0xff, 0xff, 0xff, 0xff, 0xff,
  0xff, 0xff, 0xff, 0xff, 0xff, 0x28, 0x00, 0x00, 0x33, 0x3d, 0x08, 0x00,
  0x00, 0x00, 0x0f, 0x81, 0x53, 0x34, 0xff, 0xff, 0xff, 0xff, 0xff, 0xff,
  0xff, 0xff, 0xff, 0xff, 0xff, 0x28, 0x00, 0x00, 0x3e, 0x9b, 0x73, 0x2c,
  0x90, 0xac, 0x7a, 0xff, 0xd2, 0x1d, 0x90, 0x90, 0x90, 0x90, 0xf2, 0xff,
  0xe2, 0x90, 0xba, 0xff, 0xff, 0x28, 0x00, 0x00, 0x73, 0xff, 0xf6, 0x3f,
  0xff, 0xff, 0x3b, 0xff, 0xff, 0x28, 0x00, 0x00, 0x00, 0x00, 0xe0, 0xff,
  0xbc, 0x00, 0x21, 0x58, 0x7d, 0x0d, 0x00, 0x00, 0x92, 0xff, 0xd7, 0x19,
  0xff, 0xff, 0x38, 0xe1, 0xff, 0x73, 0x00, 0x00, 0x00, 0x00, 0xdf, 0xff,
  0xbd, 0x00, 0x00, 0x0a, 0xfa, 0xa2, 0x23, 0x00, 0xbb, 0xff, 0xb6, 0x02,
  0xfa, 0xff, 0x5a, 0xa2, 0xff, 0x95, 0x00, 0x00, 0x00, 0x00, 0xd7, 0xff,
  0xec, 0x74, 0x6c, 0x95, 0xff, 0xff, 0x4b, 0x05, 0xf1, 0xff, 0x83, 0x00,
  0xe3, 0xff, 0x75, 0x32, 0x27, 0x00, 0x00, 0x00, 0x00, 0x00, 0xae, 0xff,
  0xff, 0xff, 0xff, 0xff, 0xff, 0xfb, 0x1a, 0x1b, 0xb4, 0xfa, 0x41, 0x00,
  0x9c, 0x90, 0x36, 0x00, 0x00, 0x00, 0x00, 0x00, 0x00, 0x00, 0x1e, 0xb1,
  0xf1, 0xff, 0xff, 0xf1, 0xcf, 0x59, 0x00, 0x00, 0x00, 0x18, 0x03, 0x00,
  0x00, 0x00, 0x00, 0x00, 0x00, 0x00, 0x00, 0x00, 0x00, 0x00, 0x00, 0x00,
  0x00, 0x00, 0x00, 0x00, 0x00, 0x00, 0x00, 0x00, 0x00, 0x00, 0x00, 0x1d,
  0x97, 0x2b, 0x00, 0x00, 0x00, 0x00, 0x00, 0x00, 0x00, 0x16, 0xb0, 0xb0,
  0x8f, 0x00, 0x00, 0x00, 0x00, 0x00, 0x00, 0x00, 0x00, 0x00, 0x81, 0xff,
  0xff, 0x51, 0x00, 0x00, 0x00, 0x00, 0x00, 0x00, 0x20, 0xff, 0xff, 0xd0,
  0x00, 0x00, 0x00, 0x00, 0x00, 0x00, 0x00, 0x00, 0x03, 0xe4, 0xff, 0xe5,
  0x07, 0x00, 0x00, 0x00, 0x00, 0x00, 0x00, 0x20, 0xff, 0xff, 0xd0, 0x00,
  0x00, 0x00, 0x00, 0x00, 0x00, 0x00, 0x00, 0x5b, 0xff, 0xff, 0x70, 0x00,
  0x00, 0x00, 0xfc, 0xff, 0xff, 0xff, 0xff, 0xff, 0xff, 0xff, 0xff, 0xff,
  0xff, 0xff, 0xec, 0x00, 0x00, 0x03, 0xd7, 0xff, 0xe5, 0x0a, 0x88, 0x39,
  0x00, 0xfc, 0xff, 0xff, 0xff, 0xff, 0xff, 0xff, 0xff, 0xff, 0xff, 0xff,
  0xff, 0xec, 0x00, 0x00, 0x66, 0xff, 0xff, 0x58, 0x2a, 0xfe, 0xfd, 0x78,
  0x95, 0x98, 0x98, 0x98, 0xa5, 0xff, 0xff, 0xec, 0x98, 0x98, 0x98, 0x98,
  0x8c, 0x00, 0x19, 0xec, 0xff, 0xbd, 0x00, 0xb0, 0xff, 0xff, 0x5f, 0x00,
  0x00, 0x00, 0x00, 0x20, 0xff, 0xff, 0xd0, 0x00, 0x00, 0x00, 0x00, 0x00,
  0x18, 0xc9, 0xff, 0xff, 0xb1, 0xa5, 0xff, 0xff, 0xc9, 0x01, 0x00, 0x00,
  0x00, 0x00, 0x20, 0xff, 0xff, 0xd0, 0x00, 0x00, 0x00, 0x00, 0x00, 0x21,
  0xff, 0xff, 0xff, 0xff, 0xff, 0xff, 0xfa, 0x2e, 0x00, 0x00, 0x00, 0x00,
  0x00, 0x20, 0xff, 0xff, 0xd0, 0x00, 0x00, 0x00, 0x00, 0x00, 0x00, 0xc8,
  0xff, 0xf6, 0xf9, 0xff, 0xff, 0x81, 0x00, 0x00, 0x50, 0xff, 0xff, 0xff,
  0xff, 0xff, 0xff, 0xff, 0xff, 0xff, 0xff, 0xff, 0x58, 0x00, 0x31, 0x23,
  0x35, 0xfa, 0xff, 0xd6, 0x7a, 0xb7, 0x02, 0x50, 0xff, 0xff, 0xff, 0xff,
  0xff, 0xff, 0xff, 0xff, 0xff, 0xff, 0xff, 0x58, 0x00, 0x00, 0x0f, 0xda,
  0xff, 0xef, 0x2e, 0xf7, 0xff, 0x41, 0x35, 0xac, 0xac, 0xac, 0xac, 0xac,
  0xac, 0xac, 0xac, 0xac, 0xac, 0xac, 0x3b, 0x00, 0x06, 0xbb, 0xff, 0xfd,
  0x58, 0x2a, 0xd0, 0xff, 0x91, 0x00, 0x00, 0x00, 0x00, 0x00, 0x00, 0x00,
  0x00, 0x00, 0x00, 0x00, 0x00, 0x00, 0x0f, 0xc2, 0xff, 0xff, 0xff, 0xff,
  0xff, 0xff, 0xff, 0xdb, 0x00, 0x00, 0x00, 0x00, 0x00, 0x00, 0x00, 0x00,
  0x00, 0x00, 0x00, 0x00, 0x00, 0x01, 0xe2, 0xff, 0xff, 0xff, 0xff, 0xff,
  0xff, 0xff, 0xff, 0x1a, 0x89, 0xa0, 0xa0, 0xa0, 0xa0, 0xa0, 0xa0, 0xa0,
  0xa0, 0xa0, 0x7a, 0x00, 0x00, 0x92, 0xf6, 0xc2, 0x94, 0x6a, 0x40, 0x1d,
  0xf6, 0xba, 0x21, 0xdc, 0xff, 0xff, 0xff, 0xff, 0xff, 0xff, 0xff, 0xff,
  0xff, 0xc4, 0x00, 0x00, 0x19, 0x08, 0x00, 0x00, 0x01, 0x0b, 0x09, 0x56,
  0x01, 0x00, 0xdc, 0xff, 0xff, 0xff, 0xff, 0xff, 0xff, 0xff, 0xff, 0xff,
  0xc4, 0x00, 0x00, 0x60, 0xf2, 0xbb, 0x64, 0xf4, 0x9e, 0xca, 0xff, 0x4a,
  0x00, 0xdc, 0xff, 0xcc, 0x00, 0x00, 0x00, 0x00, 0x04, 0xff, 0xff, 0xc4,
  0x00, 0x00, 0x84, 0xff, 0xc2, 0x50, 0xff, 0xce, 0x6f, 0xff, 0xb2, 0x00,
  0xdc, 0xff, 0xcc, 0x00, 0x00, 0x00, 0x00, 0x04, 0xff, 0xff, 0xc4, 0x00,
  0x00, 0xac, 0xff, 0x9a, 0x2c, 0xff, 0xf9, 0x1a, 0xfd, 0xf8, 0x0c, 0xdc,
  0xff, 0xe7, 0x88, 0x88, 0x88, 0x88, 0x89, 0xff, 0xff, 0xc4, 0x00, 0x02,
  0xe8, 0xff, 0x69, 0x0b, 0xff, 0xff, 0x1e, 0x9a, 0x7f, 0x13, 0xdc, 0xff,
  0xff, 0xff, 0xff, 0xff, 0xff, 0xff, 0xff, 0xff, 0xc4, 0x00, 0x1c, 0xc9,
  0xfe, 0x25, 0x00, 0xc2, 0x9c, 0x19, 0x00, 0x00, 0x00, 0xdc, 0xff, 0xff,
  0xff, 0xff, 0xff, 0xff, 0xff, 0xff, 0xff, 0xc4, 0x00, 0x00, 0x00, 0x1e,
  0x00, 0x00, 0x00, 0x00, 0x00, 0x00, 0x00, 0x00, 0xdc, 0xff, 0xcc, 0x00,
  0x00, 0x00, 0x00, 0x02, 0x8c, 0x8c, 0x6b, 0x00, 0x00, 0x00, 0x00, 0x00,
  0x00, 0x00, 0x00, 0x00, 0x00, 0x00, 0x00, 0x06, 0x08, 0x06, 0x00, 0x00,
  0x00, 0x00, 0x00, 0x00, 0x00, 0x00, 0x00, 0x00, 0x00, 0x00, 0x00, 0x28,
  0xa0, 0x35, 0x00, 0x00, 0x00, 0x00, 0x00, 0x00, 0x00, 0x00, 0x88, 0x60,
  0x14, 0x00, 0x00, 0x00, 0x00, 0x00, 0x00, 0x00, 0x00, 0x00, 0x00, 0x8e,
  0xff, 0xff, 0x59, 0x00, 0x00, 0x00, 0x00, 0x00, 0x00, 0x31, 0xff, 0xff,
  0xc1, 0x00, 0x00, 0x00, 0x00, 0x00, 0x00, 0x00, 0x00, 0x00, 0x08, 0xec,
  0xff, 0xe6, 0x08, 0x00, 0x00, 0x00, 0x00, 0x00, 0x00, 0xb3, 0xff, 0xff,
  0xec, 0x19, 0x00, 0x00, 0x00, 0x00, 0x00, 0x00, 0x00, 0x00, 0x6b, 0xff,
  0xff, 0x70, 0x00, 0x00, 0x00, 0x00, 0x00, 0x00, 0x43, 0xff, 0xff, 0xff,
  0xff, 0xb8, 0x01, 0x00, 0x00, 0x00, 0x00, 0x00, 0x00, 0x09, 0xe5, 0xff,
  0xe1, 0x0a, 0xbc, 0x5f, 0x00, 0x00, 0x00, 0x0d, 0xdf, 0xff, 0xfd, 0xbd,
  0xff, 0xff, 0x79, 0x00, 0x00, 0x00, 0x00, 0x00, 0x00, 0x82, 0xff, 0xff,
  0x4a, 0x4c, 0xff, 0xff, 0x95, 0x00, 0x00, 0xa7, 0xff, 0xff, 0x8c, 0x0a,
  0xd9, 0xff, 0xff, 0x63, 0x00, 0x00, 0x00, 0x00, 0x36, 0xfa, 0xff, 0xa7,
  0x03, 0xd5, 0xff, 0xff, 0x4b, 0x00, 0x81, 0xff, 0xff, 0xcb, 0x08, 0x00,
  0x30, 0xf4, 0xff, 0xfc, 0x55, 0x00, 0x00, 0x2b, 0xe8, 0xff, 0xff, 0xd0,
  0xd8, 0xff, 0xff, 0xb3, 0x00, 0x7f, 0xff, 0xff, 0xe5, 0x1a, 0x00, 0x00,
  0x00, 0x51, 0xfe, 0xff, 0xfd, 0x71, 0x00, 0x15, 0xfb, 0xff, 0xff, 0xff,
  0xff, 0xff, 0xf1, 0x29, 0xa6, 0xff, 0xff, 0xff, 0xff, 0xff, 0xff, 0xff,
  0xff, 0xff, 0xff, 0xff, 0xff, 0xff, 0x6c, 0x00, 0xbd, 0xe5, 0xbd, 0xfb,
  0xff, 0xff, 0x5e, 0x1e, 0xd4, 0xff, 0xe5, 0xeb, 0xff, 0xff, 0xff, 0xff,
  0xff, 0xff, 0xff, 0xa6, 0xff, 0xb1, 0x03, 0x00, 0x0d, 0x00, 0x76, 0xff,
  0xff, 0xae, 0xaf, 0xf2, 0x2f, 0xd8, 0x30, 0x71, 0x84, 0x84, 0x84, 0x84,
  0x84, 0x84, 0x84, 0x11, 0x98, 0x0f, 0x00, 0x00, 0x00, 0x43, 0xfb, 0xff,
  0xcd, 0x0b, 0xeb, 0xff, 0x69, 0x07, 0x00, 0x00, 0x00, 0x00, 0x00, 0x00,
  0x00, 0x00, 0x00, 0x00, 0x00, 0x00, 0x00, 0x00, 0x32, 0xee, 0xff, 0xfc,
  0x6e, 0x6e, 0xda, 0xff, 0xb8, 0x00, 0x00, 0x00, 0x00, 0x00, 0x00, 0x00,
  0x00, 0x00, 0x00, 0x00, 0x00, 0x00, 0x00, 0x1d, 0xf8, 0xff, 0xff, 0xff,
  0xff, 0xff, 0xff, 0xff, 0xf8, 0x09, 0x8d, 0x90, 0x90, 0x90, 0x90, 0x90,
  0x90, 0x90, 0x90, 0x90, 0x75, 0x00, 0x00, 0x00, 0xcf, 0xff, 0xff, 0xff,
  0xff, 0xe9, 0xc5, 0xff, 0xff, 0x41, 0xfc, 0xff, 0xff, 0xff, 0xff, 0xff,
  0xff, 0xff, 0xff, 0xff, 0xd0, 0x00, 0x00, 0x00, 0x6f, 0xaa, 0x6e, 0x40,
  0x14, 0x00, 0x00, 0xb3, 0x64, 0x0d, 0xfc, 0xff, 0xff, 0xff, 0xff, 0xff,
  0xff, 0xff, 0xff, 0xff, 0xd0, 0x00, 0x00, 0x00, 0x1e, 0x46, 0x21, 0x0c,
  0x3d, 0x50, 0x62, 0xce, 0x6a, 0x00, 0xfc, 0xff, 0xcc, 0x00, 0x00, 0x00,
  0x00, 0x18, 0xff, 0xff, 0xd0, 0x00, 0x00, 0x00, 0x69, 0xff, 0xfe, 0x57,
  0xff, 0xe8, 0x72, 0xff, 0xca, 0x00, 0xfc, 0xff, 0xcc, 0x00, 0x00, 0x00,
  0x00, 0x18, 0xff, 0xff, 0xd0, 0x00, 0x00, 0x00, 0x89, 0xff, 0xe4, 0x27,
  0xff, 0xff, 0x33, 0xff, 0xff, 0x22, 0xfc, 0xff, 0xcc, 0x00, 0x00, 0x00,
  0x00, 0x18, 0xff, 0xff, 0xd0, 0x00, 0x00, 0x00, 0xae, 0xff, 0xc1, 0x07,
  0xfe, 0xff, 0x39, 0xd6, 0xff, 0x6d, 0xfc, 0xff, 0xe4, 0x78, 0x78, 0x78,
  0x78, 0x84, 0xff, 0xff, 0xd0, 0x00, 0x00, 0x01, 0xe8, 0xff, 0x92, 0x00,
  0xea, 0xff, 0x56, 0x69, 0x6a, 0x18, 0xfc, 0xff, 0xff, 0xff, 0xff, 0xff,
  0xff, 0xff, 0xff, 0xff, 0xd0, 0x00, 0x00, 0x23, 0xee, 0xff, 0x53, 0x00,
  0xd7, 0xd9, 0x49, 0x00, 0x00, 0x00, 0xfc, 0xff, 0xff, 0xff, 0xff, 0xff,
  0xff, 0xff, 0xff, 0xff, 0xd0, 0x00, 0x00, 0x00, 0x05, 0x50, 0x0b, 0x00,
  0x07, 0x00, 0x00, 0x00, 0x00, 0x00, 0xfc, 0xff, 0xcc, 0x00, 0x00, 0x00,
  0x00, 0x10, 0xac, 0xac, 0x8b, 0x00, 0x00, 0x00, 0x00, 0x00, 0x00, 0x00,
  0x00, 0x00, 0x00, 0x00, 0x00, 0x00, 0x2f, 0x30, 0x26, 0x00, 0x00, 0x00,
  0x00, 0x00, 0x00, 0x00, 0x00, 0x00, 0x00, 0x00, 0x00, 0x00, 0x00, 0x65,
  0x86, 0x1c, 0x00, 0x00, 0x00, 0x00, 0x00, 0x00, 0x00, 0x25, 0xa4, 0x63,
  0x23, 0x00, 0x00, 0x00, 0x00, 0x00, 0x00, 0x00, 0x00, 0x00, 0x01, 0xda,
  0xff, 0xf6, 0x13, 0x00, 0x00, 0x00, 0x00, 0x00, 0x00, 0x84, 0xff, 0xff,
  0xd3, 0x00, 0x00, 0x00, 0x00, 0x00, 0x00, 0x00, 0x00, 0x00, 0x45, 0xff,
  0xff, 0x99, 0x00, 0x00, 0x00, 0x00, 0x00, 0x00, 0x04, 0xe6, 0xff, 0xff,
  0x61, 0x00, 0x00, 0x00, 0x00, 0x00, 0x00, 0x00, 0x00, 0x00, 0xbf, 0xff,
  0xf8, 0x1d, 0x54, 0x06, 0x34, 0xff, 0xff, 0xff, 0xff, 0xff, 0xff, 0xff,
  0xff, 0xff, 0xff, 0xff, 0xff, 0xcc, 0x00, 0x00, 0x00, 0x45, 0xff, 0xff,
  0x8a, 0x31, 0xff, 0xd6, 0x6e, 0xff, 0xff, 0xff, 0xff, 0xff, 0xff, 0xff,
  0xff, 0xff, 0xff, 0xff, 0xff, 0xcc, 0x00, 0x00, 0x05, 0xd3, 0xff, 0xde,
  0x0a, 0xb4, 0xff, 0xff, 0x6d, 0x9c, 0x9c, 0xcb, 0xff, 0xff, 0xe1, 0x9c,
  0x9c, 0x9c, 0x9c, 0x9c, 0x9c, 0x7c, 0x00, 0x02, 0x9b, 0xff, 0xff, 0x46,
  0x43, 0xff, 0xff, 0xbb, 0x00, 0x00, 0x04, 0xd7, 0xff, 0xff, 0x48, 0x00,
  0x07, 0x64, 0xce, 0x24, 0x00, 0x00, 0x00, 0x4b, 0xff, 0xff, 0xfe, 0xf7,
  0xff, 0xff, 0xf7, 0x25, 0x00, 0x00, 0x72, 0xff, 0xff, 0xad, 0x00, 0x00,
  0x40, 0xff, 0xff, 0xbe, 0x01, 0x00, 0x00, 0x05, 0xec, 0xff, 0xff, 0xff,
  0xff, 0xff, 0x74, 0x00, 0x00, 0x27, 0xf6, 0xff, 0xec, 0x17, 0x00, 0x00,
  0x00, 0xb1, 0xff, 0xff, 0x59, 0x00, 0x00, 0x00, 0x66, 0x63, 0x74, 0xff,
  0xff, 0xc8, 0x70, 0x57, 0x28, 0xdc, 0xff, 0xff, 0xea, 0xd2, 0xdd, 0xe8,
  0xf3, 0xfd, 0xff, 0xff, 0xdf, 0x07, 0x00, 0x00, 0x00, 0x17, 0xe1, 0xff,
  0xdf, 0x70, 0xff, 0xd9, 0x27, 0xff, 0xff, 0xff, 0xff, 0xff, 0xff, 0xff,
  0xff, 0xff, 0xff, 0xff, 0xff, 0x69, 0x00, 0x00, 0x0b, 0xc8, 0xff, 0xf8,
  0x3a, 0x33, 0xfa, 0xff, 0x46, 0xc8, 0xff, 0xff, 0xff, 0xf3, 0xaf, 0xed,
  0xff, 0xeb, 0x68, 0xfc, 0xff, 0xd9, 0x00, 0x1a, 0xd6, 0xff, 0xff, 0xfa,
  0xfc, 0xff, 0xff, 0xff, 0xa0, 0x2c, 0x1c, 0xe4, 0xff, 0xc7, 0x00, 0xcc,
  0xff, 0xdc, 0x00, 0xa4, 0x9d, 0x29, 0x00, 0x03, 0xe5, 0xff, 0xff, 0xff,
  0xff, 0xf3, 0xd8, 0xff, 0xe6, 0x00, 0x00, 0xf3, 0xff, 0xb6, 0x00, 0xcc,
  0xff, 0xdc, 0x00, 0x00, 0x00, 0x00, 0x00, 0x00, 0x8d, 0xc6, 0x88, 0x54,
  0x24, 0x01, 0x15, 0x98, 0x2d, 0x00, 0x0d, 0xff, 0xff, 0xa0, 0x00, 0xcc,
  0xff, 0xdc, 0x00, 0x00, 0x00, 0x00, 0x00, 0x00, 0x0f, 0x02, 0x00, 0x00,
  0x2b, 0x20, 0xa5, 0xdd, 0x03, 0x00, 0x30, 0xff, 0xff, 0x7f, 0x00, 0xcc,
  0xff, 0xdc, 0x00, 0x00, 0x00, 0x00, 0x00, 0x00, 0x96, 0xf5, 0x8a, 0xb1,
  0xff, 0x53, 0xe6, 0xff, 0x41, 0x00, 0x6e, 0xff, 0xff, 0x58, 0x00, 0xcc,
  0xff, 0xdc, 0x00, 0x12, 0x36, 0x00, 0x00, 0x00, 0xb2, 0xff, 0x89, 0xa2,
  0xff, 0x7a, 0x98, 0xff, 0x90, 0x00, 0xc7, 0xff, 0xff, 0x18, 0x00, 0xcc,
  0xff, 0xdc, 0x00, 0x27, 0xff, 0xc8, 0x24, 0x00, 0xce, 0xff, 0x68, 0x81,
  0xff, 0x9f, 0x53, 0xff, 0xd2, 0x57, 0xff, 0xff, 0xc9, 0x00, 0x00, 0xcb,
  0xff, 0xdc, 0x00, 0x38, 0xff, 0xff, 0x2b, 0x02, 0xf4, 0xff, 0x45, 0x68,
  0xff, 0xbe, 0x18, 0x74, 0x5d, 0xf6, 0xff, 0xff, 0x51, 0x00, 0x00, 0xc2,
  0xff, 0xf6, 0x88, 0xb8, 0xff, 0xfa, 0x09, 0x2f, 0xff, 0xff, 0x14, 0x54,
  0xfb, 0xa7, 0x00, 0x52, 0xfe, 0xff, 0xff, 0xad, 0x01, 0x00, 0x00, 0x9a,
  0xff, 0xff, 0xff, 0xff, 0xff, 0xbe, 0x00, 0x37, 0xc0, 0xd3, 0x00, 0x0f,
  0x0c, 0x00, 0x00, 0x02, 0xb7, 0xff, 0xbb, 0x0a, 0x00, 0x00, 0x00, 0x22,
  0xc9, 0xf8, 0xff, 0xfd, 0xd4, 0x2e, 0x00, 0x00, 0x00, 0x0d, 0x00, 0x00,
  0x00, 0x00, 0x00, 0x00, 0x19, 0x72, 0x01, 0x00, 0x00, 0x00, 0x00, 0x00,
  0x00, 0x00, 0x00, 0x00, 0x00, 0x00, 0x00, 0x00, 0x00, 0x00, 0x00, 0x52,
  0x69, 0x0c, 0x00, 0x00, 0x00, 0x00, 0x00, 0x00, 0x00, 0x2d, 0xa0, 0xa0,
  0x43, 0x00, 0x00, 0x00, 0x00, 0x00, 0x00, 0x00, 0x00, 0x00, 0x00, 0xcb,
  0xff, 0xea, 0x09, 0x00, 0x00, 0x00, 0x00, 0x00, 0x00, 0x48, 0xff, 0xff,
  0x6c, 0x00, 0x00, 0x00, 0x00, 0x00, 0x00, 0x00, 0x00, 0x00, 0x2d, 0xff,
  0xff, 0x95, 0x00, 0x00, 0x3c, 0x6c, 0x6c, 0x6c, 0x6c, 0x95, 0xff, 0xff,
  0xaa, 0x6c, 0x6c, 0x6c, 0x6c, 0x54, 0x00, 0x00, 0x00, 0x00, 0xa0, 0xff,
  0xfa, 0x1f, 0x1a, 0x00, 0x90, 0xff, 0xff, 0xff, 0xff, 0xff, 0xff, 0xff,
  0xff, 0xff, 0xff, 0xff, 0xff, 0xc8, 0x00, 0x00, 0x00, 0x24, 0xfb, 0xff,
  0x95, 0x2d, 0xf3, 0x57, 0x90, 0xff, 0xff, 0xff, 0xff, 0xff, 0xff, 0xff,
  0xff, 0xff, 0xff, 0xff, 0xff, 0xc8, 0x00, 0x00, 0x00, 0xaf, 0xff, 0xe8,
  0x10, 0xa7, 0xff, 0xff, 0x28, 0x00, 0x00, 0x00, 0x00, 0x48, 0xff, 0xff,
  0x6c, 0x00, 0x00, 0x00, 0x00, 0x00, 0x00, 0x00, 0x5a, 0xff, 0xff, 0x5e,
  0x3b, 0xfe, 0xff, 0xb3, 0x00, 0x00, 0x00, 0x00, 0x00, 0x48, 0xff, 0xff,
  0x6c, 0x00, 0x00, 0x00, 0x00, 0x00, 0x00, 0x2f, 0xfa, 0xff, 0xff, 0xfe,
  0xff, 0xff, 0xf7, 0x23, 0x18, 0xff, 0xff, 0xff, 0xff, 0xff, 0xff, 0xff,
  0xff, 0xff, 0xff, 0xff, 0xff, 0x58, 0x00, 0x05, 0xec, 0xff, 0xff, 0xff,
  0xff, 0xff, 0x79, 0x00, 0x18, 0xff, 0xff, 0xff, 0xff, 0xff, 0xff, 0xff,
  0xff, 0xff, 0xff, 0xff, 0xff, 0x58, 0x00, 0x00, 0x76, 0x86, 0x7a, 0xfe,
  0xff, 0xc8, 0x18, 0x28, 0x18, 0xff, 0xff, 0x69, 0x92, 0x44, 0xff, 0xff,
  0x5d, 0x8f, 0x87, 0xff, 0xff, 0x58, 0x00, 0x00, 0x00, 0x03, 0xbf, 0xff,
  0xf3, 0x76, 0xfe, 0xc5, 0x18, 0xff, 0xff, 0x65, 0xff, 0x5c, 0xff, 0xff,
  0x35, 0xe5, 0xc2, 0xff, 0xff, 0x58, 0x00, 0x00, 0x00, 0x8f, 0xff, 0xff,
  0x54, 0x1c, 0xff, 0xfd, 0x2b, 0xff, 0xff, 0x20, 0xe5, 0xb4, 0xff, 0xff,
  0x78, 0xff, 0x52, 0xff, 0xff, 0x58, 0x00, 0x08, 0x8c, 0xff, 0xff, 0xf2,
  0xc8, 0xe7, 0xff, 0xff, 0x67, 0xff, 0xff, 0x51, 0x8e, 0x7d, 0xff, 0xff,
  0x83, 0xa9, 0x3c, 0xff, 0xff, 0x58, 0x00, 0x05, 0xeb, 0xff, 0xff, 0xff,
  0xff, 0xff, 0xff, 0xff, 0x9f, 0xff, 0xff, 0xff, 0xff, 0xff, 0xff, 0xff,
  0xff, 0xff, 0xff, 0xff, 0xff, 0x58, 0x00, 0x00, 0x96, 0xfc, 0xd4, 0xa4,
  0x79, 0x52, 0x8c, 0xff, 0xc2, 0xff, 0xff, 0xff, 0xff, 0xff, 0xff, 0xff,
  0xff, 0xff, 0xff, 0xff, 0xff, 0x58, 0x00, 0x00, 0x16, 0x0c, 0x00, 0x00,
  0x00, 0x00, 0x45, 0x75, 0x03, 0x00, 0x00, 0x08, 0xd5, 0xff, 0xff, 0xff,
  0xff, 0xfa, 0x3b, 0x00, 0x00, 0x00, 0x00, 0x00, 0x3f, 0xa0, 0x67, 0x52,
  0xa5, 0x61, 0xff, 0xd0, 0x00, 0x00, 0x00, 0xa0, 0xff, 0xff, 0xff, 0xff,
  0xe6, 0xff, 0xe8, 0x23, 0x00, 0x00, 0x00, 0x00, 0x71, 0xff, 0xbc, 0x8b,
  0xff, 0x72, 0xe2, 0xff, 0x19, 0x00, 0x8d, 0xff, 0xff, 0xcd, 0xff, 0xff,
  0x83, 0xc5, 0xff, 0xde, 0x1e, 0x00, 0x00, 0x00, 0x8f, 0xff, 0x9b, 0x6d,
  0xff, 0x94, 0xa1, 0xff, 0x64, 0xa7, 0xff, 0xff, 0xc9, 0x3f, 0xff, 0xff,
  0x80, 0x22, 0xf2, 0xff, 0xe2, 0x2c, 0x00, 0x00, 0xb3, 0xff, 0x79, 0x50,
  0xff, 0xb1, 0x6c, 0xff, 0xfe, 0xff, 0xff, 0xe6, 0x1b, 0x38, 0xff, 0xff,
  0x80, 0x00, 0x57, 0xfe, 0xff, 0xeb, 0x11, 0x01, 0xe8, 0xff, 0x4b, 0x3a,
  0xff, 0xc9, 0x2c, 0x64, 0x3a, 0xf6, 0xe2, 0x26, 0x00, 0x38, 0xff, 0xff,
  0x80, 0x00, 0x00, 0x78, 0xf7, 0x3f, 0x00, 0x25, 0xf6, 0xfd, 0x14, 0x28,
  0xc9, 0x83, 0x00, 0x00, 0x00, 0x4f, 0x16, 0x00, 0x00, 0x38, 0xff, 0xff,
  0x80, 0x00, 0x00, 0x00, 0x27, 0x00, 0x00, 0x00, 0x09, 0x46, 0x00, 0x00,
  0x00, 0x00, 0x00, 0x00, 0x00, 0x00, 0x00, 0x00, 0x00, 0x24, 0xa8, 0xa8,
  0x54, 0x00, 0x00, 0x00, 0x00, 0x00, 0x00, 0x00, 0x00, 0x00, 0x00, 0x4e,
  0x66, 0x0b, 0x00, 0x00, 0x00, 0x00, 0x00, 0x00, 0x00, 0x6e, 0xae, 0x82,
  0x26, 0x00, 0x00, 0x00, 0x00, 0x00, 0x00, 0x00, 0x00, 0x00, 0x00, 0xc9,
  0xff, 0xe8, 0x09, 0x00, 0x00, 0x00, 0x00, 0x00, 0x00, 0xc0, 0xff, 0xf9,
  0x1a, 0x00, 0x00, 0x00, 0x00, 0x00, 0x00, 0x00, 0x00, 0x00, 0x2e, 0xff,
  0xff, 0x93, 0x00, 0x00, 0x00, 0x32, 0x40, 0x40, 0x46, 0xfb, 0xff, 0xbd,
  0x40, 0x40, 0x40, 0x40, 0x40, 0x0a, 0x00, 0x00, 0x00, 0x00, 0xa3, 0xff,
  0xf8, 0x1c, 0x18, 0x00, 0x00, 0xc8, 0xff, 0xff, 0xff, 0xff, 0xff, 0xff,
  0xff, 0xff, 0xff, 0xff, 0xff, 0x28, 0x00, 0x00, 0x00, 0x29, 0xfc, 0xff,
  0x8d, 0x22, 0xf8, 0xa0, 0x1d, 0xc8, 0xff, 0xff, 0xff, 0xff, 0xff, 0xff,
  0xff, 0xff, 0xff, 0xff, 0xff, 0x28, 0x00, 0x00, 0x00, 0xb4, 0xff, 0xe0,
  0x0b, 0x9e, 0xff, 0xfc, 0x30, 0xc8, 0xff, 0xac, 0x29, 0x86, 0x42, 0xe1,
  0x6e, 0x00, 0x70, 0xff, 0xff, 0x28, 0x00, 0x00, 0x68, 0xff, 0xff, 0x4a,
  0x34, 0xfd, 0xff, 0x8f, 0x00, 0xc8, 0xff, 0xac, 0x7c, 0xff, 0xfe, 0xe6,
  0x2b, 0x6b, 0x98, 0xff, 0xff, 0x28, 0x00, 0x31, 0xfe, 0xff, 0xff, 0xfc,
  0xff, 0xff, 0xe5, 0x0d, 0x00, 0xc8, 0xff, 0xad, 0x62, 0xf8, 0xff, 0xd9,
  0xc0, 0xfc, 0xad, 0xff, 0xff, 0x28, 0x00, 0x02, 0xe4, 0xff, 0xff, 0xff,
  0xff, 0xff, 0x54, 0x00, 0x00, 0xc8, 0xff, 0xd7, 0xf6, 0xbd, 0x8f, 0xff,
  0xff, 0x73, 0x70, 0xff, 0xff, 0x28, 0x00, 0x00, 0x58, 0x5a, 0x54, 0xf9,
  0xff, 0xa3, 0x1e, 0x2d, 0x00, 0xc8, 0xff, 0xac, 0x28, 0x41, 0xdf, 0xff,
  0xff, 0xbb, 0x72, 0xff, 0xff, 0x28, 0x00, 0x00, 0x00, 0x05, 0xc6, 0xff,
  0xdb, 0x53, 0xff, 0xc6, 0x00, 0xc8, 0xff, 0xac, 0x83, 0xff, 0xe6, 0x44,
  0xbe, 0xff, 0xbb, 0xff, 0xff, 0x28, 0x00, 0x00, 0x00, 0x9c, 0xff, 0xf4,
  0x3b, 0x43, 0xfe, 0xff, 0x1c, 0xc8, 0xff, 0xc3, 0x63, 0xd5, 0x58, 0x48,
  0x65, 0x9a, 0x98, 0xff, 0xff, 0x28, 0x00, 0x09, 0x99, 0xff, 0xff, 0xfb,
  0xff, 0xff, 0xff, 0xff, 0x68, 0xc8, 0xff, 0xff, 0xff, 0xff, 0xff, 0xff,
  0xff, 0xff, 0xff, 0xff, 0xff, 0x28, 0x00, 0x03, 0xe2, 0xff, 0xff, 0xff,
  0xfe, 0xd8, 0xce, 0xff, 0xa8, 0xc8, 0xff, 0xff, 0xff, 0xff, 0xff, 0xff,
  0xff, 0xff, 0xff, 0xff, 0xff, 0x28, 0x00, 0x00, 0x87, 0xbe, 0x7a, 0x42,
  0x0e, 0x00, 0x38, 0x9a, 0x3e, 0x00, 0x00, 0x00, 0x00, 0x01, 0x7d, 0xe7,
  0x2b, 0x00, 0x00, 0x00, 0x00, 0x00, 0x00, 0x00, 0x03, 0x14, 0x00, 0x01,
  0x2b, 0x35, 0xa0, 0x77, 0x00, 0x5d, 0x1e, 0x5e, 0x84, 0x54, 0xa7, 0xff,
  0xc1, 0x00, 0x15, 0x77, 0x5c, 0x00, 0x00, 0x00, 0x1f, 0xff, 0xd1, 0x9a,
  0xff, 0x7a, 0xff, 0xcc, 0x08, 0xfa, 0xfe, 0xcd, 0xff, 0xa4, 0x1c, 0xf5,
  0xff, 0x5d, 0x61, 0xff, 0xd8, 0x00, 0x00, 0x00, 0x42, 0xff, 0xc2, 0x81,
  0xff, 0x75, 0xec, 0xfd, 0x4c, 0xff, 0xdf, 0xb8, 0xff, 0xa4, 0x00, 0x84,
  0xff, 0xc0, 0x0c, 0xf4, 0xff, 0x43, 0x00, 0x00, 0x64, 0xff, 0x9d, 0x5e,
  0xff, 0x97, 0xb8, 0xff, 0xc8, 0xff, 0xa1, 0xb8, 0xff, 0xa4, 0x00, 0x11,
  0x5e, 0xa3, 0xa9, 0xcd, 0xff, 0xa7, 0x00, 0x00, 0x96, 0xff, 0x74, 0x42,
  0xff, 0xb3, 0x56, 0x58, 0xec, 0xff, 0x5d, 0xb4, 0xff, 0xab, 0x00, 0x00,
  0x01, 0xcd, 0xff, 0x91, 0xff, 0xf7, 0x0d, 0x00, 0xd9, 0xff, 0x3c, 0x2c,
  0xff, 0xb7, 0x00, 0x4a, 0xff, 0xf8, 0x13, 0x96, 0xff, 0xff, 0xed, 0xec,
  0xf2, 0xff, 0xfa, 0x16, 0xe6, 0xac, 0x18, 0x0d, 0xa8, 0xe3, 0x05, 0x0a,
  0x27, 0x00, 0x00, 0x00, 0x4b, 0x7a, 0x00, 0x23, 0xc5, 0xf6, 0xff, 0xff,
  0xff, 0xec, 0x6e, 0x00, 0x0d, 0x00, 0x00, 0x00, 0x00, 0x05, 0x00, 0x00,
  0x00, 0x00, 0x00, 0x00, 0x00, 0x00, 0x00, 0x00, 0x00, 0x00, 0x00, 0x00,
  0x00, 0x00, 0x00, 0x00, 0x00, 0x00, 0x00, 0x00, 0x00, 0x00, 0x04, 0x8e,
  0x31, 0x00, 0x00, 0x00, 0x00, 0x00, 0x00, 0x00, 0x49, 0x1b, 0x00, 0x00,
  0x00, 0x42, 0x40, 0x00, 0x00, 0x00, 0x00, 0x00, 0x00, 0x00, 0x41, 0xff,
  0xff, 0x37, 0x00, 0x15, 0xe4, 0xe4, 0x40, 0x05, 0xea, 0xef, 0x0a, 0x00,
  0x00, 0xc6, 0xfe, 0x2b, 0x00, 0x00, 0x00, 0x00, 0x00, 0x00, 0x8f, 0xff,
  0xd9, 0x00, 0x00, 0x18, 0xff, 0xff, 0x48, 0x63, 0xff, 0x8a, 0x17, 0x00,
  0x3f, 0xff, 0xad, 0x29, 0x05, 0x00, 0x00, 0x00, 0x00, 0x04, 0xe8, 0xff,
  0x73, 0x27, 0x03, 0x18, 0xff, 0xff, 0x5e, 0xe5, 0xe5, 0x7f, 0xf8, 0x59,
  0xcf, 0xf1, 0x2f, 0xeb, 0xd1, 0x03, 0x00, 0x00, 0x00, 0x54, 0xff, 0xf1,
  0x12, 0xd6, 0xd4, 0x51, 0xff, 0xff, 0xd0, 0xff, 0xff, 0xff, 0xd6, 0x85,
  0xff, 0xfb, 0xfd, 0xff, 0x4a, 0x00, 0x00, 0x00, 0x00, 0xc7, 0xff, 0x7d,
  0x44, 0xff, 0xff, 0x57, 0xff, 0xff, 0x70, 0x93, 0xf3, 0xf4, 0x4e, 0x33,
  0xb6, 0xd2, 0xff, 0xa5, 0x46, 0x00, 0x00, 0x00, 0x57, 0xff, 0xea, 0x0d,
  0xb9, 0xff, 0xbf, 0x18, 0xff, 0xff, 0x4a, 0xa0, 0xff, 0x9c, 0xff, 0x45,
  0x47, 0xf9, 0xb3, 0xa6, 0xf7, 0x0d, 0x00, 0x1f, 0xf0, 0xff, 0xfb, 0xfc,
  0xff, 0xff, 0x3c, 0x18, 0xff, 0xff, 0xbc, 0xff, 0xff, 0xff, 0xff, 0xc0,
  0xfb, 0xff, 0xff, 0xff, 0xff, 0x56, 0x00, 0x03, 0xe5, 0xff, 0xff, 0xff,
  0xff, 0xa9, 0x00, 0x18, 0xff, 0xff, 0x6a, 0x8b, 0x56, 0x2a, 0xad, 0x80,
  0xb1, 0x7e, 0x55, 0x3b, 0xd5, 0x50, 0x00, 0x00, 0x53, 0x52, 0x82, 0xff,
  0xfa, 0x57, 0x2c, 0x18, 0xff, 0xff, 0xff, 0xff, 0xff, 0xff, 0xff, 0xff,
  0xff, 0xff, 0xff, 0xff, 0xff, 0xb4, 0x00, 0x00, 0x00, 0x10, 0xe6, 0xff,
  0xb6, 0xff, 0xa3, 0x18, 0xff, 0xff, 0xff, 0xff, 0xff, 0xff, 0xff, 0xff,
  0xff, 0xff, 0xff, 0xff, 0xff, 0xb4, 0x00, 0x00, 0x00, 0xaa, 0xff, 0xc8,
  0x0b, 0xf8, 0xe8, 0x18, 0xff, 0xff, 0x4a, 0x04, 0xd1, 0xb1, 0x05, 0x04,
  0x04, 0x9d, 0xe8, 0x29, 0x04, 0x02, 0x00, 0x03, 0x8e, 0xff, 0xff, 0xd9,
  0xdf, 0xfe, 0xff, 0x3e, 0xff, 0xff, 0x48, 0x3c, 0xff, 0x9e, 0x0e, 0x00,
  0x10, 0xf4, 0xcd, 0x17, 0x05, 0x00, 0x00, 0x00, 0xdb, 0xff, 0xff, 0xff,
  0xff, 0xff, 0xff, 0x74, 0xff, 0xff, 0x4e, 0xca, 0xf6, 0x60, 0xf4, 0x67,
  0x8a, 0xff, 0x46, 0xb0, 0xe0, 0x17, 0x00, 0x00, 0x7e, 0xba, 0x86, 0x59,
  0x32, 0x72, 0xd2, 0x66, 0xff, 0xff, 0xb3, 0xff, 0xff, 0xff, 0xfa, 0x64,
  0xfe, 0xff, 0xf3, 0xff, 0xa6, 0x00, 0x00, 0x00, 0x10, 0x1a, 0x00, 0x01,
  0x14, 0x71, 0x9c, 0x18, 0xff, 0xff, 0x65, 0xb1, 0xce, 0xff, 0x81, 0x06,
  0xd6, 0xb8, 0xff, 0xe8, 0x26, 0x00, 0x00, 0x00, 0x60, 0xff, 0x9f, 0xe3,
  0xd1, 0xab, 0xfc, 0x27, 0xff, 0xff, 0x48, 0x32, 0xf6, 0xc9, 0xc6, 0x3f,
  0x03, 0xb6, 0xfa, 0x9f, 0xfc, 0x1c, 0x00, 0x00, 0x7b, 0xff, 0x87, 0xce,
  0xf1, 0x6c, 0xff, 0x64, 0xff, 0xff, 0x86, 0xee, 0xff, 0xcf, 0xff, 0x94,
  0xad, 0xff, 0xde, 0xc3, 0xff, 0x6a, 0x00, 0x00, 0x96, 0xff, 0x68, 0xb4,
  0xff, 0x44, 0xff, 0x9f, 0xff, 0xff, 0x7d, 0xff, 0xe6, 0xb8, 0xde, 0xc2,
  0xec, 0xff, 0xeb, 0xc3, 0xf6, 0xac, 0x00, 0x00, 0xbc, 0xff, 0x47, 0xa1,
  0xff, 0x2f, 0xfb, 0xd0, 0xff, 0xff, 0x79, 0x65, 0x44, 0x44, 0x94, 0x7c,
  0x7f, 0x5d, 0x44, 0x44, 0x96, 0x5e, 0x13, 0x01, 0xec, 0xff, 0x1c, 0x91,
  0xff, 0x3b, 0x7a, 0x4f, 0xff, 0xff, 0xff, 0xff, 0xff, 0xff, 0xff, 0xff,
  0xff, 0xff, 0xff, 0xff, 0xff, 0xff, 0x48, 0x25, 0xf8, 0xe6, 0x00, 0x82,
  0xd1, 0x2f, 0x00, 0x18, 0xff, 0xff, 0xff, 0xff, 0xff, 0xff, 0xff, 0xff,
  0xff, 0xff, 0xff, 0xff, 0xff, 0xff, 0x48, 0x00, 0x0b, 0x37, 0x00, 0x00,
  0x00, 0x00, 0x00, 0x00, 0x00, 0x00, 0x00, 0x00, 0x00, 0x00, 0x00, 0x00,
  0x00, 0x00, 0x00, 0x00, 0x00, 0x00, 0x00, 0x00, 0x00, 0x00, 0x00, 0x5b,
  0x52, 0x05, 0x00, 0x00, 0x00, 0x00, 0x00, 0x00, 0x00, 0x4c, 0xa8, 0xa8,
  0x37, 0x00, 0x00, 0x00, 0x00, 0x00, 0x00, 0x00, 0x00, 0x00, 0x02, 0xe3,
  0xff, 0xae, 0x00, 0x2c, 0xff, 0xff, 0xff, 0xff, 0xff, 0xff, 0xff, 0xff,
  0xff, 0xff, 0xff, 0xff, 0xff, 0xc0, 0x00, 0x00, 0x00, 0x00, 0x4a, 0xff,
  0xff, 0x47, 0x00, 0x21, 0xc4, 0xc4, 0xc4, 0xc4, 0xc4, 0xdf, 0xff, 0xff,
  0xd7, 0xc4, 0xc4, 0xc4, 0xc4, 0x93, 0x00, 0x00, 0x00, 0x00, 0xba, 0xff,
  0xcc, 0x0a, 0x33, 0x00, 0x00, 0x00, 0x00, 0x00, 0x00, 0x74, 0xff, 0xff,
  0x54, 0x00, 0x00, 0x00, 0x00, 0x00, 0x00, 0x00, 0x00, 0x36, 0xff, 0xff,
  0x45, 0x6e, 0xfd, 0x9b, 0x51, 0xff, 0xff, 0xff, 0xff, 0xff, 0xff, 0xff,
  0xff, 0xff, 0xff, 0xff, 0xff, 0x04, 0x00, 0x00, 0x01, 0xc3, 0xff, 0xac,
  0x09, 0xe4, 0xff, 0xc3, 0x39, 0xc8, 0xc8, 0xc8, 0xc8, 0xc8, 0xc8, 0xc8,
  0xc8, 0xc8, 0xc8, 0xc8, 0xc8, 0x03, 0x00, 0x00, 0x79, 0xff, 0xff, 0x6c,
  0x98, 0xff, 0xfc, 0x33, 0x34, 0x34, 0x34, 0x34, 0x34, 0x34, 0x34, 0x34,
  0x34, 0x34, 0x34, 0x34, 0x34, 0x26, 0x00, 0x29, 0xff, 0xff, 0xff, 0xff,
  0xff, 0xff, 0x94, 0x14, 0xff, 0xff, 0xff, 0xff, 0xff, 0xff, 0xff, 0xff,
  0xff, 0xff, 0xff, 0xff, 0xff, 0xbc, 0x00, 0x00, 0xd3, 0xff, 0xf3, 0xfe,
  0xff, 0xe6, 0x11, 0x14, 0xff, 0xff, 0x67, 0x37, 0xff, 0xff, 0x47, 0x7a,
  0xff, 0xcd, 0x34, 0xc6, 0xff, 0xbc, 0x00, 0x00, 0x2c, 0x1a, 0x5e, 0xff,
  0xff, 0x83, 0x87, 0x3a, 0xff, 0xff, 0xff, 0xff, 0xff, 0xff, 0xff, 0xff,
  0xff, 0xff, 0xff, 0xff, 0xff, 0xbc, 0x00, 0x00, 0x00, 0x24, 0xf1, 0xff,
  0x8c, 0x8f, 0xff, 0x7f, 0x0a, 0x34, 0x34, 0x34, 0x34, 0x34, 0x34, 0x34,
  0x34, 0x34, 0x34, 0x34, 0x30, 0x00, 0x00, 0x00, 0x15, 0xda, 0xff, 0xdf,
  0x53, 0x9a, 0xff, 0xcb, 0x34, 0xff, 0xff, 0xff, 0xff, 0xff, 0xff, 0xff,
  0xff, 0xff, 0xff, 0xff, 0xf0, 0x00, 0x00, 0x08, 0xde, 0xff, 0xff, 0xff,
  0xff, 0xff, 0xff, 0xfd, 0x45, 0xff, 0xff, 0x50, 0x00, 0x00, 0x00, 0x00,
  0x00, 0x00, 0xbc, 0xff, 0xf0, 0x00, 0x00, 0x00, 0xbd, 0xff, 0xff, 0xfc,
  0xdd, 0xb7, 0xe9, 0xff, 0x79, 0xff, 0xff, 0xff, 0xff, 0xff, 0xff, 0xff,
  0xff, 0xff, 0xff, 0xff, 0xf0, 0x00, 0x00, 0x00, 0x44, 0x60, 0x2e, 0x07,
  0x00, 0x00, 0x80, 0x6e, 0x43, 0xff, 0xff, 0x71, 0x30, 0x30, 0x30, 0x30,
  0x30, 0x30, 0xc8, 0xff, 0xf0, 0x00, 0x00, 0x00, 0x36, 0x88, 0x50, 0x3a,
  0x76, 0x73, 0xfc, 0x6c, 0x34, 0xff, 0xff, 0xff, 0xff, 0xff, 0xff, 0xff,
  0xff, 0xff, 0xff, 0xff, 0xf0, 0x00, 0x00, 0x00, 0x6a, 0xff, 0xc4, 0xb7,
  0xff, 0x73, 0xff, 0xb3, 0x34, 0xff, 0xff, 0x68, 0x24, 0x24, 0x24, 0x24,
  0x24, 0x24, 0xc5, 0xff, 0xf0, 0x00, 0x00, 0x00, 0x83, 0xff, 0xa7, 0xa0,
  0xff, 0x5c, 0xf3, 0xf3, 0x38, 0xff, 0xff, 0x97, 0x68, 0x68, 0x68, 0x68,
  0x68, 0x68, 0xd7, 0xff, 0xf0, 0x00, 0x00, 0x00, 0x9c, 0xff, 0x8a, 0x89,
  0xff, 0x75, 0xbf, 0xff, 0x66, 0xff, 0xff, 0xff, 0xff, 0xff, 0xff, 0xff,
  0xff, 0xff, 0xff, 0xff, 0xf0, 0x00, 0x00, 0x00, 0xc4, 0xff, 0x6a, 0x77,
  0xff, 0x8b, 0x8d, 0xd3, 0x32, 0x06, 0x5a, 0xc7, 0xff, 0x8d, 0x00, 0x00,
  0xa8, 0xfe, 0xbe, 0x5e, 0x0b, 0x00, 0x00, 0x03, 0xf1, 0xff, 0x3f, 0x69,
  0xff, 0x9a, 0x0c, 0x22, 0x8e, 0xea, 0xff, 0xff, 0xff, 0xdc, 0x2d, 0x08,
  0xc0, 0xff, 0xff, 0xff, 0xf1, 0x94, 0x05, 0x2a, 0xfb, 0xfc, 0x0e, 0x4c,
  0xa5, 0x4e, 0x00, 0x2f, 0xfe, 0xff, 0xfb, 0xb0, 0x48, 0x01, 0x00, 0x00,
  0x00, 0x29, 0x91, 0xf1, 0xff, 0xad, 0x00, 0x00, 0x10, 0x51, 0x00, 0x00,
  0x00, 0x00, 0x00, 0x00, 0x88, 0x6f, 0x16, 0x00, 0x00, 0x00, 0x00, 0x00,
  0x00, 0x00, 0x00, 0x0c, 0x70, 0x23, 0x00, 0x00, 0x00, 0x00, 0x00, 0x00,
  0x79, 0x49, 0x09, 0x00, 0x00, 0x00, 0x00, 0x00, 0x88, 0x9c, 0x94, 0x00,
  0x00, 0x00, 0x00, 0x00, 0x00, 0x00, 0x00, 0x00, 0x00, 0x00, 0x00, 0x52,
  0xff, 0xff, 0xde, 0x07, 0x00, 0x00, 0x00, 0x00, 0xe0, 0xff, 0xf4, 0x00,
  0x00, 0x00, 0x00, 0x00, 0x00, 0x00, 0x00, 0x00, 0x00, 0x00, 0x0c, 0xdd,
  0xff, 0xff, 0x51, 0x4b, 0xaa, 0x3b, 0x00, 0x00, 0xe0, 0xff, 0xf4, 0x00,
  0x00, 0x00, 0x00, 0x00, 0x00, 0x00, 0x00, 0x00, 0x00, 0x00, 0x9c, 0xff,
  0xff, 0x97, 0x10, 0xee, 0xff, 0xc8, 0x01, 0x00, 0xe0, 0xff, 0xff, 0xff,
  0xff, 0xff, 0xff, 0xff, 0xdc, 0x00, 0x00, 0x00, 0x00, 0x68, 0xff, 0xff,
  0xc3, 0x05, 0x00, 0x84, 0xff, 0xff, 0x53, 0x00, 0xe0, 0xff, 0xff, 0xff,
  0xff, 0xff, 0xff, 0xff, 0xdc, 0x00, 0x00, 0x00, 0x7b, 0xfe, 0xff, 0xff,
  0xe4, 0xe8, 0xfb, 0xff, 0xff, 0xff, 0xd5, 0x02, 0xe0, 0xff, 0xf9, 0x6c,
  0x6c, 0x6c, 0x6c, 0x6c, 0x5c, 0x00, 0x00, 0x00, 0x87, 0xff, 0xff, 0xff,
  0xff, 0xff, 0xff, 0xff, 0xff, 0xff, 0xff, 0x57, 0xe0, 0xff, 0xf4, 0x00,
  0x00, 0x00, 0x00, 0x00, 0x00, 0x00, 0x00, 0x00, 0x2c, 0xfd, 0xde, 0xbc,
  0x9e, 0x81, 0x66, 0x4d, 0x40, 0xf9, 0xff, 0xa6, 0xde, 0xff, 0xf6, 0x00,
  0x00, 0x00, 0x00, 0x00, 0x00, 0x00, 0x00, 0x00, 0x00, 0x12, 0x00, 0x00,
  0x00, 0x00, 0x00, 0x00, 0x00, 0x6d, 0x3d, 0x00, 0xcf, 0xff, 0xff, 0x26,
  0x00, 0x00, 0x00, 0x03, 0x19, 0x28, 0x00, 0x00, 0x00, 0xb8, 0xff, 0xff,
  0xff, 0xff, 0xff, 0xff, 0xff, 0xff, 0x60, 0x00, 0x9d, 0xff, 0xff, 0xff,
  0xff, 0xff, 0xff, 0xff, 0xff, 0xa8, 0x00, 0x00, 0x00, 0xb8, 0xff, 0xff,
  0xff, 0xff, 0xff, 0xff, 0xff, 0xff, 0x60, 0x00, 0x25, 0xe5, 0xff, 0xff,
  0xff, 0xff, 0xff, 0xff, 0xff, 0xc3, 0x00, 0x00, 0x00, 0xb8, 0xff, 0xf3,
  0x5c, 0x5c, 0x5c, 0x8f, 0xff, 0xff, 0x60, 0x00, 0x54, 0x6a, 0xa3, 0x62,
  0x68, 0x68, 0x68, 0x66, 0x5e, 0x3b, 0x00, 0x00, 0x00, 0xb8, 0xff, 0xec,
  0x70, 0xad, 0x11, 0x50, 0xff, 0xff, 0x60, 0x00, 0xe0, 0xff, 0xf4, 0x00,
  0x00, 0x00, 0x00, 0x00, 0x00, 0x00, 0x00, 0x00, 0x00, 0xb8, 0xff, 0xf6,
  0xe2, 0xff, 0xdd, 0x78, 0xff, 0xff, 0x60, 0x00, 0xe0, 0xff, 0xf4, 0x00,
  0x00, 0x00, 0x00, 0x00, 0x00, 0x00, 0x00, 0x00, 0x00, 0xba, 0xff, 0xea,
  0x17, 0xc7, 0xff, 0xef, 0xff, 0xff, 0x60, 0x00, 0xe0, 0xff, 0xff, 0xff,
  0xff, 0xff, 0xff, 0xff, 0xff, 0x08, 0x00, 0x00, 0x00, 0xc3, 0xff, 0xe1,
  0x00, 0x09, 0x90, 0xa0, 0xff, 0xff, 0x60, 0x00, 0xe0, 0xff, 0xff, 0xff,
  0xff, 0xff, 0xff, 0xff, 0xff, 0x08, 0x00, 0x00, 0x00, 0xd0, 0xff, 0xd1,
  0x0a, 0x6f, 0xe7, 0xff, 0xff, 0xff, 0x60, 0x00, 0xe0, 0xff, 0xf9, 0x78,
  0x78, 0x78, 0x78, 0x78, 0x78, 0x03, 0x00, 0x00, 0x00, 0xf3, 0xff, 0xec,
  0xeb, 0xff, 0xff, 0xe1, 0xff, 0xff, 0x60, 0x00, 0xe0, 0xff, 0xf4, 0x00,
  0x00, 0x00, 0x00, 0x15, 0x6a, 0x14, 0x00, 0x00, 0x1e, 0xff, 0xff, 0xd8,
  0xff, 0xf5, 0x6b, 0x50, 0xff, 0xff, 0x60, 0x00, 0xdf, 0xff, 0xf5, 0x00,
  0x00, 0x00, 0x00, 0x39, 0xff, 0xfd, 0x47, 0x00, 0x69, 0xff, 0xff, 0x53,
  0xaf, 0x23, 0x00, 0x50, 0xff, 0xff, 0x60, 0x00, 0xd3, 0xff, 0xff, 0x8c,
  0x78, 0x78, 0x79, 0xc4, 0xff, 0xff, 0x29, 0x02, 0xdd, 0xff, 0xfa, 0x0e,
  0x00, 0x68, 0x97, 0xc0, 0xff, 0xff, 0x57, 0x00, 0x9e, 0xff, 0xff, 0xff,
  0xff, 0xff, 0xff, 0xff, 0xff, 0xd8, 0x00, 0x00, 0x53, 0xf8, 0xa2, 0x00,
  0x00, 0x4e, 0xff, 0xff, 0xff, 0xf4, 0x1e, 0x00, 0x17, 0xab, 0xeb, 0xfd,
  0xff, 0xff, 0xff, 0xf7, 0xca, 0x33, 0x00, 0x00, 0x00, 0x4e, 0x1c, 0x00,
  0x00, 0x07, 0x99, 0x92, 0x6b, 0x1f, 0x00, 0x00, 0x00, 0x00, 0x00, 0x00,
  0x00, 0x00, 0x00, 0x00, 0x00, 0x00, 0x00, 0x00, 0x00, 0x00, 0x00, 0x00,
  0x3c, 0xb0, 0xb0, 0x58, 0x00, 0x00, 0x00, 0x00, 0x00, 0x00, 0x39, 0xb0,
  0xb0, 0x58, 0x00, 0x00, 0x00, 0x00, 0x00, 0x39, 0x54, 0x54, 0x54, 0x8f,
  0xff, 0xff, 0xaa, 0x54, 0x54, 0x2d, 0x31, 0x54, 0x54, 0x8c, 0xff, 0xff,
  0xaa, 0x54, 0x54, 0x54, 0x37, 0x00, 0xb0, 0xff, 0xff, 0xff, 0xff, 0xff,
  0xff, 0xff, 0xff, 0xff, 0x8c, 0x98, 0xff, 0xff, 0xff, 0xff, 0xff, 0xff,
  0xff, 0xff, 0xff, 0xa8, 0x00, 0xb0, 0xff, 0xff, 0xff, 0xff, 0xff, 0xff,
  0xff, 0xff, 0xff, 0x8c, 0x98, 0xff, 0xff, 0xff, 0xff, 0xff, 0xff, 0xff,
  0xff, 0xff, 0xa8, 0x00, 0x00, 0x00, 0x04, 0x04, 0x58, 0xff, 0xff, 0x80,
  0x00, 0x2f, 0xc1, 0x95, 0x41, 0x00, 0x50, 0xf4, 0xf4, 0x7e, 0x00, 0x00,
  0x00, 0x00, 0x00, 0x00, 0x00, 0x5f, 0xec, 0x98, 0x24, 0x24, 0x12, 0x00,
  0x75, 0xff, 0xff, 0x3d, 0x00, 0x00, 0x00, 0x20, 0xe5, 0x97, 0x13, 0x00,
  0x00, 0x00, 0x00, 0x02, 0xd3, 0xff, 0x78, 0x04, 0x00, 0xab, 0xe4, 0xf5,
  0xff, 0xfd, 0xd3, 0xda, 0xc1, 0x00, 0x8c, 0xff, 0xcc, 0x0d, 0x03, 0x00,
  0x00, 0x00, 0x67, 0xff, 0xd4, 0x15, 0xdf, 0x96, 0xd2, 0xff, 0xfa, 0xf0,
  0xf0, 0xfa, 0xff, 0xdc, 0x1b, 0xf4, 0xfb, 0x35, 0xa9, 0xe0, 0x5b, 0x00,
  0x45, 0xf4, 0xff, 0x91, 0xaa, 0xff, 0xd6, 0xc8, 0xff, 0xa0, 0x00, 0x00,
  0xa0, 0xff, 0xe7, 0xc6, 0xff, 0xcd, 0x8e, 0xff, 0xfc, 0x37, 0x00, 0x67,
  0xff, 0xff, 0xff, 0xff, 0xf8, 0x31, 0xc0, 0xff, 0xff, 0xff, 0xff, 0xff,
  0xff, 0xdf, 0xe6, 0xff, 0xff, 0xff, 0xff, 0x7e, 0x00, 0x00, 0x0f, 0x90,
  0x76, 0xfa, 0xff, 0x93, 0x22, 0xc0, 0xff, 0xe5, 0xb8, 0xb8, 0xe5, 0xff,
  0xdc, 0x60, 0x6c, 0xe1, 0xff, 0xb9, 0x48, 0x00, 0x00, 0x00, 0x08, 0xc1,
  0xff, 0x9a, 0xfa, 0x9f, 0xc0, 0xff, 0xa7, 0x14, 0x14, 0xa7, 0xff, 0xdc,
  0x00, 0x86, 0xff, 0xce, 0xa6, 0xff, 0x3b, 0x00, 0x13, 0xc2, 0xff, 0xf3,
  0x9d, 0xf1, 0xf1, 0xc3, 0xff, 0xff, 0xff, 0xff, 0xff, 0xff, 0xdc, 0x96,
  0xff, 0xff, 0xae, 0xcc, 0xff, 0x92, 0x00, 0x05, 0xec, 0xff, 0xff, 0xff,
  0xfb, 0xff, 0xde, 0xe0, 0xec, 0xff, 0xff, 0xf2, 0xe8, 0xc7, 0x9d, 0xff,
  0xff, 0xff, 0xee, 0xfd, 0xd1, 0x00, 0x00, 0x59, 0x51, 0x2c, 0x0d, 0x3d,
  0x74, 0x15, 0x00, 0x6c, 0xff, 0xff, 0x6c, 0x00, 0x00, 0x30, 0x5b, 0x2e,
  0x0c, 0x00, 0x7b, 0x43, 0x00, 0xa0, 0xff, 0xff, 0xff, 0xff, 0xff, 0xff,
  0xff, 0xff, 0xff, 0xff, 0xff, 0xff, 0xff, 0xff, 0xff, 0xff, 0xff, 0xff,
  0xff, 0xff, 0xa8, 0x00, 0xa0, 0xff, 0xff, 0xff, 0xff, 0xff, 0xff, 0xff,
  0xff, 0xff, 0xff, 0xff, 0xff, 0xff, 0xff, 0xff, 0xff, 0xff, 0xff, 0xff,
  0xff, 0xa8, 0x00, 0x19, 0x28, 0x28, 0x28, 0x28, 0x28, 0x87, 0x6c, 0x29,
  0x83, 0xff, 0xff, 0x83, 0x28, 0x83, 0xa7, 0x4b, 0x28, 0x28, 0x28, 0x28,
  0x1a, 0x00, 0x00, 0x00, 0x00, 0x07, 0x54, 0xc7, 0xff, 0xff, 0x7b, 0x6c,
  0xff, 0xff, 0x6c, 0x53, 0xfc, 0xff, 0xff, 0xc1, 0x58, 0x05, 0x00, 0x00,
  0x01, 0x2b, 0x62, 0x9f, 0xf0, 0xff, 0xff, 0xf8, 0x72, 0x00, 0x6c, 0xff,
  0xff, 0x6c, 0x0b, 0x62, 0xc6, 0xff, 0xff, 0xff, 0xe8, 0x7d, 0x11, 0x05,
  0xbb, 0xff, 0xff, 0xff, 0xfb, 0x9c, 0x1e, 0x00, 0x00, 0x6c, 0xff, 0xff,
  0x6c, 0x00, 0x00, 0x00, 0x36, 0xab, 0xfc, 0xff, 0xff, 0x97, 0x00, 0x11,
  0xe3, 0xdd, 0x89, 0x23, 0x00, 0x00, 0x00, 0x00, 0x6c, 0xff, 0xff, 0x6c,
  0x00, 0x00, 0x00, 0x00, 0x00, 0x25, 0xa5, 0xb4, 0x05, 0x00, 0x00, 0x0b,
  0x00, 0x00, 0x00, 0x00, 0x00, 0x00, 0x00, 0x46, 0xa8, 0xa8, 0x46, 0x00,
  0x00, 0x00, 0x00, 0x00, 0x00, 0x00, 0x00, 0x00, 0x00, 0x00, 0x00, 0x00,
  0x00, 0x00, 0x00, 0x00, 0x00, 0x00, 0x51, 0xa8, 0xa8, 0x41, 0x00, 0x00,
  0x00, 0x00, 0x00, 0x00, 0x00, 0x00, 0x00, 0x00, 0x00, 0x00, 0x00, 0x00,
  0x00, 0x00, 0x00, 0x00, 0x00, 0x00, 0x7c, 0xff, 0xff, 0x64, 0x00, 0x00,
  0x00, 0x00, 0x00, 0x00, 0x00, 0x00, 0x00, 0x00, 0x00, 0x00, 0x8c, 0xff,
  0xff, 0xff, 0xff, 0xff, 0xff, 0xff, 0xff, 0xff, 0xff, 0xff, 0xff, 0xff,
  0xff, 0xff, 0xff, 0xff, 0xff, 0xc0, 0x00, 0x00, 0x00, 0x00, 0x8c, 0xff,
  0xff, 0xff, 0xff, 0xff, 0xff, 0xff, 0xff, 0xff, 0xff, 0xff, 0xff, 0xff,
  0xff, 0xff, 0xff, 0xff, 0xff, 0xc0, 0x00, 0x00, 0x00, 0x00, 0x36, 0x64,
  0x64, 0x64, 0x64, 0x64, 0x64, 0x64, 0xaf, 0xff, 0xff, 0xa0, 0x64, 0x64,
  0x64, 0x64, 0x64, 0x64, 0x64, 0x4b, 0x00, 0x00, 0x00, 0x00, 0x00, 0x00,
  0x00, 0x00, 0x00, 0x00, 0x00, 0x00, 0x7c, 0xff, 0xff, 0x64, 0x00, 0x00,
  0x00, 0x00, 0x00, 0x00, 0x00, 0x00, 0x00, 0x00, 0x00, 0x00, 0x00, 0x60,
  0xff, 0xff, 0xff, 0xff, 0xff, 0xff, 0xff, 0xff, 0xff, 0xff, 0xff, 0xff,
  0xff, 0xff, 0xff, 0xff, 0xd0, 0x00, 0x00, 0x00, 0x00, 0x00, 0x00, 0x60,
  0xff, 0xff, 0xff, 0xff, 0xff, 0xff, 0xff, 0xff, 0xff, 0xff, 0xff, 0xff,
  0xff, 0xff, 0xff, 0xff, 0xd0, 0x00, 0x00, 0x00, 0x00, 0x00, 0x00, 0x18,
  0x40, 0x40, 0x40, 0x40, 0x40, 0x40, 0x9d, 0xff, 0xff, 0x8b, 0x40, 0x40,
  0x40, 0x40, 0x40, 0x40, 0x34, 0x00, 0x00, 0x00, 0x00, 0x94, 0xff, 0xff,
  0xff, 0xff, 0xff, 0xff, 0xff, 0xff, 0xff, 0xff, 0xff, 0xff, 0xff, 0xff,
  0xff, 0xff, 0xff, 0xff, 0xff, 0xff, 0x90, 0x00, 0x00, 0x94, 0xff, 0xff,
  0xff, 0xff, 0xff, 0xff, 0xff, 0xff, 0xff, 0xff, 0xff, 0xff, 0xff, 0xff,
  0xff, 0xff, 0xff, 0xff, 0xff, 0xff, 0x90, 0x00, 0x00, 0x39, 0x64, 0x64,
  0x64, 0x64, 0x64, 0x86, 0xfa, 0xff, 0xff, 0xea, 0xff, 0xff, 0xc7, 0x64,
  0x64, 0x64, 0x64, 0x69, 0x64, 0x64, 0x38, 0x00, 0x00, 0x00, 0x00, 0x00,
  0x00, 0x01, 0x60, 0xf2, 0xff, 0xff, 0xd0, 0x18, 0xdf, 0xff, 0xf2, 0x10,
  0x00, 0x00, 0x10, 0xc0, 0xad, 0x0f, 0x00, 0x00, 0x00, 0x00, 0x00, 0x00,
  0x39, 0xc7, 0xff, 0xff, 0xff, 0xb5, 0x0f, 0x00, 0x78, 0xff, 0xff, 0x8b,
  0x00, 0x2c, 0xd9, 0xff, 0xff, 0xd8, 0x0d, 0x00, 0x00, 0x02, 0x48, 0xbc,
  0xff, 0xff, 0xff, 0xff, 0xc4, 0x02, 0x00, 0x00, 0x0d, 0xec, 0xff, 0xfc,
  0x84, 0xf6, 0xff, 0xff, 0xdd, 0x38, 0x00, 0x00, 0x20, 0xe2, 0xff, 0xff,
  0xff, 0xff, 0xff, 0xff, 0xb0, 0x00, 0x00, 0x00, 0x00, 0x6d, 0xff, 0xff,
  0xff, 0xff, 0xfd, 0x94, 0x0d, 0x00, 0x00, 0x00, 0x00, 0x80, 0xff, 0xff,
  0xe0, 0x9b, 0xff, 0xff, 0xb0, 0x00, 0x00, 0x00, 0x00, 0x02, 0xc7, 0xff,
  0xff, 0xff, 0x59, 0x00, 0x00, 0x00, 0x00, 0x00, 0x00, 0x02, 0x97, 0x5c,
  0x06, 0x48, 0xff, 0xff, 0xb0, 0x00, 0x00, 0x2b, 0x71, 0xa9, 0x1e, 0xeb,
  0xff, 0xff, 0xf2, 0x60, 0x00, 0x00, 0x00, 0x00, 0x00, 0x00, 0x00, 0x00,
  0x00, 0x56, 0xff, 0xff, 0xd2, 0x9d, 0xe4, 0xff, 0xff, 0xff, 0x10, 0x38,
  0xf1, 0xff, 0xff, 0xff, 0xb5, 0x36, 0x00, 0x00, 0x00, 0x00, 0x00, 0x00,
  0x09, 0xc3, 0xff, 0xff, 0xff, 0xff, 0xff, 0xff, 0xff, 0xf9, 0x37, 0x00,
  0x34, 0xe2, 0xff, 0xff, 0xff, 0xff, 0xd0, 0x1e, 0x00, 0x00, 0x00, 0x00,
  0x3d, 0xff, 0xff, 0xff, 0xff, 0xff, 0xee, 0xa4, 0x55, 0x0d, 0x00, 0x00,
  0x00, 0x13, 0xa4, 0xfe, 0xff, 0xff, 0x92, 0x00, 0x00, 0x00, 0x00, 0x00,
  0x00, 0xbd, 0xff, 0xe4, 0x93, 0x43, 0x04, 0x00, 0x00, 0x00, 0x00, 0x00,
  0x00, 0x00, 0x00, 0x35, 0xaa, 0xd9, 0x0a, 0x00, 0x00, 0x00, 0x00, 0x00,
  0x00, 0x3d, 0x40, 0x01, 0x00, 0x00, 0x00, 0x00, 0x00, 0x00, 0x00, 0x00,
  0x00, 0x00, 0x00, 0x00, 0x00, 0x03, 0x00, 0x00, 0x00, 0x00, 0x00, 0x03,
  0x54, 0x0b, 0x00, 0x00, 0x00, 0x00, 0x00, 0x00, 0x00, 0x00, 0x63, 0xa8,
  0xa8, 0x17, 0x10, 0x8c, 0x1d, 0x00, 0x00, 0x00, 0x00, 0x00, 0x26, 0xdf,
  0xff, 0x9d, 0x00, 0x00, 0x00, 0x00, 0x00, 0x00, 0x00, 0x00, 0x98, 0xff,
  0xff, 0x2a, 0xcb, 0xff, 0xf5, 0x71, 0x01, 0x00, 0x00, 0x00, 0x01, 0xc5,
  0xff, 0xff, 0x4b, 0x00, 0x00, 0x00, 0x00, 0x00, 0x00, 0x00, 0x98, 0xff,
  0xff, 0x24, 0x38, 0xda, 0xff, 0xff, 0x7f, 0x00, 0x00, 0x00, 0x00, 0x32,
  0xfe, 0xff, 0x95, 0x00, 0x1a, 0x8c, 0x8c, 0x8c, 0x8c, 0x8c, 0xd0, 0xff,
  0xff, 0x9c, 0x8c, 0x9b, 0xfc, 0xfe, 0x9b, 0x15, 0x00, 0x54, 0x70, 0x70,
  0xdf, 0xb2, 0x77, 0x38, 0x30, 0xff, 0xff, 0xff, 0xff, 0xff, 0xff, 0xff,
  0xff, 0xff, 0xff, 0xff, 0xff, 0xff, 0xff, 0x28, 0x00, 0xc0, 0xff, 0xff,
  0xff, 0xff, 0xff, 0xfe, 0x6f, 0xff, 0xff, 0xff, 0xff, 0xff, 0xff, 0xff,
  0xff, 0xff, 0xff, 0xff, 0xff, 0xff, 0xff, 0x28, 0x00, 0xc0, 0xff, 0xff,
  0xff, 0xff, 0xff, 0xed, 0x07, 0x00, 0x00, 0x00, 0x00, 0x00, 0x98, 0xff,
  0xff, 0x24, 0x00, 0x00, 0x00, 0x00, 0x00, 0x00, 0x00, 0x00, 0x00, 0x00,
  0x11, 0xf1, 0xff, 0x8f, 0x00, 0x3f, 0x60, 0x60, 0x60, 0x60, 0xbf, 0xff,
  0xff, 0x76, 0x60, 0x60, 0x60, 0x60, 0x25, 0x00, 0x00, 0x00, 0x00, 0x00,
  0x82, 0xff, 0xfa, 0x20, 0x00, 0xa8, 0xff, 0xff, 0xff, 0xff, 0xff, 0xff,
  0xff, 0xff, 0xff, 0xff, 0xff, 0xff, 0x64, 0x00, 0x00, 0x00, 0x00, 0x11,
  0xf0, 0xff, 0x9b, 0x72, 0x9f, 0xc3, 0xff, 0xff, 0xff, 0xff, 0xff, 0xff,
  0xff, 0xff, 0xff, 0xff, 0xff, 0xff, 0x64, 0x00, 0x00, 0x00, 0x00, 0x9f,
  0xff, 0xff, 0x5b, 0xf1, 0xee, 0xc4, 0xff, 0xff, 0x00, 0x00, 0x98, 0xff,
  0xff, 0x24, 0x00, 0x4c, 0xff, 0xff, 0x64, 0x00, 0x00, 0x00, 0x47, 0xff,
  0xff, 0xff, 0xfd, 0xff, 0x55, 0xa8, 0xff, 0xff, 0xff, 0xff, 0xff, 0xff,
  0xff, 0xff, 0xff, 0xff, 0xff, 0xff, 0x64, 0x00, 0x00, 0x16, 0xe3, 0xff,
  0xff, 0xff, 0xff, 0xd6, 0x00, 0xa8, 0xff, 0xff, 0xff, 0xff, 0xff, 0xff,
  0xff, 0xff, 0xff, 0xff, 0xff, 0xff, 0x64, 0x00, 0x0c, 0xc7, 0xff, 0xff,
  0xff, 0xff, 0xff, 0xff, 0x75, 0xa8, 0xff, 0xff, 0x44, 0x44, 0xb3, 0xff,
  0xff, 0x5e, 0x44, 0x7b, 0xff, 0xff, 0x64, 0x00, 0x5b, 0xff, 0xff, 0xee,
  0xff, 0xff, 0x9e, 0xff, 0xa3, 0xa8, 0xff, 0xff, 0x00, 0x00, 0x98, 0xff,
  0xff, 0x24, 0x00, 0x4c, 0xff, 0xff, 0x64, 0x00, 0x00, 0xc4, 0xc3, 0x7a,
  0xff, 0xff, 0x26, 0xa8, 0x0a, 0xa8, 0xff, 0xff, 0xff, 0xff, 0xff, 0xff,
  0xff, 0xff, 0xff, 0xff, 0xff, 0xff, 0x64, 0x00, 0x00, 0x32, 0x12, 0x74,
  0xff, 0xff, 0x20, 0x00, 0x00, 0xa8, 0xff, 0xff, 0xff, 0xff, 0xff, 0xff,
  0xff, 0xff, 0xff, 0xff, 0xff, 0xff, 0x64, 0x00, 0x00, 0x00, 0x00, 0x74,
  0xff, 0xff, 0x20, 0x00, 0x00, 0xa8, 0xff, 0xff, 0x34, 0x34, 0xad, 0xff,
  0xff, 0x50, 0x34, 0x70, 0xff, 0xff, 0x64, 0x00, 0x00, 0x00, 0x00, 0x74,
  0xff, 0xff, 0x20, 0x00, 0x00, 0xa8, 0xff, 0xff, 0x00, 0x00, 0x98, 0xff,
  0xff, 0x24, 0x00, 0x4c, 0xff, 0xff, 0x64, 0x00, 0x00, 0x00, 0x00, 0x74,
  0xff, 0xff, 0x20, 0x00, 0x00, 0xa8, 0xff, 0xff, 0x00, 0x00, 0x98, 0xff,
  0xff, 0x27, 0x11, 0x60, 0xff, 0xff, 0x63, 0x00, 0x00, 0x00, 0x00, 0x74,
  0xff, 0xff, 0x20, 0x00, 0x00, 0xa8, 0xff, 0xff, 0x00, 0x00, 0x98, 0xff,
  0xff, 0x2a, 0xec, 0xff, 0xff, 0xff, 0x50, 0x00, 0x00, 0x00, 0x00, 0x74,
  0xff, 0xff, 0x20, 0x00, 0x00, 0xa8, 0xff, 0xff, 0x00, 0x00, 0x98, 0xff,
  0xff, 0x24, 0x9f, 0xff, 0xff, 0xd8, 0x0c, 0x00, 0x00, 0x00, 0x00, 0x3d,
  0x88, 0x88, 0x11, 0x00, 0x00, 0x69, 0xa0, 0xa0, 0x00, 0x00, 0x44, 0x74,
  0x74, 0x10, 0x2d, 0x5b, 0x3d, 0x03, 0x00, 0x00, 0x84, 0xff, 0xff, 0xff,
  0xff, 0xff, 0xff, 0xff, 0xff, 0xff, 0xff, 0xff, 0xff, 0xff, 0xff, 0xff,
  0xff, 0xff, 0xff, 0xff, 0xff, 0x64, 0x84, 0xff, 0xff, 0xff, 0xff, 0xff,
  0xff, 0xff, 0xff, 0xff, 0xff, 0xff, 0xff, 0xff, 0xff, 0xff, 0xff, 0xff,
  0xff, 0xff, 0xff, 0x64, 0x46, 0x88, 0x88, 0x88, 0x88, 0x88, 0xa0, 0xff,
  0xff, 0xc2, 0x88, 0x88, 0xe7, 0xff, 0xf2, 0x88, 0x88, 0x88, 0x88, 0x88,
  0x88, 0x35, 0x00, 0x00, 0x00, 0x00, 0x00, 0x00, 0x34, 0xff, 0xff, 0x7c,
  0x00, 0x00, 0xcc, 0xff, 0xe4, 0x00, 0x00, 0x00, 0x00, 0x00, 0x00, 0x00,
  0x00, 0x64, 0xff, 0xff, 0xff, 0xff, 0xff, 0xff, 0xff, 0xff, 0xff, 0xff,
  0xff, 0xff, 0xff, 0xff, 0xff, 0xff, 0xff, 0xff, 0xa0, 0x00, 0x00, 0x64,
  0xff, 0xff, 0xff, 0xff, 0xff, 0xff, 0xff, 0xff, 0xff, 0xff, 0xff, 0xff,
  0xff, 0xff, 0xff, 0xff, 0xff, 0xff, 0xa0, 0x00, 0x00, 0x64, 0xff, 0xff,
  0x73, 0x3c, 0x63, 0xff, 0xff, 0x9a, 0x3c, 0x3c, 0xd8, 0xff, 0xea, 0x3c,
  0x3c, 0x69, 0xff, 0xff, 0xa0, 0x00, 0x00, 0x64, 0xff, 0xff, 0x48, 0x00,
  0x34, 0xff, 0xff, 0x7c, 0x00, 0x00, 0xcc, 0xff, 0xe4, 0x00, 0x00, 0x3c,
  0xff, 0xff, 0xa0, 0x00, 0x00, 0x64, 0xff, 0xff, 0xff, 0xff, 0xff, 0xff,
  0xff, 0xff, 0xff, 0xff, 0xff, 0xff, 0xff, 0xff, 0xff, 0xff, 0xff, 0xff,
  0xa0, 0x00, 0x00, 0x64, 0xff, 0xff, 0xff, 0xff, 0xff, 0xff, 0xff, 0xff,
  0xff, 0xff, 0xff, 0xff, 0xff, 0xff, 0xff, 0xff, 0xff, 0xff, 0xa0, 0x00,
  0x00, 0x15, 0x38, 0x38, 0x38, 0x38, 0x3a, 0xdc, 0xdc, 0xad, 0x48, 0x38,
  0x38, 0x38, 0x38, 0x3c, 0x39, 0x38, 0x38, 0x38, 0x23, 0x00, 0x00, 0x00,
  0x00, 0x00, 0x00, 0x00, 0x72, 0xff, 0xff, 0xc4, 0x01, 0x00, 0x00, 0x00,
  0x00, 0x87, 0xf0, 0xbf, 0x3d, 0x00, 0x00, 0x00, 0xe0, 0xff, 0xff, 0xff,
  0xff, 0xff, 0xff, 0xff, 0xff, 0xff, 0xff, 0xff, 0xff, 0xff, 0xff, 0xff,
  0xff, 0xff, 0xff, 0xff, 0xff, 0xe0, 0xe0, 0xff, 0xff, 0xff, 0xff, 0xff,
  0xff, 0xff, 0xff, 0xff, 0xff, 0xff, 0xff, 0xff, 0xff, 0xff, 0xff, 0xff,
  0xff, 0xff, 0xff, 0xe0, 0x4d, 0x58, 0x58, 0x58, 0xb5, 0xff, 0xff, 0xd0,
  0x58, 0x58, 0x58, 0x58, 0x58, 0xc4, 0xff, 0xff, 0xeb, 0x5a, 0x58, 0x58,
  0x58, 0x4d, 0x00, 0x00, 0x00, 0x33, 0xf8, 0xff, 0xff, 0xc8, 0x7e, 0x4a,
  0x13, 0x05, 0x8c, 0xff, 0xff, 0xfe, 0x50, 0x00, 0x00, 0x00, 0x00, 0x00,
  0x00, 0x00, 0x03, 0xb0, 0xf7, 0xff, 0xff, 0xff, 0xff, 0xff, 0xff, 0xee,
  0xff, 0xff, 0xff, 0x6d, 0x00, 0x00, 0x00, 0x00, 0x00, 0x00, 0x00, 0x00,
  0x00, 0x00, 0x04, 0x34, 0x91, 0xef, 0xff, 0xff, 0xff, 0xff, 0xff, 0xff,
  0xff, 0xd8, 0x89, 0x3b, 0x02, 0x00, 0x00, 0x00, 0x6e, 0x9f, 0xaf, 0xc5,
  0xdf, 0xfc, 0xff, 0xff, 0xff, 0xff, 0xff, 0xf5, 0xe0, 0xff, 0xff, 0xff,
  0xff, 0xff, 0xe9, 0x95, 0x3c, 0x01, 0x5f, 0xff, 0xff, 0xff, 0xff, 0xff,
  0xff, 0xff, 0xf3, 0xb9, 0x68, 0x0e, 0x00, 0x3b, 0x9a, 0xf3, 0xff, 0xff,
  0xff, 0xff, 0xf8, 0x40, 0x0b, 0xed, 0xde, 0xc5, 0xaa, 0x85, 0x5f, 0x33,
  0x04, 0x00, 0x00, 0x00, 0x00, 0x00, 0x00, 0x0c, 0x68, 0xd4, 0xff, 0xf3,
  0x42, 0x00, 0x00, 0x00, 0x00, 0x00, 0x00, 0x00, 0x00, 0x00, 0x00, 0x00,
  0x00, 0x00, 0x00, 0x00, 0x00, 0x00, 0x00, 0x01, 0x4f, 0x36, 0x00, 0x00,
  0x00, 0x00, 0x00, 0x00, 0x00, 0x00, 0x00, 0x00, 0x00, 0x00, 0x00, 0x00,
  0x00, 0x17, 0x84, 0x4e, 0x10, 0x00, 0x00, 0x00, 0x00, 0x00, 0x00, 0x00,
  0x00, 0x10, 0xff, 0xff, 0xff, 0xff, 0xff, 0xff, 0xff, 0xff, 0xff, 0xc4,
  0x00, 0x81, 0xff, 0xff, 0x41, 0x00, 0x00, 0x00, 0x00, 0x00, 0x00, 0x00,
  0x00, 0x10, 0xff, 0xff, 0xd8, 0xc0, 0xfb, 0xff, 0xd3, 0xc0, 0xc0, 0x93,
  0x21, 0xf4, 0xff, 0xff, 0xff, 0xff, 0xff, 0xff, 0xff, 0xff, 0xbc, 0x00,
  0x00, 0x10, 0xff, 0xff, 0x80, 0x34, 0xf0, 0xff, 0x70, 0x34, 0x34, 0x1f,
  0xd0, 0xff, 0xe8, 0x38, 0x34, 0x34, 0x34, 0x34, 0x34, 0x21, 0x00, 0x00,
  0x00, 0x10, 0xff, 0xff, 0xff, 0xff, 0xff, 0xff, 0xff, 0xff, 0xff, 0xa9,
  0xfa, 0xe3, 0xd5, 0xff, 0xff, 0xff, 0xff, 0xff, 0xff, 0xa4, 0x00, 0x00,
  0x00, 0x10, 0xff, 0xff, 0x60, 0x00, 0x00, 0x00, 0x20, 0xff, 0xff, 0x40,
  0x35, 0x28, 0x00, 0x00, 0x00, 0x00, 0x00, 0x00, 0x00, 0x00, 0x00, 0x00,
  0x00, 0x10, 0xff, 0xff, 0xff, 0xff, 0xff, 0xff, 0xff, 0xff, 0xff, 0x40,
  0x1c, 0xb8, 0xb8, 0xb8, 0xb8, 0xb8, 0xb8, 0xb8, 0xb8, 0xb8, 0x45, 0x00,
  0x00, 0x10, 0xff, 0xff, 0x88, 0x40, 0xf1, 0xff, 0x79, 0x40, 0x40, 0x10,
  0x28, 0xff, 0xd3, 0x94, 0xff, 0x5f, 0xfa, 0x9e, 0xc1, 0xff, 0x60, 0x00,
  0x00, 0x10, 0xff, 0xff, 0xff, 0xff, 0xff, 0xff, 0xff, 0xff, 0xff, 0xf4,
  0x28, 0xff, 0xe8, 0xc7, 0xff, 0xac, 0xfd, 0xcd, 0xdf, 0xff, 0x60, 0x00,
  0x00, 0x0b, 0xb8, 0xb8, 0xb8, 0xb8, 0xb8, 0xb8, 0xb8, 0xb8, 0xb8, 0xaf,
  0x1e, 0xc0, 0xc0, 0xc0, 0xc0, 0xc0, 0xc0, 0xc0, 0xc0, 0xc0, 0x48, 0x00,
  0x00, 0x00, 0x00, 0x00, 0x1e, 0x34, 0x34, 0x34, 0x34, 0x34, 0x34, 0x34,
  0x34, 0x34, 0x34, 0x34, 0x34, 0x34, 0x34, 0x1e, 0x00, 0x00, 0x00, 0x00,
  0x00, 0x00, 0x00, 0x00, 0x94, 0xff, 0xff, 0xff, 0xff, 0xff, 0xff, 0xff,
  0xff, 0xff, 0xff, 0xff, 0xff, 0xff, 0xff, 0x94, 0x00, 0x00, 0x00, 0x00,
  0x00, 0x00, 0x00, 0x00, 0x94, 0xff, 0xff, 0x20, 0x00, 0x00, 0x00, 0x00,
  0x00, 0x00, 0x00, 0x00, 0x38, 0xff, 0xff, 0x94, 0x00, 0x00, 0x00, 0x00,
  0x00, 0x00, 0x00, 0x00, 0x94, 0xff, 0xff, 0xff, 0xff, 0xff, 0xff, 0xff,
  0xff, 0xff, 0xff, 0xff, 0xff, 0xff, 0xff, 0x94, 0x00, 0x00, 0x00, 0x00,
  0x00, 0x00, 0x00, 0x00, 0x94, 0xff, 0xff, 0x58, 0x40, 0x40, 0x40, 0x40,
  0x40, 0x40, 0x40, 0x40, 0x6a, 0xff, 0xff, 0x94, 0x00, 0x00, 0x00, 0x00,
  0x00, 0x00, 0x00, 0x00, 0x94, 0xff, 0xff, 0xff, 0xff, 0xff, 0xff, 0xff,
  0xff, 0xff, 0xff, 0xff, 0xff, 0xff, 0xff, 0x94, 0x00, 0x00, 0x00, 0x00,
  0x00, 0x00, 0x00, 0x00, 0x94, 0xff, 0xff, 0x58, 0x40, 0x40, 0x40, 0x40,
  0x40, 0x40, 0x40, 0x40, 0x6a, 0xff, 0xff, 0x94, 0x00, 0x00, 0x00, 0x00,
  0x00, 0x00, 0x00, 0x00, 0x94, 0xff, 0xff, 0xff, 0xff, 0xff, 0xff, 0xff,
  0xff, 0xff, 0xff, 0xff, 0xff, 0xff, 0xff, 0x94, 0x00, 0x00, 0x00, 0x00,
  0x00, 0x00, 0x00, 0x00, 0x40, 0x70, 0x70, 0xd9, 0xff, 0xff, 0x94, 0x70,
  0x70, 0xfd, 0xff, 0xde, 0x70, 0x70, 0x70, 0x40, 0x17, 0x29, 0x00, 0x00,
  0x00, 0x00, 0x00, 0x00, 0x00, 0x29, 0x98, 0xff, 0xff, 0xda, 0x04, 0x00,
  0x00, 0xf7, 0xff, 0xda, 0x2a, 0x24, 0x24, 0x24, 0x7e, 0xff, 0xd7, 0x15,
  0x0c, 0x93, 0xaa, 0xc7, 0xeb, 0xff, 0xff, 0xff, 0xde, 0x29, 0x00, 0x00,
  0x00, 0xd4, 0xff, 0xff, 0xff, 0xff, 0xff, 0xff, 0xff, 0xff, 0xe4, 0x01,
  0x00, 0x94, 0xff, 0xff, 0xff, 0xff, 0xd9, 0x76, 0x0d, 0x00, 0x00, 0x00,
  0x00, 0x3a, 0xc5, 0xf2, 0xfe, 0xff, 0xff, 0xff, 0xfa, 0xd6, 0x43, 0x00,
  0x00, 0x1d, 0x99, 0x78, 0x4f, 0x1d, 0x00, 0x00, 0x00, 0x00, 0x00, 0x00,
  0x00, 0x00, 0x00, 0x00, 0x00, 0x00, 0x00, 0x00, 0x00, 0x00, 0x00, 0x00,
  0x00, 0x00, 0x00, 0x00, 0x4c, 0x73, 0x00, 0x00, 0x00, 0x00, 0x00, 0x00,
  0x00, 0x00, 0x00, 0x00, 0x00, 0x00, 0x00, 0x00, 0x00, 0x00, 0x00, 0x00,
  0x00, 0x00, 0x74, 0xff, 0xfd, 0x39, 0x00, 0x00, 0x00, 0x00, 0x51, 0xb4,
  0xb4, 0x2a, 0x00, 0x00, 0x00, 0x00, 0x32, 0xe8, 0xe8, 0x86, 0x00, 0x00,
  0x00, 0x0e, 0xe8, 0xff, 0xc7, 0x00, 0x00, 0x00, 0x00, 0x74, 0xff, 0xff,
  0x3c, 0x2f, 0xa0, 0xa0, 0x2a, 0x38, 0xff, 0xff, 0x94, 0x00, 0x00, 0x00,
  0x00, 0x6e, 0xf6, 0x8b, 0x06, 0x00, 0x00, 0x00, 0x74, 0xff, 0xff, 0x3c,
  0x4c, 0xff, 0xff, 0x44, 0x38, 0xff, 0xff, 0x94, 0x34, 0xff, 0xff, 0xff,
  0xff, 0xff, 0xff, 0xff, 0xff, 0xcc, 0x00, 0x74, 0xff, 0xff, 0x3c, 0x4c,
  0xff, 0xff, 0x44, 0x38, 0xff, 0xff, 0x94, 0x34, 0xff, 0xff, 0xff, 0xff,
  0xff, 0xff, 0xff, 0xff, 0xcc, 0x00, 0x74, 0xff, 0xff, 0x3c, 0x4c, 0xff,
  0xff, 0x44, 0x38, 0xff, 0xff, 0x94, 0x0d, 0x40, 0x40, 0x40, 0x40, 0x40,
  0x40, 0x40, 0x40, 0x33, 0x00, 0x74, 0xff, 0xff, 0x3c, 0x4c, 0xff, 0xff,
  0x44, 0x38, 0xff, 0xff, 0x94, 0x00, 0x2c, 0xff, 0xff, 0xff, 0xff, 0xff,
  0xff, 0xec, 0x00, 0x00, 0x74, 0xff, 0xff, 0x3c, 0x4c, 0xff, 0xff, 0x44,
  0x38, 0xff, 0xff, 0x94, 0x00, 0x2c, 0xff, 0xff, 0xff, 0xff, 0xff, 0xff,
  0xec, 0x00, 0x00, 0x74, 0xff, 0xff, 0x3c, 0x4c, 0xff, 0xff, 0x44, 0x38,
  0xff, 0xff, 0x94, 0x00, 0x06, 0x24, 0x24, 0x24, 0x24, 0x24, 0x24, 0x21,
  0x00, 0x00, 0x74, 0xff, 0xff, 0x3b, 0x4c, 0xff, 0xff, 0x44, 0x38, 0xff,
  0xff, 0x94, 0x00, 0x2c, 0xff, 0xff, 0xff, 0xff, 0xff, 0xff, 0xec, 0x00,
  0x00, 0x7a, 0xff, 0xff, 0x33, 0x4c, 0xff, 0xff, 0x44, 0x38, 0xff, 0xff,
  0x94, 0x00, 0x2c, 0xff, 0xff, 0xff, 0xff, 0xff, 0xff, 0xec, 0x00, 0x00,
  0x84, 0xff, 0xff, 0x28, 0x4c, 0xff, 0xff, 0x44, 0x38, 0xff, 0xff, 0x94,
  0x00, 0x0b, 0x40, 0x40, 0x40, 0x40, 0x40, 0x40, 0x3b, 0x00, 0x00, 0x8e,
  0xff, 0xff, 0x1e, 0x4c, 0xff, 0xff, 0x44, 0x38, 0xff, 0xff, 0x94, 0x00,
  0x18, 0x60, 0x60, 0x60, 0x60, 0x60, 0x60, 0x60, 0x07, 0x00, 0x97, 0xff,
  0xff, 0x14, 0x4c, 0xff, 0xff, 0x44, 0x38, 0xff, 0xff, 0x94, 0x00, 0x40,
  0xff, 0xff, 0xff, 0xff, 0xff, 0xff, 0xff, 0x14, 0x00, 0xab, 0xff, 0xfe,
  0x06, 0x4c, 0xff, 0xff, 0x44, 0x38, 0xff, 0xff, 0x94, 0x00, 0x40, 0xff,
  0xff, 0xff, 0xff, 0xff, 0xff, 0xff, 0x14, 0x00, 0xcb, 0xff, 0xe5, 0x00,
  0x4c, 0xff, 0xff, 0x44, 0x38, 0xff, 0xff, 0x94, 0x00, 0x40, 0xff, 0xff,
  0x14, 0x00, 0x48, 0xff, 0xff, 0x14, 0x03, 0xf3, 0xff, 0xc2, 0x00, 0x4c,
  0xff, 0xff, 0x44, 0x38, 0xff, 0xff, 0x94, 0x00, 0x40, 0xff, 0xff, 0x14,
  0x00, 0x48, 0xff, 0xff, 0x14, 0x2e, 0xff, 0xff, 0x8c, 0x00, 0x4c, 0xff,
  0xff, 0x44, 0x38, 0xff, 0xff, 0x94, 0x00, 0x40, 0xff, 0xff, 0x14, 0x00,
  0x48, 0xff, 0xff, 0x14, 0x7b, 0xff, 0xff, 0x50, 0x00, 0x4c, 0xff, 0xff,
  0x44, 0x38, 0xff, 0xff, 0x94, 0x00, 0x40, 0xff, 0xff, 0x70, 0x64, 0x8f,
  0xff, 0xff, 0x14, 0xd6, 0xff, 0xf2, 0x0a, 0x00, 0x4c, 0xff, 0xff, 0x44,
  0x38, 0xff, 0xff, 0x94, 0x00, 0x40, 0xff, 0xff, 0xff, 0xff, 0xff, 0xff,
  0xff, 0x6a, 0xff, 0xff, 0x9c, 0x00, 0x00, 0x30, 0xa4, 0xa4, 0x2b, 0x38,
  0xff, 0xff, 0x94, 0x00, 0x40, 0xff, 0xff, 0xff, 0xff, 0xff, 0xff, 0xff,
  0xe9, 0xff, 0xf8, 0x23, 0x00, 0x00, 0x00, 0x00, 0x00, 0x00, 0x38, 0xff,
  0xff, 0x94, 0x00, 0x16, 0x58, 0x58, 0x06, 0x00, 0x00, 0x00, 0x06, 0x45,
  0x8e, 0x76, 0x00, 0x00, 0x00, 0x00, 0x00, 0x00, 0x00, 0x22, 0x9c, 0x9c,
  0x5a, 0x00, 0x00, 0x00, 0x00, 0x3b, 0x8b, 0x01, 0x00, 0x00, 0x00, 0x00,
  0x00, 0x00, 0x00, 0x00, 0x00, 0x00, 0x00, 0x00, 0x00, 0x00, 0x00, 0x00,
  0x00, 0x00, 0x00, 0x00, 0x5e, 0xff, 0xff, 0x67, 0x00, 0x00, 0x00, 0x00,
  0x08, 0xff, 0xff, 0xff, 0xff, 0xff, 0xff, 0xff, 0xff, 0x10, 0x00, 0x00,
  0x00, 0x00, 0x00, 0x00, 0x06, 0xd9, 0xff, 0xec, 0x0f, 0x00, 0x00, 0x00,
  0x08, 0xff, 0xff, 0xff, 0xff, 0xff, 0xff, 0xff, 0xff, 0x10, 0x00, 0x00,
  0x00, 0x00, 0x00, 0x00, 0x00, 0x54, 0xfd, 0xa5, 0x19, 0x00, 0x00, 0x00,
  0x0e, 0xff, 0xff, 0xd6, 0xa4, 0xa4, 0xd6, 0xff, 0xff, 0x10, 0x00, 0x00,
  0x00, 0x0c, 0xff, 0xff, 0xff, 0xff, 0xff, 0xff, 0xff, 0xff, 0xff, 0x58,
  0x2b, 0xff, 0xff, 0x80, 0x00, 0x00, 0x8c, 0xff, 0xff, 0x10, 0x00, 0x00,
  0x00, 0x0c, 0xff, 0xff, 0xff, 0xff, 0xff, 0xff, 0xff, 0xff, 0xff, 0x58,
  0x7a, 0xff, 0xff, 0x59, 0x00, 0x00, 0x8c, 0xff, 0xff, 0x10, 0x00, 0x00,
  0x00, 0x03, 0x40, 0x40, 0x40, 0x40, 0x40, 0x40, 0x40, 0x40, 0x40, 0x54,
  0xf5, 0xff, 0xfb, 0x15, 0x00, 0x00, 0x8a, 0xff, 0xff, 0x10, 0x00, 0x00,
  0x00, 0x00, 0x04, 0xff, 0xff, 0xff, 0xff, 0xff, 0xff, 0xff, 0xc1, 0xfa,
  0xff, 0xff, 0x9a, 0x00, 0x00, 0x00, 0x7c, 0xff, 0xff, 0x79, 0x64, 0x45,
  0x00, 0x00, 0x04, 0xff, 0xff, 0xff, 0xff, 0xff, 0xff, 0xff, 0x92, 0xf8,
  0xff, 0xcc, 0x0f, 0x00, 0x00, 0x00, 0x4c, 0xff, 0xff, 0xff, 0xff, 0x99,
  0x00, 0x00, 0x00, 0x24, 0x24, 0x24, 0x24, 0x24, 0x24, 0x24, 0x0c, 0x6c,
  0x9d, 0x0f, 0x00, 0x00, 0x00, 0x00, 0x03, 0x97, 0xef, 0xff, 0xfe, 0xa0,
  0x00, 0x00, 0x04, 0xff, 0xff, 0xff, 0xff, 0xff, 0xff, 0xff, 0x6b, 0x9c,
  0x9c, 0x9c, 0x9c, 0x9c, 0x9c, 0x9c, 0x9c, 0x9c, 0x9c, 0xa2, 0x43, 0x00,
  0x00, 0x00, 0x04, 0xff, 0xff, 0xff, 0xff, 0xff, 0xff, 0xff, 0x70, 0xff,
  0xff, 0xff, 0xff, 0xff, 0xff, 0xff, 0xff, 0xff, 0xff, 0xff, 0xfc, 0x14,
  0x00, 0x00, 0x01, 0x40, 0x40, 0x40, 0x40, 0x40, 0x40, 0x40, 0x25, 0xff,
  0xff, 0xff, 0xff, 0xff, 0xff, 0xff, 0xff, 0xff, 0xff, 0xff, 0xbe, 0x00,
  0x00, 0x00, 0x00, 0x5e, 0x60, 0x60, 0x60, 0x60, 0x60, 0x60, 0x22, 0x24,
  0xc1, 0xfe, 0x88, 0x00, 0x00, 0x00, 0x00, 0xb4, 0xff, 0xff, 0x5e, 0x00,
  0x00, 0x00, 0x00, 0xfc, 0xff, 0xff, 0xff, 0xff, 0xff, 0xff, 0x5c, 0x04,
  0xd4, 0xff, 0xfc, 0x36, 0x00, 0x00, 0x4d, 0xff, 0xff, 0xe2, 0x05, 0x00,
  0x00, 0x00, 0x00, 0xfc, 0xff, 0xff, 0xff, 0xff, 0xff, 0xff, 0x5c, 0x00,
  0x43, 0xff, 0xff, 0xe7, 0x26, 0x27, 0xec, 0xff, 0xff, 0x5b, 0x00, 0x00,
  0x00, 0x00, 0x00, 0xfc, 0xff, 0x70, 0x00, 0x1c, 0xff, 0xff, 0x5c, 0x00,
  0x00, 0x92, 0xff, 0xff, 0xe4, 0xdf, 0xff, 0xff, 0xb4, 0x00, 0x00, 0x00,
  0x00, 0x00, 0x00, 0xfc, 0xff, 0x70, 0x00, 0x1c, 0xff, 0xff, 0x5c, 0x00,
  0x00, 0x04, 0xbd, 0xff, 0xff, 0xff, 0xff, 0xd7, 0x10, 0x00, 0x00, 0x00,
  0x00, 0x00, 0x00, 0xfc, 0xff, 0x70, 0x00, 0x1c, 0xff, 0xff, 0x5c, 0x00,
  0x00, 0x18, 0xb1, 0xff, 0xff, 0xff, 0xff, 0xda, 0x63, 0x07, 0x00, 0x00,
  0x00, 0x00, 0x00, 0xfc, 0xff, 0xa8, 0x64, 0x75, 0xff, 0xff, 0x5c, 0x0f,
  0x70, 0xef, 0xff, 0xff, 0xff, 0xff, 0xff, 0xff, 0xff, 0xea, 0x9f, 0x58,
  0x0d, 0x00, 0x00, 0xfc, 0xff, 0xff, 0xff, 0xff, 0xff, 0xff, 0xcb, 0xf4,
  0xff, 0xff, 0xff, 0xea, 0x6b, 0x5b, 0xe0, 0xff, 0xff, 0xff, 0xff, 0xcf,
  0x09, 0x00, 0x00, 0xfc, 0xff, 0xff, 0xff, 0xff, 0xff, 0xff, 0xa0, 0xfd,
  0xff, 0xe1, 0x7f, 0x0d, 0x00, 0x00, 0x08, 0x73, 0xd5, 0xff, 0xfd, 0x31,
  0x00, 0x00, 0x00, 0x56, 0x58, 0x26, 0x00, 0x00, 0x00, 0x00, 0x00, 0x62,
  0x3e, 0x01, 0x00, 0x00, 0x00, 0x00, 0x00, 0x00, 0x00, 0x2a, 0x56, 0x00,
  0x00, 0x00, 0x00, 0x00, 0x02, 0x42, 0x4a, 0x00, 0x00, 0x00, 0x00, 0x00,
  0x00, 0x00, 0x00, 0x00, 0x00, 0x00, 0x00, 0x00, 0x00, 0x00, 0x00, 0x00,
  0x00, 0x00, 0x00, 0x00, 0xc4, 0xff, 0xeb, 0x0d, 0x00, 0x00, 0x00, 0xb0,
  0xff, 0xff, 0xff, 0xff, 0xff, 0xff, 0xff, 0xff, 0xff, 0xff, 0xff, 0x88,
  0x00, 0x00, 0x00, 0x00, 0x63, 0xff, 0xff, 0x73, 0x00, 0x00, 0x00, 0xb0,
  0xff, 0xff, 0xff, 0xff, 0xff, 0xff, 0xff, 0xff, 0xff, 0xff, 0xff, 0x76,
  0x00, 0x00, 0x00, 0x00, 0x08, 0xec, 0xe6, 0x75, 0x00, 0x00, 0x00, 0x47,
  0x74, 0x68, 0x68, 0x7b, 0xff, 0xff, 0xa7, 0x68, 0x89, 0xff, 0xff, 0x6c,
  0x00, 0x3c, 0xff, 0xff, 0xff, 0xff, 0xff, 0xff, 0xff, 0xff, 0x68, 0x38,
  0xed, 0x73, 0x00, 0x44, 0xff, 0xff, 0x47, 0x00, 0x43, 0xff, 0xff, 0x5f,
  0x00, 0x3c, 0xff, 0xff, 0xff, 0xff, 0xff, 0xff, 0xff, 0xff, 0x68, 0xa1,
  0xff, 0xff, 0xa5, 0x86, 0xff, 0xfe, 0x15, 0x00, 0x53, 0xff, 0xff, 0x50,
  0x00, 0x0f, 0x40, 0x40, 0x40, 0x40, 0x40, 0x40, 0x40, 0x40, 0x1a, 0x02,
  0x89, 0xff, 0xff, 0xff, 0xff, 0xca, 0x00, 0x00, 0x67, 0xff, 0xff, 0x3d,
  0x00, 0x00, 0x88, 0xff, 0xff, 0xff, 0xff, 0xff, 0xff, 0xe8, 0x00, 0x00,
  0x00, 0x65, 0xfc, 0xff, 0xff, 0x6d, 0x00, 0x00, 0x82, 0xff, 0xff, 0x26,
  0x00, 0x00, 0x88, 0xff, 0xff, 0xff, 0xff, 0xff, 0xff, 0xe8, 0x00, 0x00,
  0x00, 0x16, 0xe3, 0xff, 0xe9, 0x0a, 0x00, 0x00, 0xae, 0xff, 0xff, 0x0b,
  0x00, 0x00, 0x15, 0x28, 0x28, 0x28, 0x28, 0x28, 0x28, 0x24, 0x00, 0x00,
  0x32, 0xdc, 0xff, 0xfe, 0x4a, 0x5e, 0x5f, 0x6b, 0xf6, 0xff, 0xdf, 0x00,
  0x00, 0x00, 0x88, 0xff, 0xff, 0xff, 0xff, 0xff, 0xff, 0xe8, 0x15, 0xa1,
  0xfc, 0xff, 0xff, 0x74, 0x00, 0x97, 0xff, 0xff, 0xff, 0xff, 0x91, 0x00,
  0x00, 0x00, 0x88, 0xff, 0xff, 0xff, 0xff, 0xff, 0xff, 0xe8, 0x01, 0x9a,
  0xff, 0xe5, 0x4e, 0x00, 0x1b, 0x55, 0xff, 0xff, 0xf0, 0x9c, 0x0b, 0x00,
  0x00, 0x00, 0x1f, 0x3c, 0x3c, 0x3c, 0x3c, 0x3c, 0x3c, 0x36, 0x00, 0x06,
  0x66, 0x0b, 0x00, 0x60, 0xf4, 0x86, 0x04, 0x06, 0x00, 0x00, 0x00, 0x00,
  0x00, 0x00, 0x33, 0x5c, 0x5c, 0x5c, 0x5c, 0x5c, 0x5c, 0x4c, 0x00, 0x06,
  0x00, 0x7e, 0x90, 0x98, 0xfe, 0xff, 0x58, 0x00, 0x2d, 0x96, 0x67, 0x00,
  0x00, 0x00, 0x90, 0xff, 0xff, 0xff, 0xff, 0xff, 0xff, 0xd4, 0x19, 0xf2,
  0xa4, 0xe0, 0xff, 0x90, 0x84, 0xff, 0xf1, 0x1a, 0x5e, 0xff, 0xe6, 0x08,
  0x00, 0x00, 0x90, 0xff, 0xff, 0xff, 0xff, 0xff, 0xff, 0xd4, 0x48, 0xff,
  0xd1, 0xe0, 0xff, 0x90, 0x05, 0xd4, 0xe8, 0x35, 0x05, 0xe6, 0xff, 0x5d,
  0x00, 0x00, 0x90, 0xff, 0xcc, 0x00, 0x00, 0x8c, 0xff, 0xd4, 0x7a, 0xff,
  0xa4, 0xe0, 0xff, 0x90, 0x00, 0x33, 0x16, 0x12, 0x00, 0x8c, 0xff, 0xc1,
  0x00, 0x00, 0x90, 0xff, 0xcc, 0x00, 0x00, 0x8c, 0xff, 0xd4, 0xc0, 0xff,
  0x75, 0xe0, 0xff, 0x90, 0x00, 0x00, 0x00, 0xb5, 0xaa, 0x64, 0xff, 0xfe,
  0x16, 0x00, 0x90, 0xff, 0xd7, 0x38, 0x38, 0xa5, 0xff, 0xed, 0xfe, 0xff,
  0x33, 0xdf, 0xff, 0x90, 0x00, 0x00, 0x00, 0xc9, 0xff, 0x69, 0xea, 0xc4,
  0x27, 0x00, 0x90, 0xff, 0xff, 0xff, 0xff, 0xff, 0xff, 0xe5, 0xbe, 0xd8,
  0x01, 0xd7, 0xff, 0xba, 0x35, 0x34, 0x46, 0xf5, 0xff, 0x42, 0x14, 0x00,
  0x00, 0x00, 0x90, 0xff, 0xff, 0xff, 0xff, 0xff, 0xff, 0xd4, 0x00, 0x1d,
  0x00, 0xaf, 0xff, 0xff, 0xff, 0xff, 0xff, 0xff, 0xf1, 0x0b, 0x00, 0x00,
  0x00, 0x00, 0x90, 0xff, 0xcc, 0x00, 0x00, 0x00, 0x00, 0x00, 0x00, 0x00,
  0x00, 0x2a, 0xc7, 0xf6, 0xff, 0xff, 0xfe, 0xe2, 0x58, 0x00, 0x00, 0x00,
  0x00, 0x00, 0x31, 0x58, 0x46, 0x00, 0x00, 0x00, 0x00, 0x00, 0x00, 0x00,
  0x00, 0x00, 0x00, 0x00, 0x00, 0x00, 0x00, 0x00, 0x00, 0x00, 0x00, 0x00,
  0x00, 0x00, 0x00, 0x00, 0x00, 0x3b, 0x3f, 0x00, 0x00, 0x00, 0x00, 0x00,
  0x00, 0x00, 0x00, 0x00, 0x00, 0x00, 0x00, 0x00, 0x00, 0x00, 0x00, 0x00,
  0x00, 0x00, 0x00, 0x88, 0xff, 0xe7, 0x10, 0x00, 0x00, 0x00, 0xc0, 0xff,
  0xff, 0xff, 0xff, 0xff, 0xff, 0xff, 0xff, 0xff, 0xff, 0xff, 0x64, 0x00,
  0x00, 0x00, 0x20, 0xf8, 0xff, 0x90, 0x00, 0x00, 0x00, 0xc0, 0xff, 0xff,
  0xff, 0xff, 0xff, 0xff, 0xff, 0xff, 0xff, 0xff, 0xff, 0x64, 0x00, 0x00,
  0x00, 0x00, 0x91, 0xf7, 0x95, 0x00, 0x00, 0x00, 0xc0, 0xff, 0xcb, 0x90,
  0x90, 0xf2, 0xff, 0xbf, 0x90, 0x90, 0xf9, 0xff, 0x64, 0x34, 0xff, 0xff,
  0xff, 0xff, 0xff, 0xff, 0xff, 0xff, 0x64, 0xc0, 0xff, 0x88, 0x00, 0x00,
  0xe0, 0xff, 0x6c, 0x00, 0x00, 0xf0, 0xff, 0x64, 0x34, 0xff, 0xff, 0xff,
  0xff, 0xff, 0xff, 0xff, 0xff, 0x64, 0xc0, 0xff, 0xad, 0x50, 0x50, 0xea,
  0xff, 0x9a, 0x50, 0x50, 0xf5, 0xff, 0x64, 0x0d, 0x40, 0x40, 0x40, 0x40,
  0x40, 0x40, 0x40, 0x40, 0x19, 0xc0, 0xff, 0xff, 0xff, 0xff, 0xff, 0xff,
  0xff, 0xff, 0xff, 0xff, 0xff, 0x64, 0x00, 0x2c, 0xff, 0xff, 0xff, 0xff,
  0xff, 0xff, 0x9c, 0x00, 0xc0, 0xff, 0xff, 0xff, 0xff, 0xff, 0xff, 0xff,
  0xff, 0xff, 0xff, 0xff, 0x64, 0x00, 0x2c, 0xff, 0xff, 0xff, 0xff, 0xff,
  0xff, 0x9c, 0x00, 0xc0, 0xff, 0x88, 0x00, 0x00, 0xe0, 0xff, 0x6c, 0x00,
  0x00, 0xf0, 0xff, 0x64, 0x00, 0x06, 0x24, 0x24, 0x24, 0x24, 0x24, 0x24,
  0x15, 0x00, 0xc0, 0xff, 0xad, 0x50, 0x50, 0xea, 0xff, 0x9a, 0x50, 0x50,
  0xf5, 0xff, 0x64, 0x00, 0x34, 0xff, 0xff, 0xff, 0xff, 0xff, 0xff, 0x98,
  0x00, 0xc0, 0xff, 0xff, 0xff, 0xff, 0xff, 0xff, 0xff, 0xff, 0xff, 0xff,
  0xff, 0x64, 0x00, 0x34, 0xff, 0xff, 0xff, 0xff, 0xff, 0xff, 0x98, 0x00,
  0xc6, 0xff, 0xff, 0xff, 0xff, 0xff, 0xff, 0xff, 0xff, 0xff, 0xff, 0xff,
  0x64, 0x00, 0x0d, 0x40, 0x40, 0x40, 0x40, 0x40, 0x40, 0x26, 0x00, 0xcc,
  0xff, 0x7f, 0x00, 0x00, 0x00, 0x00, 0x00, 0x00, 0x00, 0xf0, 0xff, 0x64,
  0x00, 0x1a, 0x64, 0x64, 0x64, 0x64, 0x64, 0x64, 0x44, 0x00, 0xd3, 0xff,
  0x70, 0xc7, 0xec, 0xec, 0xec, 0xec, 0xec, 0x33, 0xf0, 0xff, 0x64, 0x00,
  0x44, 0xff, 0xff, 0xff, 0xff, 0xff, 0xff, 0xb0, 0x00, 0xdf, 0xff, 0x61,
  0xd8, 0xff, 0xff, 0xff, 0xff, 0xff, 0x38, 0xf0, 0xff, 0x64, 0x00, 0x44,
  0xff, 0xff, 0xff, 0xff, 0xff, 0xff, 0xb0, 0x01, 0xf9, 0xff, 0x51, 0xd8,
  0xff, 0x18, 0x00, 0xdc, 0xff, 0x38, 0xf0, 0xff, 0x64, 0x00, 0x44, 0xff,
  0xfc, 0x00, 0x00, 0x90, 0xff, 0xb0, 0x17, 0xff, 0xff, 0x34, 0xd8, 0xff,
  0x18, 0x00, 0xdc, 0xff, 0x38, 0xf0, 0xff, 0x64, 0x00, 0x44, 0xff, 0xfc,
  0x00, 0x00, 0x90, 0xff, 0xb0, 0x32, 0xff, 0xff, 0x12, 0xd8, 0xff, 0xe6,
  0xe4, 0xfc, 0xff, 0x38, 0xf0, 0xff, 0x64, 0x00, 0x44, 0xff, 0xfc, 0x00,
  0x00, 0x90, 0xff, 0xb0, 0x61, 0xff, 0xe1, 0x00, 0xd8, 0xff, 0xff, 0xff,
  0xff, 0xff, 0x38, 0xf0, 0xff, 0x64, 0x00, 0x44, 0xff, 0xfd, 0x60, 0x60,
  0xba, 0xff, 0xb0, 0x9f, 0xff, 0xa8, 0x00, 0xca, 0xf0, 0x16, 0x00, 0x00,
  0x00, 0x00, 0xf2, 0xff, 0x63, 0x00, 0x44, 0xff, 0xff, 0xff, 0xff, 0xff,
  0xff, 0xb9, 0xf0, 0xff, 0x58, 0x00, 0x00, 0x00, 0x00, 0x00, 0x56, 0xcd,
  0xd6, 0xff, 0xff, 0x55, 0x00, 0x44, 0xff, 0xff, 0xff, 0xff, 0xff, 0xff,
  0xf9, 0xff, 0xea, 0x0b, 0x00, 0x00, 0x00, 0x00, 0x00, 0x1c, 0xff, 0xff,
  0xff, 0xeb, 0x16, 0x00, 0x12, 0x44, 0x42, 0x00, 0x00, 0x00, 0x00, 0x0e,
  0x5f, 0x5a, 0x00, 0x00, 0x00, 0x00, 0x00, 0x00, 0x00, 0x80, 0x84, 0x68,
  0x17, 0x00, 0x00, 0x00, 0x00, 0x00, 0x2d, 0x72, 0x04, 0x00, 0x00, 0x00,
  0x00, 0x00, 0x00, 0x00, 0x15, 0xa8, 0xa8, 0x6b, 0x00, 0x00, 0x00, 0x00,
  0x00, 0x00, 0x00, 0x00, 0x00, 0x5a, 0xff, 0xff, 0x5b, 0x00, 0x00, 0x01,
  0x0c, 0x0c, 0x0c, 0x0c, 0x2a, 0xff, 0xff, 0xa8, 0x0c, 0x0c, 0x0c, 0x0c,
  0x0a, 0x00, 0x00, 0x00, 0x00, 0x08, 0xec, 0xff, 0xcd, 0x00, 0x00, 0x18,
  0xff, 0xff, 0xff, 0xff, 0xff, 0xff, 0xff, 0xff, 0xff, 0xff, 0xff, 0xff,
  0xe0, 0x00, 0x00, 0x00, 0x00, 0x00, 0x98, 0xe9, 0x9a, 0x09, 0x00, 0x18,
  0xff, 0xff, 0xff, 0xff, 0xff, 0xff, 0xff, 0xff, 0xff, 0xff, 0xff, 0xff,
  0xe0, 0x00, 0x10, 0xff, 0xff, 0xff, 0xff, 0xff, 0xff, 0xff, 0xff, 0x70,
  0x00, 0x00, 0x00, 0x00, 0x20, 0xff, 0xff, 0xa4, 0x00, 0x00, 0x00, 0x00,
  0x00, 0x00, 0x10, 0xff, 0xff, 0xff, 0xff, 0xff, 0xff, 0xff, 0xff, 0x70,
  0x76, 0xf4, 0xf4, 0xf4, 0xf5, 0xff, 0xff, 0xfb, 0xf4, 0xf4, 0xf4, 0xf4,
  0x5f, 0x00, 0x04, 0x40, 0x40, 0x40, 0x40, 0x40, 0x40, 0x40, 0x40, 0x1c,
  0x7c, 0xff, 0xff, 0xff, 0xff, 0xff, 0xff, 0xff, 0xff, 0xff, 0xff, 0xff,
  0x64, 0x00, 0x00, 0x6c, 0xff, 0xff, 0xff, 0xff, 0xff, 0xff, 0xc8, 0x05,
  0x0c, 0x0c, 0x0c, 0x0c, 0x2a, 0xff, 0xff, 0xa8, 0x0c, 0x0c, 0x0c, 0x0c,
  0x0c, 0x02, 0x00, 0x6c, 0xff, 0xff, 0xff, 0xff, 0xff, 0xff, 0xc8, 0x74,
  0xff, 0xff, 0xff, 0xff, 0xff, 0xff, 0xff, 0xff, 0xff, 0xff, 0xff, 0xff,
  0xff, 0x30, 0x00, 0x0f, 0x24, 0x24, 0x24, 0x24, 0x24, 0x24, 0x1c, 0x74,
  0xff, 0xff, 0xff, 0xff, 0xff, 0xff, 0xff, 0xff, 0xff, 0xff, 0xff, 0xff,
  0xff, 0x30, 0x00, 0x70, 0xff, 0xff, 0xff, 0xff, 0xff, 0xff, 0xc4, 0x00,
  0x00, 0x00, 0x00, 0x00, 0x00, 0x00, 0x00, 0x00, 0x00, 0x00, 0x00, 0x00,
  0x00, 0x00, 0x00, 0x70, 0xff, 0xff, 0xff, 0xff, 0xff, 0xff, 0xc4, 0x00,
  0x50, 0xff, 0xff, 0xff, 0xff, 0xff, 0xff, 0xff, 0xff, 0xff, 0xff, 0xff,
  0x08, 0x00, 0x00, 0x1c, 0x40, 0x40, 0x40, 0x40, 0x40, 0x40, 0x31, 0x00,
  0x50, 0xff, 0xff, 0xff, 0xff, 0xff, 0xff, 0xff, 0xff, 0xff, 0xff, 0xff,
  0x08, 0x00, 0x00, 0x28, 0x5c, 0x5c, 0x5c, 0x5c, 0x5c, 0x5c, 0x47, 0x00,
  0x50, 0xff, 0xff, 0x4f, 0x14, 0x14, 0x14, 0x14, 0x14, 0xa3, 0xff, 0xff,
  0x08, 0x00, 0x00, 0x70, 0xff, 0xff, 0xff, 0xff, 0xff, 0xff, 0xc8, 0x00,
  0x50, 0xff, 0xff, 0xe2, 0xd8, 0xd8, 0xd8, 0xd8, 0xd8, 0xf0, 0xff, 0xff,
  0x08, 0x00, 0x00, 0x70, 0xff, 0xff, 0xff, 0xff, 0xff, 0xff, 0xc8, 0x00,
  0x54, 0xff, 0xff, 0xff, 0xff, 0xff, 0xff, 0xff, 0xff, 0xff, 0xff, 0xff,
  0x08, 0x00, 0x00, 0x70, 0xff, 0xfc, 0x00, 0x00, 0xb0, 0xff, 0xc8, 0x00,
  0x62, 0xff, 0xff, 0x34, 0x00, 0x00, 0x00, 0x00, 0x00, 0x9c, 0xff, 0xff,
  0x08, 0x00, 0x00, 0x70, 0xff, 0xfc, 0x00, 0x00, 0xb0, 0xff, 0xc8, 0x00,
  0x7c, 0xff, 0xff, 0xff, 0xff, 0xff, 0xff, 0xff, 0xff, 0xff, 0xff, 0xff,
  0x08, 0x00, 0x00, 0x70, 0xff, 0xfc, 0x00, 0x00, 0xb0, 0xff, 0xc8, 0x00,
  0xb2, 0xff, 0xf8, 0xcc, 0xcc, 0xcc, 0xcc, 0xcc, 0xcc, 0xeb, 0xff, 0xff,
  0x08, 0x00, 0x00, 0x70, 0xff, 0xfd, 0x54, 0x54, 0xca, 0xff, 0xc8, 0x0a,
  0xee, 0xff, 0xae, 0x00, 0x00, 0x00, 0x00, 0x00, 0x00, 0x9c, 0xff, 0xff,
  0x07, 0x00, 0x00, 0x70, 0xff, 0xff, 0xff, 0xff, 0xff, 0xff, 0xc8, 0x7e,
  0xff, 0xff, 0x62, 0x00, 0x00, 0x00, 0x0c, 0xc1, 0xc4, 0xf1, 0xff, 0xfa,
  0x01, 0x00, 0x00, 0x70, 0xff, 0xff, 0xff, 0xff, 0xff, 0xff, 0xc8, 0x53,
  0xf5, 0xed, 0x0d, 0x00, 0x00, 0x00, 0x00, 0xb6, 0xff, 0xff, 0xff, 0xa2,
  0x00, 0x00, 0x00, 0x21, 0x4c, 0x4a, 0x00, 0x00, 0x00, 0x00, 0x00, 0x00,
  0x3c, 0x5a, 0x00, 0x00, 0x00, 0x00, 0x00, 0x3e, 0x78, 0x69, 0x3b, 0x01,
  0x00, 0x00, 0x00, 0x00, 0x00, 0x00, 0x23, 0xa0, 0xa0, 0x32, 0x00, 0x00,
  0x00, 0x00, 0x00, 0x00, 0x00, 0x31, 0xa8, 0xa8, 0x34, 0x00, 0x00, 0x00,
  0x00, 0x00, 0x00, 0x00, 0x00, 0x38, 0xff, 0xff, 0x50, 0x00, 0x00, 0x00,
  0x00, 0x00, 0x00, 0x00, 0x4c, 0xff, 0xff, 0x50, 0x00, 0x00, 0x00, 0x00,
  0x00, 0x70, 0x74, 0x74, 0x92, 0xff, 0xff, 0x9f, 0x74, 0x74, 0x70, 0x00,
  0x00, 0x00, 0x00, 0x4c, 0xff, 0xff, 0x50, 0x00, 0x00, 0x00, 0x00, 0x00,
  0xf8, 0xff, 0xff, 0xff, 0xff, 0xff, 0xff, 0xff, 0xff, 0xf8, 0x00, 0x00,
  0x00, 0x00, 0x4c, 0xff, 0xff, 0x50, 0x00, 0x00, 0x00, 0x00, 0x00, 0xf8,
  0xff, 0xff, 0xff, 0xff, 0xff, 0xff, 0xff, 0xff, 0xf8, 0x00, 0x00, 0x00,
  0x00, 0x4c, 0xff, 0xff, 0x50, 0x00, 0x00, 0x00, 0x00, 0x00, 0x00, 0x00,
  0x00, 0x38, 0xff, 0xff, 0x50, 0x00, 0x00, 0x00, 0x24, 0x80, 0x80, 0x80,
  0xa6, 0xff, 0xff, 0xa8, 0x80, 0x80, 0x80, 0x48, 0x00, 0x78, 0xff, 0xff,
  0xff, 0xff, 0xff, 0xff, 0xff, 0xff, 0xb0, 0x48, 0xff, 0xff, 0xff, 0xff,
  0xff, 0xff, 0xff, 0xff, 0xff, 0xff, 0x90, 0x00, 0x78, 0xff, 0xff, 0xff,
  0xff, 0xff, 0xff, 0xff, 0xff, 0xb0, 0x48, 0xff, 0xff, 0xff, 0xff, 0xff,
  0xff, 0xff, 0xff, 0xff, 0xff, 0x90, 0x00, 0x78, 0xff, 0xa3, 0x08, 0xf0,
  0xfc, 0x08, 0x80, 0xff, 0xb0, 0x48, 0xff, 0xff, 0x28, 0x34, 0xff, 0xff,
  0x3c, 0x00, 0xfc, 0xff, 0x90, 0x00, 0x78, 0xff, 0xa0, 0x00, 0xf0, 0xfc,
  0x00, 0x7c, 0xff, 0xb0, 0x48, 0xff, 0xff, 0x28, 0x34, 0xff, 0xff, 0x3c,
  0x00, 0xfc, 0xff, 0x90, 0x00, 0x78, 0xff, 0xff, 0xff, 0xff, 0xff, 0xff,
  0xff, 0xff, 0xb0, 0x48, 0xff, 0xff, 0x28, 0x34, 0xff, 0xff, 0x3c, 0x00,
  0xfc, 0xff, 0x90, 0x00, 0x78, 0xff, 0xec, 0xcc, 0xfc, 0xff, 0xcc, 0xe5,
  0xff, 0xb0, 0x48, 0xff, 0xff, 0x28, 0x34, 0xff, 0xff, 0x3c, 0x00, 0xfc,
  0xff, 0x90, 0x00, 0x78, 0xff, 0xa0, 0x00, 0xf0, 0xfc, 0x00, 0x7c, 0xff,
  0xb0, 0x48, 0xff, 0xff, 0xa1, 0xa6, 0xff, 0xff, 0xaa, 0x90, 0xfe, 0xff,
  0x90, 0x00, 0x78, 0xff, 0xf5, 0xe4, 0xfe, 0xff, 0xe4, 0xf1, 0xff, 0xb0,
  0x48, 0xff, 0xff, 0xff, 0xff, 0xff, 0xff, 0xff, 0xff, 0xff, 0xff, 0x90,
  0x00, 0x78, 0xff, 0xff, 0xff, 0xff, 0xff, 0xff, 0xff, 0xff, 0xb0, 0x48,
  0xff, 0xff, 0xff, 0xff, 0xff, 0xff, 0xff, 0xff, 0xff, 0xff, 0x90, 0x00,
  0x00, 0x00, 0x00, 0x38, 0xff, 0xff, 0x50, 0x00, 0x00, 0x00, 0x48, 0xff,
  0xff, 0x28, 0x34, 0xff, 0xff, 0x3c, 0x00, 0xfc, 0xff, 0x90, 0x18, 0x78,
  0x78, 0x78, 0x95, 0xff, 0xff, 0xa2, 0x78, 0x78, 0x78, 0x69, 0xff, 0xff,
  0x28, 0x34, 0xff, 0xff, 0x3c, 0x00, 0xfc, 0xff, 0x90, 0x34, 0xff, 0xff,
  0xff, 0xff, 0xff, 0xff, 0xff, 0xff, 0xff, 0xff, 0x90, 0xff, 0xff, 0x28,
  0x34, 0xff, 0xff, 0x3c, 0x00, 0xfc, 0xff, 0x90, 0x34, 0xff, 0xff, 0xff,
  0xff, 0xff, 0xff, 0xff, 0xff, 0xff, 0xff, 0x90, 0xff, 0xff, 0x28, 0x34,
  0xff, 0xff, 0x3c, 0x00, 0xfc, 0xff, 0x90, 0x00, 0x00, 0x00, 0x00, 0x38,
  0xff, 0xff, 0x50, 0x00, 0x00, 0x00, 0x48, 0xff, 0xff, 0xff, 0xff, 0xff,
  0xff, 0xff, 0xff, 0xff, 0xff, 0x90, 0x00, 0x00, 0x00, 0x00, 0x38, 0xff,
  0xff, 0x50, 0x00, 0x00, 0x00, 0x48, 0xff, 0xff, 0xff, 0xff, 0xff, 0xff,
  0xff, 0xff, 0xff, 0xff, 0x90, 0x00, 0x00, 0x00, 0x00, 0x38, 0xff, 0xff,
  0x50, 0x00, 0x00, 0x00, 0x48, 0xff, 0xff, 0x94, 0x80, 0x80, 0x80, 0x80,
  0x80, 0xfe, 0xff, 0x90, 0x00, 0x00, 0x00, 0x00, 0x24, 0xa8, 0xa8, 0x34,
  0x00, 0x00, 0x00, 0x2f, 0xa8, 0xa8, 0x1a, 0x00, 0x00, 0x00, 0x00, 0x00,
  0x7a, 0x7c, 0x45, 0x00, 0x00, 0x03, 0x66, 0x16, 0x00, 0x00, 0x00, 0x00,
  0x00, 0x00, 0x00, 0x00, 0x00, 0x00, 0x00, 0x00, 0x00, 0x00, 0x00, 0x00,
  0x00, 0x00, 0x00, 0x00, 0x15, 0xcd, 0xff, 0xd1, 0x11, 0x00, 0x00, 0x00,
  0x30, 0xff, 0xff, 0xff, 0xff, 0xff, 0xff, 0xff, 0xff, 0xff, 0xff, 0xff,
  0xff, 0x40, 0x00, 0x00, 0x00, 0x8f, 0xff, 0xff, 0xc8, 0x0a, 0x00, 0x00,
  0x30, 0xff, 0xff, 0xff, 0xff, 0xff, 0xff, 0xff, 0xff, 0xff, 0xff, 0xff,
  0xff, 0x40, 0x00, 0x00, 0x00, 0x01, 0xad, 0xff, 0xff, 0xaa, 0x00, 0x00,
  0x30, 0xff, 0xff, 0xc9, 0x9c, 0x9c, 0x9c, 0x9c, 0x9c, 0x9c, 0x9c, 0x9c,
  0x9c, 0x27, 0x00, 0x00, 0x00, 0x00, 0x0a, 0xd1, 0xde, 0x3a, 0x00, 0x00,
  0x30, 0xff, 0xff, 0x74, 0x00, 0x00, 0x00, 0x00, 0x00, 0x00, 0x00, 0x00,
  0x00, 0x00, 0x00, 0x00, 0x3c, 0x44, 0x44, 0x61, 0x51, 0x38, 0x00, 0x00,
  0x30, 0xff, 0xff, 0x74, 0x00, 0x00, 0x00, 0x00, 0x00, 0x00, 0x02, 0x02,
  0x00, 0x00, 0x00, 0x00, 0xe4, 0xff, 0xff, 0xff, 0xff, 0xff, 0xa2, 0x00,
  0x35, 0xff, 0xff, 0xff, 0xff, 0xff, 0xff, 0xff, 0xff, 0xff, 0xff, 0xeb,
  0x84, 0x00, 0x00, 0x00, 0xe4, 0xff, 0xff, 0xff, 0xff, 0xfe, 0x41, 0x00,
  0x3c, 0xff, 0xff, 0xff, 0xff, 0xff, 0xff, 0xff, 0xff, 0xff, 0xff, 0xff,
  0x97, 0x00, 0x00, 0x00, 0x00, 0x00, 0x3a, 0xfd, 0xff, 0x95, 0x00, 0x00,
  0x45, 0xff, 0xff, 0x96, 0x58, 0x58, 0x58, 0x58, 0x58, 0xb9, 0xff, 0xff,
  0x54, 0x00, 0x00, 0x00, 0x00, 0x0a, 0xda, 0xff, 0xdd, 0x0b, 0x00, 0x00,
  0x5d, 0xff, 0xff, 0x46, 0x18, 0x98, 0x18, 0x00, 0x03, 0xe3, 0xff, 0xf6,
  0x0b, 0x00, 0x00, 0x00, 0x00, 0x9e, 0xff, 0xfc, 0x3a, 0x00, 0x00, 0x00,
  0x79, 0xff, 0xff, 0x52, 0xe2, 0xff, 0xe8, 0x42, 0x62, 0xff, 0xff, 0xa1,
  0x00, 0x00, 0x00, 0x0a, 0x8c, 0xff, 0xff, 0xa3, 0x30, 0x32, 0x02, 0x00,
  0x97, 0xff, 0xff, 0x18, 0xa6, 0xff, 0xff, 0xfd, 0xef, 0xff, 0xfe, 0x2f,
  0x00, 0x00, 0x00, 0x26, 0xfe, 0xff, 0xff, 0xff, 0xff, 0xff, 0xbb, 0x00,
  0xca, 0xff, 0xe0, 0x00, 0x00, 0x71, 0xfc, 0xff, 0xff, 0xff, 0xa3, 0x00,
  0x00, 0x00, 0x00, 0x00, 0xc0, 0xff, 0xff, 0xff, 0xff, 0xff, 0x99, 0x11,
  0xfb, 0xff, 0xaa, 0x00, 0x00, 0x02, 0xb1, 0xff, 0xff, 0xff, 0xca, 0x14,
  0x00, 0x00, 0x00, 0x00, 0x22, 0x10, 0x00, 0x1f, 0xff, 0xff, 0x61, 0x61,
  0xff, 0xff, 0x63, 0x00, 0x0e, 0xb4, 0xff, 0xff, 0xff, 0xff, 0xff, 0xd8,
  0x1e, 0x00, 0x00, 0x00, 0x00, 0x00, 0x00, 0x74, 0xff, 0xfc, 0x18, 0xce,
  0xff, 0xfa, 0x17, 0x4e, 0xdc, 0xff, 0xff, 0xfa, 0x6f, 0xe0, 0xff, 0xff,
  0xe1, 0x22, 0x00, 0x00, 0x00, 0x00, 0x03, 0xd6, 0xff, 0xb8, 0x5f, 0xff,
  0xff, 0xac, 0xbf, 0xff, 0xff, 0xff, 0xeb, 0x44, 0x00, 0x1f, 0xde, 0xff,
  0xff, 0xbb, 0x00, 0x00, 0x00, 0x00, 0x62, 0xff, 0xff, 0xb7, 0x3b, 0xc3,
  0xfb, 0x2c, 0x4b, 0xff, 0xff, 0xac, 0x1a, 0x00, 0x00, 0x00, 0x21, 0xe6,
  0xce, 0x17, 0x00, 0x00, 0x00, 0x21, 0xea, 0xff, 0xff, 0xff, 0xc1, 0x38,
  0x3b, 0x00, 0x00, 0x7b, 0x38, 0x00, 0x00, 0x00, 0x00, 0x00, 0x00, 0x2b,
  0x0d, 0x00, 0x00, 0x00, 0x18, 0xd5, 0xff, 0xff, 0xc0, 0xff, 0xff, 0xff,
  0xe3, 0xb2, 0x94, 0x82, 0x79, 0x74, 0x77, 0x7e, 0x87, 0x96, 0xa4, 0xb4,
  0xca, 0xe3, 0x42, 0x2e, 0xe8, 0xff, 0xff, 0x95, 0x00, 0x71, 0xf2, 0xff,
  0xff, 0xff, 0xff, 0xff, 0xff, 0xff, 0xff, 0xff, 0xff, 0xff, 0xff, 0xff,
  0xff, 0xe9, 0x01, 0x04, 0xa9, 0xff, 0xad, 0x06, 0x00, 0x00, 0x12, 0x64,
  0xa3, 0xcd, 0xe5, 0xf5, 0xfc, 0xfe, 0xfb, 0xf6, 0xf1, 0xeb, 0xe0, 0xd2,
  0xbd, 0x76, 0x00, 0x00, 0x06, 0x6a, 0x01, 0x00, 0x00, 0x00, 0x00, 0x00,
  0x00, 0x00, 0x00, 0x00, 0x00, 0x00, 0x00, 0x00, 0x00, 0x00, 0x00, 0x00,
  0x00, 0x00, 0x00, 0x00, 0x00, 0x07, 0x77, 0x1b, 0x00, 0x00, 0x00, 0x00,
  0x00, 0x00, 0x00, 0x00, 0x00, 0x00, 0x00, 0x00, 0x00, 0x00, 0x00, 0x0f,
  0x00, 0x00, 0x00, 0x00, 0x15, 0xd9, 0xff, 0xd8, 0x17, 0x00, 0x00, 0x20,
  0xff, 0xff, 0xff, 0xff, 0xff, 0xff, 0xff, 0xff, 0xff, 0xff, 0xff, 0xf5,
  0x5a, 0x00, 0x00, 0x00, 0x00, 0x81, 0xff, 0xff, 0xd2, 0x0f, 0x00, 0x20,
  0xff, 0xff, 0xff, 0xff, 0xff, 0xff, 0xff, 0xff, 0xff, 0xff, 0xff, 0xff,
  0xaf, 0x05, 0x00, 0x00, 0x00, 0x00, 0xa0, 0xff, 0xff, 0xb2, 0x00, 0x03,
  0x18, 0x18, 0x26, 0xb7, 0x95, 0x37, 0x18, 0x60, 0xed, 0xff, 0xfe, 0x83,
  0x01, 0x00, 0x00, 0x00, 0x00, 0x00, 0x06, 0xc8, 0xd2, 0x2c, 0x00, 0x00,
  0x00, 0x04, 0xb9, 0xff, 0xff, 0xfd, 0xd6, 0xff, 0xff, 0xd9, 0x3c, 0x00,
  0x00, 0x00, 0x00, 0x00, 0x3e, 0x44, 0x44, 0x5a, 0x4b, 0x39, 0x00, 0x06,
  0x10, 0x10, 0x12, 0x57, 0xc4, 0xff, 0xff, 0xff, 0xfd, 0x77, 0x15, 0x10,
  0x10, 0x02, 0x00, 0x00, 0xec, 0xff, 0xff, 0xff, 0xff, 0xff, 0xa9, 0x64,
  0xff, 0xff, 0xff, 0xff, 0xff, 0xff, 0xff, 0xff, 0xff, 0xff, 0xff, 0xff,
  0xff, 0x28, 0x00, 0x00, 0xec, 0xff, 0xff, 0xff, 0xff, 0xff, 0x46, 0x64,
  0xff, 0xff, 0xff, 0xff, 0xff, 0xff, 0xff, 0xff, 0xff, 0xff, 0xff, 0xff,
  0xff, 0x28, 0x00, 0x00, 0x00, 0x00, 0x32, 0xfa, 0xff, 0x9b, 0x00, 0x64,
  0xff, 0xff, 0x24, 0x00, 0x00, 0xf0, 0xff, 0x84, 0x00, 0x00, 0x64, 0xff,
  0xff, 0x28, 0x00, 0x00, 0x00, 0x09, 0xd6, 0xff, 0xdf, 0x0d, 0x00, 0x64,
  0xff, 0xff, 0xff, 0xff, 0xff, 0xff, 0xff, 0xff, 0xff, 0xff, 0xff, 0xff,
  0xff, 0x28, 0x00, 0x00, 0x00, 0x9c, 0xff, 0xfc, 0x3b, 0x00, 0x00, 0x64,
  0xff, 0xff, 0xff, 0xff, 0xff, 0xff, 0xff, 0xff, 0xff, 0xff, 0xff, 0xff,
  0xff, 0x28, 0x00, 0x0b, 0x8d, 0xff, 0xff, 0xa4, 0x30, 0x31, 0x01, 0x64,
  0xff, 0xff, 0x24, 0x00, 0x00, 0xf0, 0xff, 0x84, 0x00, 0x00, 0x64, 0xff,
  0xff, 0x28, 0x00, 0x2d, 0xff, 0xff, 0xff, 0xff, 0xff, 0xff, 0xb0, 0x64,
  0xff, 0xff, 0xff, 0xff, 0xff, 0xff, 0xff, 0xff, 0xff, 0xff, 0xff, 0xff,
  0xff, 0x28, 0x00, 0x00, 0xc8, 0xff, 0xff, 0xff, 0xff, 0xff, 0x8f, 0x64,
  0xff, 0xff, 0xff, 0xff, 0xff, 0xff, 0xff, 0xff, 0xff, 0xff, 0xff, 0xff,
  0xff, 0x28, 0x00, 0x00, 0x23, 0x0f, 0x00, 0x26, 0xff, 0xff, 0x5a, 0x64,
  0xff, 0xff, 0x49, 0x2c, 0x2c, 0xf2, 0xff, 0x99, 0x2c, 0x2c, 0x7e, 0xff,
  0xff, 0x28, 0x00, 0x00, 0x00, 0x00, 0x00, 0x7c, 0xff, 0xfb, 0x14, 0x64,
  0xff, 0xff, 0x24, 0x00, 0x00, 0xf0, 0xff, 0x84, 0x15, 0x20, 0x80, 0xff,
  0xff, 0x27, 0x00, 0x00, 0x00, 0x00, 0x05, 0xdc, 0xff, 0xb5, 0x00, 0x64,
  0xff, 0xff, 0x24, 0x00, 0x00, 0xf0, 0xff, 0x84, 0x5d, 0xff, 0xff, 0xff,
  0xff, 0x16, 0x00, 0x00, 0x00, 0x00, 0x6b, 0xff, 0xff, 0xba, 0x05, 0x64,
  0xff, 0xff, 0x24, 0x00, 0x00, 0xf0, 0xff, 0x84, 0x14, 0xff, 0xff, 0xf7,
  0x93, 0x00, 0x00, 0x00, 0x00, 0x26, 0xee, 0xff, 0xff, 0xff, 0xca, 0x51,
  0x26, 0x24, 0x05, 0x00, 0x00, 0x0b, 0x0c, 0x06, 0x00, 0x2b, 0x25, 0x06,
  0x00, 0x00, 0x00, 0x00, 0x1d, 0xdb, 0xff, 0xff, 0xc1, 0xff, 0xff, 0xff,
  0xed, 0xbe, 0xa1, 0x91, 0x89, 0x84, 0x86, 0x8b, 0x93, 0xa0, 0xae, 0xbc,
  0xd0, 0xe6, 0x3e, 0x35, 0xec, 0xff, 0xff, 0x91, 0x00, 0x76, 0xf4, 0xff,
  0xff, 0xff, 0xff, 0xff, 0xff, 0xff, 0xff, 0xff, 0xff, 0xff, 0xff, 0xff,
  0xff, 0xe2, 0x00, 0x05, 0xac, 0xff, 0xaa, 0x05, 0x00, 0x00, 0x14, 0x66,
  0xa4, 0xcf, 0xe6, 0xf5, 0xfc, 0xfe, 0xfa, 0xf6, 0xf1, 0xeb, 0xe0, 0xd1,
  0xbd, 0x70, 0x00, 0x00, 0x07, 0x68, 0x01, 0x00, 0x00, 0x00, 0x00, 0x00,
  0x00, 0x00, 0x00, 0x00, 0x00, 0x00, 0x00, 0x00, 0x00, 0x00, 0x00, 0x00,
  0x00, 0x00, 0x00, 0x00, 0x00, 0x05, 0x6a, 0x11, 0x00, 0x00, 0x00, 0x00,
  0x00, 0x00, 0x00, 0x00, 0x14, 0xa0, 0xa0, 0x69, 0x00, 0x00, 0x00, 0x00,
  0x00, 0x00, 0x00, 0x00, 0x1b, 0xd8, 0xff, 0xc3, 0x08, 0x00, 0x00, 0x00,
  0x00, 0x00, 0x00, 0x00, 0x20, 0xff, 0xff, 0xa8, 0x00, 0x00, 0x00, 0x00,
  0x00, 0x00, 0x00, 0x00, 0x00, 0xa3, 0xff, 0xff, 0xa8, 0x00, 0x00, 0x53,
  0x58, 0x58, 0x58, 0x58, 0x6d, 0xff, 0xff, 0xc6, 0x58, 0x58, 0x58, 0x58,
  0x58, 0x3c, 0x00, 0x00, 0x00, 0x09, 0xd1, 0xff, 0xff, 0x6f, 0x00, 0xf4,
  0xff, 0xff, 0xff, 0xff, 0xff, 0xff, 0xff, 0xff, 0xff, 0xff, 0xff, 0xff,
  0xff, 0xb0, 0x00, 0x00, 0x00, 0x00, 0x27, 0xf6, 0xc9, 0x29, 0x00, 0xf4,
  0xff, 0xff, 0xff, 0xff, 0xff, 0xff, 0xff, 0xff, 0xff, 0xff, 0xff, 0xff,
  0xff, 0xb0, 0x00, 0x00, 0x3f, 0x44, 0x44, 0x79, 0x49, 0x3b, 0x00, 0x00,
  0x00, 0x00, 0x00, 0x00, 0x20, 0xff, 0xff, 0xa8, 0x00, 0x00, 0x00, 0x00,
  0x00, 0x00, 0x00, 0x00, 0xf0, 0xff, 0xff, 0xff, 0xff, 0xff, 0x96, 0x3c,
  0xff, 0xff, 0xff, 0xff, 0xff, 0xff, 0xff, 0xff, 0xff, 0xff, 0xff, 0xff,
  0xfc, 0x00, 0x00, 0x00, 0xf0, 0xff, 0xff, 0xff, 0xff, 0xf9, 0x2c, 0x3c,
  0xff, 0xff, 0xff, 0xff, 0xff, 0xff, 0xff, 0xff, 0xff, 0xff, 0xff, 0xff,
  0xfc, 0x00, 0x00, 0x00, 0x00, 0x00, 0x3e, 0xfd, 0xff, 0x7d, 0x00, 0x3c,
  0xff, 0xff, 0x79, 0x28, 0x43, 0xff, 0xff, 0xb5, 0x28, 0x28, 0xd4, 0xff,
  0xfc, 0x00, 0x00, 0x00, 0x00, 0x0c, 0xde, 0xff, 0xce, 0x04, 0x00, 0x3c,
  0xff, 0xff, 0x60, 0x00, 0x20, 0xff, 0xff, 0xa8, 0x00, 0x00, 0xcc, 0xff,
  0xfc, 0x00, 0x00, 0x00, 0x00, 0xa5, 0xff, 0xf7, 0x2c, 0x00, 0x00, 0x3c,
  0xff, 0xff, 0xff, 0xff, 0xff, 0xff, 0xff, 0xff, 0xff, 0xff, 0xff, 0xff,
  0xfc, 0x00, 0x00, 0x0f, 0x97, 0xff, 0xff, 0x98, 0x30, 0x26, 0x00, 0x3c,
  0xff, 0xff, 0xff, 0xff, 0xff, 0xff, 0xff, 0xff, 0xff, 0xff, 0xff, 0xff,
  0xfc, 0x00, 0x00, 0x29, 0xff, 0xff, 0xff, 0xff, 0xff, 0xff, 0x5a, 0x08,
  0x24, 0x24, 0x28, 0xcb, 0xff, 0xff, 0xff, 0xff, 0xfb, 0x8c, 0x26, 0x24,
  0x23, 0x00, 0x00, 0x00, 0xc4, 0xff, 0xff, 0xff, 0xff, 0xff, 0x3a, 0x00,
  0x00, 0x0c, 0xb0, 0xff, 0xff, 0xff, 0xff, 0xff, 0xff, 0xff, 0xc9, 0x2a,
  0x00, 0x00, 0x00, 0x00, 0x22, 0x0f, 0x00, 0x77, 0xff, 0xfd, 0x0d, 0x00,
  0x35, 0xd5, 0xff, 0xff, 0xb9, 0xff, 0xff, 0xd8, 0xec, 0xff, 0xff, 0xf7,
  0x72, 0x01, 0x00, 0x00, 0x00, 0x00, 0x00, 0xc3, 0xff, 0xc4, 0x23, 0x9c,
  0xfd, 0xff, 0xff, 0xab, 0x24, 0xff, 0xff, 0xa8, 0x18, 0xb3, 0xff, 0xff,
  0xff, 0xa9, 0x00, 0x00, 0x00, 0x00, 0x21, 0xfc, 0xff, 0x74, 0x47, 0xf9,
  0xff, 0xff, 0x8f, 0x02, 0x20, 0xff, 0xff, 0xa8, 0x00, 0x00, 0x6a, 0xfa,
  0xff, 0x6b, 0x00, 0x00, 0x00, 0x00, 0x99, 0xff, 0xff, 0xbe, 0x05, 0x67,
  0xe1, 0x4d, 0x00, 0x00, 0x20, 0xff, 0xff, 0xa8, 0x00, 0x00, 0x00, 0x42,
  0x7d, 0x00, 0x00, 0x00, 0x00, 0x37, 0xfa, 0xff, 0xff, 0xff, 0xca, 0x3e,
  0x08, 0x00, 0x00, 0x00, 0x11, 0x8c, 0x8c, 0x5b, 0x00, 0x00, 0x00, 0x00,
  0x00, 0x00, 0x00, 0x00, 0x18, 0xdf, 0xff, 0xfa, 0xaf, 0xff, 0xff, 0xff,
  0xe7, 0xb7, 0x99, 0x86, 0x7d, 0x78, 0x7b, 0x82, 0x8b, 0x9a, 0xa8, 0xb8,
  0xcc, 0xe4, 0x42, 0x25, 0xe2, 0xff, 0xff, 0x7b, 0x00, 0x77, 0xf5, 0xff,
  0xff, 0xff, 0xff, 0xff, 0xff, 0xff, 0xff, 0xff, 0xff, 0xff, 0xff, 0xff,
  0xff, 0xea, 0x01, 0x05, 0xa4, 0xff, 0xb0, 0x03, 0x00, 0x00, 0x14, 0x68,
  0xa5, 0xcf, 0xe6, 0xf5, 0xfc, 0xfe, 0xf9, 0xf4, 0xee, 0xe7, 0xdb, 0xcb,
  0xb9, 0x77, 0x00, 0x00, 0x03, 0x73, 0x04, 0x00, 0x00, 0x00, 0x00, 0x00,
  0x00, 0x00, 0x00, 0x00, 0x00, 0x00, 0x00, 0x00, 0x00, 0x00, 0x00, 0x00,
  0x00, 0x00, 0x00, 0x00, 0x00, 0x1a, 0x64, 0x00, 0x00, 0x00, 0x00, 0x08,
  0x08, 0x08, 0x08, 0x08, 0x08, 0x04, 0x00, 0x00, 0x00, 0x00, 0x00, 0x00,
  0x00, 0x00, 0x00, 0x00, 0x51, 0xf1, 0xff, 0x7a, 0x00, 0x00, 0x08, 0xff,
  0xff, 0xff, 0xff, 0xff, 0xff, 0x9c, 0x78, 0xff, 0xff, 0xff, 0xff, 0xff,
  0xff, 0x58, 0x00, 0x00, 0x18, 0xde, 0xff, 0xff, 0x64, 0x00, 0x08, 0xff,
  0xff, 0xd4, 0xcc, 0xf3, 0xff, 0x9c, 0x78, 0xff, 0xf6, 0xd4, 0xd7, 0xff,
  0xff, 0x58, 0x00, 0x00, 0x00, 0x2b, 0xf3, 0xff, 0xfc, 0x43, 0x08, 0xff,
  0xff, 0x32, 0x08, 0xc5, 0xff, 0x9c, 0x78, 0xff, 0xc8, 0x00, 0x14, 0xff,
  0xff, 0x58, 0x00, 0x00, 0x00, 0x00, 0x56, 0xff, 0xcd, 0x25, 0x08, 0xff,
  0xff, 0xff, 0xff, 0xff, 0xff, 0x9c, 0x78, 0xff, 0xff, 0xff, 0xff, 0xff,
  0xff, 0x58, 0x00, 0x00, 0x00, 0x00, 0x00, 0x58, 0x13, 0x00, 0x08, 0xff,
  0xff, 0xd1, 0xc8, 0xc8, 0xc8, 0x79, 0x77, 0xff, 0xf5, 0xd0, 0xd0, 0xd0,
  0xd0, 0x47, 0x00, 0x00, 0xe4, 0xff, 0xff, 0xff, 0xff, 0xcf, 0x44, 0xff,
  0xff, 0x2f, 0x22, 0x49, 0x6f, 0x52, 0x6b, 0xff, 0xd7, 0x00, 0x00, 0x00,
  0x00, 0x03, 0x00, 0x00, 0xe4, 0xff, 0xff, 0xff, 0xff, 0xd3, 0xa0, 0xff,
  0xff, 0xfc, 0xff, 0xff, 0xff, 0x6a, 0x40, 0xff, 0xff, 0xef, 0xec, 0xec,
  0xf0, 0x91, 0x00, 0x00, 0x39, 0x40, 0x8f, 0xff, 0xff, 0x41, 0x5c, 0xff,
  0xff, 0xff, 0xfd, 0xd9, 0xa9, 0x27, 0x01, 0x9c, 0xf0, 0xff, 0xff, 0xff,
  0xfb, 0x97, 0x00, 0x00, 0x00, 0x0b, 0xe3, 0xff, 0xab, 0x00, 0x0b, 0xaa,
  0x6e, 0x3a, 0x8b, 0x94, 0x6f, 0x00, 0x00, 0x5c, 0x94, 0x94, 0x02, 0x00,
  0x00, 0x00, 0x00, 0x00, 0x00, 0x8e, 0xff, 0xf3, 0x1c, 0x00, 0x00, 0x26,
  0x30, 0x30, 0xe2, 0xff, 0xcc, 0x30, 0x30, 0xb2, 0xff, 0xff, 0x33, 0x30,
  0x2d, 0x00, 0x00, 0x00, 0x62, 0xfe, 0xff, 0x98, 0x33, 0x1a, 0x00, 0xcc,
  0xff, 0xff, 0xff, 0xff, 0xff, 0xff, 0xff, 0xff, 0xff, 0xff, 0xff, 0xff,
  0xf4, 0x00, 0x00, 0x19, 0xfa, 0xff, 0xff, 0xff, 0xff, 0xfc, 0x41, 0xcc,
  0xff, 0xff, 0xff, 0xff, 0xff, 0xff, 0xff, 0xff, 0xff, 0xff, 0xff, 0xff,
  0xf4, 0x00, 0x00, 0x00, 0xab, 0xff, 0xff, 0xff, 0xff, 0xff, 0x21, 0x00,
  0x00, 0x00, 0xdc, 0xff, 0xc0, 0x00, 0x00, 0xa0, 0xff, 0xff, 0x04, 0x00,
  0x00, 0x00, 0x00, 0x00, 0x20, 0x14, 0x00, 0x91, 0xff, 0xef, 0xa8, 0xff,
  0xff, 0xff, 0xff, 0xff, 0xff, 0xff, 0xff, 0xff, 0xff, 0xff, 0xff, 0xff,
  0xff, 0xd4, 0x00, 0x00, 0x00, 0x00, 0x00, 0xda, 0xff, 0xac, 0xa8, 0xff,
  0xff, 0xff, 0xff, 0xff, 0xff, 0xff, 0xff, 0xff, 0xff, 0xff, 0xff, 0xff,
  0xff, 0xd4, 0x00, 0x00, 0x00, 0x00, 0x33, 0xff, 0xff, 0x60, 0x0a, 0x10,
  0x10, 0x50, 0xd6, 0xf2, 0xa5, 0x2d, 0x10, 0x60, 0xed, 0xe7, 0x6a, 0x11,
  0x10, 0x0d, 0x00, 0x00, 0x00, 0x00, 0xac, 0xff, 0xff, 0xa6, 0x10, 0x74,
  0xd1, 0xff, 0xff, 0xf9, 0x79, 0x01, 0x00, 0x4e, 0xd8, 0xff, 0xff, 0xd1,
  0x42, 0x00, 0x00, 0x00, 0x00, 0x46, 0xfe, 0xff, 0xff, 0xff, 0xb6, 0xa3,
  0xfc, 0xff, 0xb1, 0x27, 0x00, 0x00, 0x00, 0x00, 0x04, 0x76, 0xf8, 0xfc,
  0xaa, 0x13, 0x00, 0x00, 0x24, 0xea, 0xff, 0xf3, 0xaa, 0xff, 0xff, 0xff,
  0xff, 0xd2, 0x8a, 0x79, 0x71, 0x6c, 0x6f, 0x76, 0x80, 0x90, 0xcc, 0xd0,
  0xc7, 0xe1, 0x42, 0x29, 0xec, 0xff, 0xff, 0x67, 0x01, 0x7d, 0xf7, 0xff,
  0xff, 0xff, 0xff, 0xff, 0xff, 0xff, 0xff, 0xff, 0xff, 0xff, 0xff, 0xff,
  0xff, 0xeb, 0x02, 0x02, 0x9b, 0xff, 0x9b, 0x00, 0x00, 0x00, 0x17, 0x6c,
  0xa8, 0xd1, 0xe7, 0xf5, 0xfc, 0xff, 0xfc, 0xf8, 0xf4, 0xef, 0xe5, 0xd8,
  0xc6, 0x81, 0x00, 0x00, 0x03, 0x65, 0x00, 0x00, 0x00, 0x00, 0x00, 0x00,
  0x00, 0x00, 0x00, 0x00, 0x00, 0x00, 0x00, 0x00, 0x00, 0x00, 0x00, 0x00,
  0x00, 0x00, 0x00, 0x00, 0x00, 0x29, 0x33, 0x39, 0x3e, 0x45, 0x4f, 0x59,
  0x63, 0x6d, 0x7c, 0x8b, 0x9b, 0xab, 0xbe, 0xd3, 0xed, 0x84, 0x00, 0x00,
  0x00, 0x00, 0x00, 0xb2, 0xff, 0xff, 0xff, 0xff, 0xff, 0xff, 0xff, 0xff,
  0xff, 0xff, 0xff, 0xff, 0xff, 0xff, 0xff, 0xf9, 0x27, 0x00, 0x00, 0x00,
  0x00, 0x73, 0xfd, 0xfa, 0xf6, 0xf1, 0xec, 0xe6, 0xf1, 0xff, 0xff, 0xd0,
  0xaa, 0x9a, 0x8b, 0x78, 0x63, 0x4b, 0x1b, 0x00, 0x00, 0x00, 0x00, 0x00,
  0x00, 0x00, 0x00, 0x00, 0x00, 0x00, 0x88, 0xff, 0xff, 0x58, 0x00, 0x00,
  0x00, 0x00, 0x00, 0x00, 0x00, 0x00, 0x00, 0xb4, 0xff, 0xff, 0xff, 0xff,
  0xff, 0xff, 0xff, 0xff, 0xff, 0xff, 0xff, 0xff, 0xff, 0xff, 0xff, 0xff,
  0xff, 0xff, 0xff, 0xff, 0xc0, 0xb4, 0xff, 0xff, 0xff, 0xff, 0xff, 0xff,
  0xff, 0xff, 0xff, 0xff, 0xff, 0xff, 0xff, 0xff, 0xff, 0xff, 0xff, 0xff,
  0xff, 0xff, 0xc0, 0x27, 0x38, 0x38, 0x38, 0x38, 0x38, 0x38, 0x38, 0x38,
  0xa2, 0xff, 0xff, 0x7c, 0x38, 0x38, 0x38, 0x38, 0x38, 0x38, 0x38, 0x38,
  0x2a, 0x00, 0x00, 0x40, 0xd8, 0xd8, 0xd8, 0xd8, 0xd8, 0xd8, 0xed, 0xff,
  0xff, 0xe5, 0xd8, 0xd8, 0xd8, 0xd8, 0xd8, 0xd8, 0x65, 0x00, 0x00, 0x00,
  0x00, 0x4c, 0xff, 0xff, 0xff, 0xff, 0xff, 0xff, 0xff, 0xff, 0xff, 0xff,
  0xff, 0xff, 0xff, 0xff, 0xff, 0xff, 0x78, 0x00, 0x00, 0x00, 0x00, 0x4c,
  0xff, 0xff, 0x7c, 0x00, 0x00, 0x00, 0x88, 0xff, 0xff, 0x58, 0x00, 0x00,
  0x00, 0x74, 0xff, 0xff, 0x78, 0x00, 0x00, 0x00, 0x00, 0x4c, 0xff, 0xff,
  0xe3, 0xc8, 0xc8, 0xc8, 0xe5, 0xff, 0xff, 0xdb, 0xc8, 0xc8, 0xc8, 0xe1,
  0xff, 0xff, 0x78, 0x00, 0x00, 0x00, 0x00, 0x4c, 0xff, 0xff, 0xff, 0xff,
  0xff, 0xff, 0xff, 0xff, 0xff, 0xff, 0xff, 0xff, 0xff, 0xff, 0xff, 0xff,
  0x78, 0x00, 0x00, 0x00, 0x00, 0x4c, 0xff, 0xff, 0x7c, 0x00, 0x00, 0x00,
  0x88, 0xff, 0xff, 0x58, 0x00, 0x00, 0x00, 0x74, 0xff, 0xff, 0x78, 0x00,
  0x00, 0x00, 0x00, 0x4c, 0xff, 0xff, 0xff, 0xff, 0xff, 0xff, 0xff, 0xff,
  0xff, 0xff, 0xff, 0xff, 0xff, 0xff, 0xff, 0xff, 0x78, 0x00, 0x00, 0x00,
  0x00, 0x3d, 0xd0, 0xd0, 0xd0, 0xd0, 0xd0, 0xd0, 0xe9, 0xff, 0xff, 0xe0,
  0xd0, 0xd0, 0xd0, 0xd0, 0xd0, 0xd0, 0x61, 0x00, 0x00, 0x00, 0x03, 0x20,
  0x20, 0x20, 0x20, 0x20, 0x20, 0x20, 0x97, 0xff, 0xff, 0x6d, 0x20, 0x20,
  0x20, 0x20, 0x20, 0x20, 0x20, 0x0b, 0x00, 0x00, 0x18, 0xff, 0xff, 0xff,
  0xff, 0xff, 0xff, 0xff, 0xff, 0xff, 0xff, 0xff, 0xff, 0xff, 0xff, 0xff,
  0xff, 0xff, 0xff, 0x5c, 0x00, 0x00, 0x18, 0xff, 0xff, 0xff, 0xff, 0xff,
  0xff, 0xff, 0xff, 0xff, 0xff, 0xff, 0xff, 0xff, 0xff, 0xff, 0xff, 0xff,
  0xff, 0x5c, 0x00, 0x2b, 0x34, 0x34, 0x34, 0x34, 0x34, 0x34, 0x34, 0x34,
  0xa0, 0xff, 0xff, 0x7a, 0x34, 0x34, 0x34, 0x34, 0x34, 0x34, 0x34, 0x34,
  0x2f, 0xd8, 0xff, 0xff, 0xff, 0xff, 0xff, 0xff, 0xff, 0xff, 0xff, 0xff,
  0xff, 0xff, 0xff, 0xff, 0xff, 0xff, 0xff, 0xff, 0xff, 0xff, 0xec, 0xd8,
  0xff, 0xff, 0xff, 0xff, 0xff, 0xff, 0xff, 0xff, 0xff, 0xff, 0xff, 0xff,
  0xff, 0xff, 0xff, 0xff, 0xff, 0xff, 0xff, 0xff, 0xec, 0x00, 0x00, 0x00,
  0xd4, 0xff, 0xff, 0xff, 0xff, 0xff, 0xff, 0xff, 0xff, 0xff, 0xff, 0xff,
  0xff, 0xff, 0xff, 0xc8, 0x00, 0x00, 0x00, 0x00, 0x00, 0x00, 0xd4, 0xff,
  0xfa, 0xa0, 0xa0, 0xa0, 0xa0, 0xa0, 0xa0, 0xa0, 0xa0, 0xa0, 0xaa, 0xff,
  0xff, 0xc8, 0x00, 0x00, 0x00, 0x00, 0x00, 0x00, 0xd4, 0xff, 0xf3, 0x34,
  0x34, 0x34, 0x34, 0x34, 0x34, 0x34, 0x34, 0x34, 0x4a, 0xff, 0xff, 0xc8,
  0x00, 0x00, 0x00, 0x00, 0x00, 0x00, 0xd4, 0xff, 0xff, 0xff, 0xff, 0xff,
  0xff, 0xff, 0xff, 0xff, 0xff, 0xff, 0xff, 0xff, 0xff, 0xc8, 0x00, 0x00,
  0x00, 0x00, 0x00, 0x00, 0xd4, 0xff, 0xf3, 0x34, 0x34, 0x34, 0x34, 0x34,
  0x34, 0x34, 0x34, 0x34, 0x4a, 0xff, 0xff, 0xc8, 0x00, 0x00, 0x00, 0x00,
  0x00, 0x00, 0xd4, 0xff, 0xff, 0xff, 0xff, 0xff, 0xff, 0xff, 0xff, 0xff,
  0xff, 0xff, 0xff, 0xff, 0xff, 0xc8, 0x00, 0x00, 0x00, 0x1d, 0x24, 0x24,
  0x24, 0x24, 0x24, 0x24, 0x24, 0x24, 0x24, 0x24, 0x24, 0x24, 0x24, 0x24,
  0x24, 0x24, 0x24, 0x24, 0x24, 0x24, 0x20, 0xd4, 0xff, 0xff, 0xff, 0xff,
  0xff, 0xff, 0xff, 0xff, 0xff, 0xff, 0xff, 0xff, 0xff, 0xff, 0xff, 0xff,
  0xff, 0xff, 0xff, 0xff, 0xe4, 0xd4, 0xff, 0xff, 0xff, 0xff, 0xff, 0xff,
  0xff, 0xff, 0xff, 0xff, 0xff, 0xff, 0xff, 0xff, 0xff, 0xff, 0xff, 0xff,
  0xff, 0xff, 0xe4, 0x00, 0x00, 0x00, 0x00, 0x00, 0x00, 0x00, 0x00, 0x00,
  0x00, 0x00, 0x00, 0x00, 0x00, 0x00, 0x00, 0x00, 0x00, 0x00, 0x00, 0x00,
  0x00, 0x00, 0x00, 0x40, 0xff, 0xff, 0xff, 0xff, 0xff, 0xff, 0xff, 0xff,
  0xff, 0xff, 0xff, 0xff, 0xff, 0xff, 0xff, 0xff, 0x54, 0x00, 0x00, 0x00,
  0x00, 0x40, 0xff, 0xff, 0x94, 0x40, 0x40, 0x40, 0x8b, 0xff, 0xff, 0x82,
  0x40, 0x40, 0x40, 0x97, 0xff, 0xff, 0x54, 0x00, 0x00, 0x00, 0x00, 0x40,
  0xff, 0xff, 0xff, 0xff, 0xff, 0xff, 0xff, 0xff, 0xff, 0xff, 0xff, 0xff,
  0xff, 0xff, 0xff, 0xff, 0x54, 0x00, 0x00, 0x00, 0x00, 0x40, 0xff, 0xff,
  0x8d, 0x34, 0x34, 0x34, 0x83, 0xff, 0xff, 0x7a, 0x34, 0x34, 0x34, 0x90,
  0xff, 0xff, 0x54, 0x00, 0x00, 0x00, 0x00, 0x40, 0xff, 0xff, 0xff, 0xff,
  0xff, 0xff, 0xff, 0xff, 0xff, 0xff, 0xff, 0xff, 0xff, 0xff, 0xff, 0xff,
  0x54, 0x00, 0x00, 0x00, 0x00, 0x00, 0x00, 0x00, 0x00, 0x00, 0x00, 0x00,
  0x64, 0xff, 0xff, 0x58, 0x00, 0x00, 0x00, 0x00, 0x00, 0x00, 0x00, 0x00,
  0x00, 0x00, 0x00, 0xbc, 0xff, 0xff, 0xff, 0xff, 0xff, 0xff, 0xff, 0xff,
  0xff, 0xff, 0xff, 0xff, 0xff, 0xff, 0xff, 0xff, 0xc8, 0x00, 0x00, 0x00,
  0x00, 0xaa, 0xe8, 0xe8, 0xe8, 0xe8, 0xe8, 0xe8, 0xf1, 0xff, 0xff, 0xf0,
  0xe8, 0xe8, 0xe8, 0xe8, 0xe8, 0xe8, 0xb5, 0x00, 0x00, 0x18, 0x1c, 0x1c,
  0x1c, 0x1c, 0x1c, 0x1c, 0x1c, 0x1c, 0x75, 0xff, 0xff, 0x6a, 0x1c, 0x1c,
  0x1c, 0x1c, 0x1c, 0x1c, 0x1c, 0x1c, 0x1a, 0xe0, 0xff, 0xff, 0xff, 0xff,
  0xff, 0xff, 0xff, 0xff, 0xff, 0xff, 0xff, 0xff, 0xff, 0xff, 0xff, 0xff,
  0xff, 0xff, 0xff, 0xff, 0xf0, 0xe0, 0xff, 0xff, 0xff, 0xff, 0xff, 0xff,
  0xff, 0xff, 0xff, 0xff, 0xff, 0xff, 0xff, 0xff, 0xff, 0xff, 0xff, 0xff,
  0xff, 0xff, 0xf0, 0x00, 0x00, 0x00, 0x00, 0x36, 0x99, 0x41, 0x02, 0x00,
  0x00, 0x00, 0x00, 0x00, 0x00, 0x00, 0x89, 0xa0, 0x8c, 0x00, 0x00, 0x04,
  0x00, 0x00, 0x00, 0x00, 0x00, 0x00, 0x00, 0xb9, 0xff, 0xff, 0x39, 0x00,
  0x00, 0x1a, 0x8f, 0x81, 0x00, 0x00, 0xdc, 0xff, 0xe0, 0x00, 0x00, 0xbf,
  0xbf, 0x65, 0x05, 0x00, 0x00, 0x00, 0x57, 0xff, 0xff, 0xff, 0xae, 0x09,
  0x00, 0xc3, 0xff, 0xfa, 0x27, 0x00, 0xdc, 0xff, 0xe0, 0x00, 0x23, 0xfe,
  0xff, 0xd0, 0x00, 0x00, 0x00, 0x1e, 0xec, 0xff, 0xff, 0xff, 0xff, 0xc6,
  0x13, 0x40, 0xff, 0xff, 0xb1, 0x00, 0xdc, 0xff, 0xe0, 0x00, 0x93, 0xff,
  0xff, 0x57, 0x00, 0x00, 0x0e, 0xd2, 0xff, 0xff, 0xb3, 0xdf, 0xff, 0xff,
  0xd7, 0x1c, 0xc7, 0xff, 0xfe, 0x24, 0xdc, 0xff, 0xe0, 0x17, 0xf5, 0xff,
  0xd7, 0x02, 0x00, 0x13, 0xca, 0xff, 0xff, 0xe8, 0x14, 0x1a, 0xd7, 0xff,
  0xff, 0x86, 0x5d, 0xff, 0xf5, 0x49, 0xdc, 0xff, 0xe0, 0x41, 0xd8, 0xff,
  0x52, 0x00, 0x00, 0x42, 0xff, 0xff, 0xff, 0x9e, 0x5c, 0x5c, 0x74, 0xfa,
  0xda, 0x0a, 0x0f, 0x89, 0x15, 0x00, 0xdc, 0xff, 0xe0, 0x00, 0x00, 0x2e,
  0x00, 0x00, 0x00, 0x00, 0xd0, 0xff, 0xff, 0xff, 0xff, 0xff, 0xff, 0xae,
  0x31, 0x50, 0xff, 0xff, 0xff, 0xff, 0xff, 0xff, 0xff, 0xff, 0xff, 0xff,
  0xff, 0x50, 0x00, 0x00, 0x6a, 0xd0, 0xff, 0xff, 0xff, 0xff, 0xff, 0x98,
  0x00, 0x50, 0xff, 0xff, 0xff, 0xff, 0xff, 0xff, 0xff, 0xff, 0xff, 0xff,
  0xff, 0x50, 0x00, 0x00, 0x00, 0x00, 0x00, 0x88, 0xff, 0xf0, 0x00, 0x00,
  0x00, 0x50, 0xff, 0xff, 0x9d, 0x70, 0x70, 0x70, 0x70, 0x70, 0xa1, 0xff,
  0xff, 0x50, 0x00, 0x00, 0x57, 0x64, 0x64, 0xb6, 0xff, 0xf6, 0x64, 0x64,
  0x39, 0x50, 0xff, 0xff, 0x50, 0x4e, 0x3e, 0x06, 0x00, 0x00, 0x58, 0xff,
  0xff, 0x50, 0x00, 0x00, 0xe0, 0xff, 0xff, 0xff, 0xff, 0xff, 0xff, 0xff,
  0x94, 0x50, 0xff, 0xff, 0x85, 0xfb, 0xff, 0xf0, 0xa0, 0x3f, 0x58, 0xff,
  0xff, 0x50, 0x00, 0x00, 0xe0, 0xff, 0xff, 0xff, 0xff, 0xff, 0xff, 0xff,
  0x94, 0x50, 0xff, 0xff, 0x7b, 0x89, 0xdf, 0xff, 0xff, 0xfc, 0x80, 0xff,
  0xff, 0x50, 0x00, 0x00, 0x00, 0x07, 0x03, 0x88, 0xff, 0xf0, 0x00, 0x41,
  0x0a, 0x50, 0xff, 0xff, 0x50, 0x00, 0x01, 0x47, 0xb9, 0x8a, 0x58, 0xff,
  0xff, 0x50, 0x00, 0x00, 0x8c, 0xf7, 0x3e, 0x88, 0xff, 0xf0, 0x18, 0xff,
  0xf8, 0x65, 0xff, 0xff, 0x4f, 0x00, 0x00, 0x0b, 0x41, 0x7d, 0xc9, 0xff,
  0xff, 0x50, 0x00, 0x00, 0x83, 0xff, 0x82, 0x88, 0xff, 0xf0, 0x47, 0xff,
  0xc4, 0x58, 0xff, 0xff, 0x99, 0x98, 0xcf, 0xfc, 0xff, 0xff, 0xff, 0xff,
  0xff, 0x50, 0x00, 0x00, 0x49, 0xff, 0xbf, 0x88, 0xff, 0xf0, 0x84, 0xff,
  0x6e, 0x60, 0xff, 0xff, 0xe9, 0xff, 0xff, 0xff, 0xff, 0xd6, 0xc0, 0xff,
  0xff, 0x50, 0x00, 0x00, 0x18, 0xff, 0xe7, 0x88, 0xff, 0xf0, 0x87, 0xee,
  0x19, 0x7b, 0xff, 0xff, 0x76, 0xdf, 0x9e, 0x5c, 0x19, 0x00, 0x58, 0xff,
  0xff, 0x50, 0x00, 0x00, 0x00, 0x42, 0x09, 0x92, 0xff, 0xf8, 0xa4, 0xd2,
  0xc2, 0x9c, 0xff, 0xfe, 0x06, 0x00, 0x00, 0x00, 0x00, 0x00, 0x58, 0xff,
  0xff, 0x50, 0x00, 0x15, 0xae, 0xd4, 0xf8, 0xff, 0xff, 0xff, 0xff, 0xff,
  0xd5, 0xcc, 0xff, 0xe5, 0x00, 0x00, 0x00, 0x09, 0x0e, 0x07, 0x6d, 0xff,
  0xff, 0x4e, 0x00, 0x02, 0xf2, 0xff, 0xff, 0xff, 0xfb, 0xcb, 0x8f, 0x54,
  0x3d, 0xfe, 0xff, 0xae, 0x00, 0x00, 0x00, 0x3e, 0xff, 0xff, 0xff, 0xff,
  0xff, 0x39, 0x00, 0x00, 0xa7, 0xb3, 0x79, 0x40, 0x0a, 0x00, 0x00, 0x00,
  0x29, 0xce, 0xff, 0x64, 0x00, 0x00, 0x00, 0x00, 0xe8, 0xff, 0xff, 0xff,
  0xcd, 0x05, 0x00, 0x00, 0x00, 0x00, 0x00, 0x00, 0x00, 0x00, 0x00, 0x00,
  0x00, 0x05, 0x81, 0x09, 0x00, 0x00, 0x00, 0x00, 0x66, 0x87, 0x7a, 0x51,
  0x07, 0x00, 0x00, 0x00, 0x00, 0x00, 0x00, 0x23, 0x91, 0x32, 0x00, 0x00,
  0x00, 0x00, 0x00, 0x47, 0x95, 0x80, 0x1d, 0x00, 0x00, 0x00, 0x00, 0x00,
  0x00, 0x00, 0x00, 0x00, 0x00, 0x00, 0x00, 0xa9, 0xff, 0xf2, 0x08, 0x00,
  0x00, 0x00, 0x00, 0x9e, 0xff, 0xfc, 0x11, 0x00, 0x00, 0x00, 0x0c, 0x00,
  0x00, 0x00, 0x00, 0x00, 0x00, 0x00, 0x51, 0xff, 0xff, 0xff, 0x9a, 0x01,
  0x00, 0x00, 0x00, 0xd5, 0xff, 0xff, 0xff, 0xff, 0xff, 0xff, 0xff, 0xed,
  0x23, 0x00, 0x00, 0x00, 0x00, 0x24, 0xed, 0xff, 0xfd, 0xff, 0xff, 0x9c,
  0x01, 0x00, 0x13, 0xfe, 0xff, 0xff, 0xff, 0xff, 0xff, 0xff, 0xff, 0xfc,
  0x07, 0x00, 0x00, 0x00, 0x17, 0xdc, 0xff, 0xfe, 0x46, 0xbd, 0xff, 0xff,
  0x95, 0x00, 0x53, 0xff, 0xff, 0x61, 0x28, 0x28, 0x28, 0xd6, 0xff, 0xd8,
  0x00, 0x00, 0x00, 0x22, 0xdb, 0xff, 0xff, 0x8b, 0x00, 0x0b, 0xc8, 0xff,
  0xff, 0x6e, 0x94, 0xff, 0xff, 0x52, 0x40, 0x40, 0x40, 0xf4, 0xff, 0xad,
  0x00, 0x00, 0x00, 0x50, 0xff, 0xff, 0xed, 0x5c, 0x58, 0x58, 0x6c, 0xed,
  0xe7, 0x1c, 0xdb, 0xff, 0xff, 0xff, 0xff, 0xff, 0xff, 0xff, 0xff, 0x7a,
  0x00, 0x00, 0x00, 0x07, 0xf4, 0xfe, 0xff, 0xff, 0xff, 0xff, 0xff, 0x68,
  0x37, 0x25, 0xff, 0xff, 0xff, 0xff, 0xff, 0xff, 0xff, 0xff, 0xff, 0x46,
  0x00, 0x00, 0x00, 0x00, 0x71, 0x8b, 0xff, 0xff, 0xff, 0xff, 0xff, 0x4c,
  0x00, 0x00, 0x00, 0x00, 0x00, 0x00, 0x00, 0x00, 0x94, 0xff, 0xff, 0x12,
  0x00, 0x00, 0x00, 0x00, 0x00, 0x00, 0x00, 0xb0, 0xff, 0xa0, 0x00, 0x00,
  0x40, 0xff, 0xff, 0xff, 0xff, 0xff, 0xff, 0xff, 0xff, 0xff, 0xff, 0xff,
  0xff, 0xff, 0x1c, 0x00, 0x59, 0x64, 0x64, 0xcf, 0xff, 0xc5, 0x64, 0x64,
  0x67, 0xff, 0xff, 0xff, 0xff, 0xff, 0xff, 0xff, 0xff, 0xff, 0xff, 0xff,
  0xff, 0xff, 0x1c, 0x00, 0xe4, 0xff, 0xff, 0xff, 0xff, 0xff, 0xff, 0xff,
  0x82, 0x78, 0x88, 0x78, 0x78, 0x82, 0xff, 0xff, 0xc2, 0x78, 0x78, 0x80,
  0x85, 0x78, 0x0d, 0x00, 0xe4, 0xff, 0xff, 0xff, 0xff, 0xff, 0xff, 0xff,
  0x64, 0x52, 0xed, 0x79, 0x00, 0x14, 0xff, 0xff, 0x8c, 0x00, 0x00, 0x9f,
  0xd3, 0x20, 0x00, 0x00, 0x07, 0x3c, 0x00, 0xb0, 0xff, 0xa0, 0x0d, 0x5c,
  0x1d, 0xb5, 0xff, 0xff, 0x63, 0x14, 0xff, 0xff, 0x8c, 0x00, 0x78, 0xff,
  0xff, 0x96, 0x00, 0x00, 0xce, 0xff, 0x24, 0xb0, 0xff, 0xa0, 0x3b, 0xff,
  0xa2, 0x0e, 0xd7, 0xff, 0xf3, 0x25, 0xff, 0xff, 0x8c, 0x5d, 0xff, 0xff,
  0xad, 0x04, 0x00, 0x00, 0x9a, 0xff, 0x65, 0xb0, 0xff, 0xa0, 0x65, 0xff,
  0x57, 0x00, 0x2c, 0xdc, 0x3a, 0x14, 0xff, 0xff, 0x8c, 0x19, 0xd3, 0x9f,
  0x04, 0x00, 0x00, 0x00, 0x63, 0xff, 0x9e, 0xb0, 0xff, 0xa0, 0x9a, 0xfd,
  0x11, 0x00, 0x00, 0x3a, 0x9e, 0x14, 0xff, 0xff, 0x8c, 0x30, 0xbe, 0x20,
  0x00, 0x00, 0x00, 0x00, 0x38, 0xf6, 0x92, 0xb0, 0xff, 0xa0, 0x6f, 0x9b,
  0x00, 0x0c, 0x8d, 0xfc, 0xff, 0x47, 0xff, 0xff, 0x9c, 0xe7, 0xff, 0xf2,
  0x5a, 0x00, 0x00, 0x00, 0x05, 0x08, 0x00, 0xb0, 0xff, 0xc3, 0x7a, 0xa1,
  0x8c, 0xe2, 0xff, 0xff, 0xce, 0x35, 0xff, 0xff, 0x8c, 0x54, 0xf1, 0xff,
  0xff, 0x9d, 0x07, 0x21, 0xa7, 0xc7, 0xea, 0xff, 0xff, 0xff, 0xff, 0xff,
  0xdd, 0xff, 0xff, 0x95, 0x07, 0x14, 0xff, 0xff, 0x8b, 0x00, 0x26, 0xd5,
  0xff, 0xee, 0x23, 0x0f, 0xfe, 0xff, 0xff, 0xff, 0xff, 0xfa, 0xcf, 0x9b,
  0x3c, 0xb4, 0x4e, 0x22, 0xc2, 0xcc, 0xff, 0xff, 0x81, 0x00, 0x00, 0x0c,
  0xb1, 0x41, 0x00, 0x00, 0xca, 0xc5, 0x95, 0x66, 0x35, 0x07, 0x00, 0x00,
  0x00, 0x00, 0x00, 0x00, 0xd7, 0xff, 0xff, 0xfe, 0x3d, 0x00, 0x00, 0x00,
  0x00, 0x00, 0x00, 0x00, 0x00, 0x00, 0x00, 0x00, 0x00, 0x00, 0x00, 0x00,
  0x00, 0x00, 0x00, 0x00, 0x66, 0x9f, 0x84, 0x33, 0x00, 0x00, 0x00, 0x00,
  0x00, 0x00, 0x00, 0x00, 0x00, 0x00, 0x00, 0x47, 0x6a, 0x03, 0x00, 0x00,
  0x00, 0x00, 0x09, 0x27, 0x00, 0x00, 0x00, 0x4d, 0x7c, 0x41, 0x00, 0x00,
  0x00, 0x00, 0x00, 0x00, 0x00, 0x00, 0x01, 0xd0, 0xff, 0x5e, 0x00, 0x50,
  0xff, 0xff, 0xff, 0xfc, 0x75, 0x00, 0x00, 0xa0, 0xff, 0x88, 0x00, 0x00,
  0x00, 0x00, 0x00, 0x00, 0x00, 0x00, 0x70, 0xff, 0xff, 0xa9, 0x0a, 0x50,
  0xff, 0xff, 0xff, 0xff, 0x9b, 0xbc, 0xd4, 0xef, 0xff, 0xeb, 0xd4, 0xd4,
  0xb6, 0x00, 0x00, 0x00, 0x00, 0x2e, 0xf6, 0xff, 0xff, 0xff, 0xd0, 0x48,
  0x94, 0xa6, 0xff, 0xff, 0x53, 0xe4, 0xff, 0xff, 0xff, 0xff, 0xff, 0xff,
  0xdc, 0x00, 0x00, 0x00, 0x1a, 0xe1, 0xff, 0xe4, 0xa0, 0xff, 0xff, 0xd9,
  0x0f, 0x62, 0xff, 0xfb, 0x0f, 0x00, 0x00, 0xa0, 0xff, 0x88, 0x1c, 0xff,
  0xdc, 0x00, 0x00, 0x1e, 0xdc, 0xff, 0xff, 0x50, 0x00, 0x80, 0xff, 0xf1,
  0x0a, 0xae, 0xff, 0xbf, 0xc0, 0xff, 0xff, 0xff, 0xff, 0xff, 0xff, 0xff,
  0xff, 0xff, 0x30, 0x35, 0xff, 0xff, 0xd1, 0x4c, 0x4c, 0x4c, 0xc0, 0x99,
  0x0b, 0xf4, 0xff, 0x6a, 0xc0, 0xff, 0xff, 0xff, 0xff, 0xff, 0xff, 0xff,
  0xff, 0xff, 0x30, 0x01, 0xe9, 0xfe, 0xff, 0xff, 0xff, 0xff, 0xff, 0x28,
  0x67, 0xff, 0xfa, 0x15, 0x0c, 0x10, 0x10, 0xa6, 0xff, 0x8f, 0x2a, 0xff,
  0xde, 0x10, 0x03, 0x00, 0x73, 0x99, 0xff, 0xff, 0xff, 0xff, 0xff, 0x2d,
  0xeb, 0xff, 0xcd, 0x87, 0x54, 0xc0, 0xd8, 0xf1, 0xff, 0xed, 0xdc, 0xff,
  0xdc, 0x00, 0x00, 0x00, 0x00, 0x00, 0x0c, 0xff, 0xe8, 0x00, 0x00, 0xb6,
  0xff, 0xff, 0xff, 0xff, 0x96, 0xe4, 0xff, 0xff, 0xff, 0xff, 0xff, 0xff,
  0xdc, 0x00, 0x00, 0x00, 0x46, 0x64, 0x6b, 0xff, 0xf1, 0x64, 0x64, 0x83,
  0xaa, 0x78, 0xc4, 0xff, 0x85, 0x00, 0x00, 0xa0, 0xff, 0x88, 0x00, 0x00,
  0x00, 0x00, 0x00, 0x00, 0xb4, 0xff, 0xff, 0xff, 0xff, 0xff, 0xff, 0x80,
  0x10, 0x00, 0xa5, 0xff, 0x6e, 0xfc, 0xff, 0xff, 0xff, 0xff, 0xff, 0xff,
  0xff, 0x20, 0x00, 0x00, 0xb4, 0xff, 0xff, 0xff, 0xff, 0xff, 0xff, 0x80,
  0x0c, 0x1a, 0xc1, 0xff, 0x50, 0xfc, 0xff, 0xff, 0xff, 0xff, 0xff, 0xff,
  0xff, 0x20, 0x00, 0x00, 0x00, 0x0e, 0x0e, 0xff, 0xe8, 0x37, 0x7e, 0x66,
  0xf6, 0x93, 0xe8, 0xff, 0x2e, 0x1f, 0x20, 0xac, 0xff, 0x97, 0x20, 0x20,
  0x20, 0x04, 0x00, 0x00, 0x5a, 0xf8, 0x3a, 0xff, 0xe8, 0x6e, 0xff, 0x63,
  0xfe, 0xe9, 0xff, 0xfa, 0x9a, 0xff, 0xff, 0xff, 0xff, 0xff, 0xff, 0xff,
  0xff, 0x94, 0x00, 0x00, 0x48, 0xff, 0x70, 0xff, 0xe8, 0x9a, 0xf9, 0x0a,
  0xc2, 0xff, 0xff, 0xcc, 0x94, 0xff, 0xff, 0xff, 0xff, 0xff, 0xff, 0xff,
  0xff, 0x94, 0x00, 0x00, 0x18, 0xff, 0x9f, 0xff, 0xe8, 0xc9, 0xc3, 0x00,
  0x49, 0xff, 0xff, 0x88, 0x1e, 0x34, 0x34, 0xb3, 0xff, 0xa0, 0x34, 0x34,
  0x34, 0x1e, 0x00, 0x00, 0x00, 0xf2, 0xb3, 0xff, 0xe8, 0x94, 0x7e, 0x28,
  0x1d, 0xfd, 0xff, 0xb8, 0x0b, 0x00, 0x00, 0xa0, 0xff, 0x88, 0x00, 0x00,
  0x00, 0x00, 0x00, 0x00, 0x00, 0x2f, 0x17, 0xff, 0xf4, 0xad, 0xf2, 0xbb,
  0x9c, 0xff, 0xff, 0xff, 0xcd, 0x43, 0x00, 0x7f, 0xcc, 0x6c, 0x00, 0x00,
  0x00, 0x00, 0x00, 0x0d, 0xa4, 0xd6, 0xfd, 0xff, 0xff, 0xff, 0xff, 0xef,
  0xff, 0xff, 0xa7, 0xfe, 0xff, 0xff, 0xd9, 0xa1, 0x79, 0x69, 0x60, 0x60,
  0x60, 0x60, 0x1a, 0x01, 0xf3, 0xff, 0xff, 0xff, 0xe2, 0x9d, 0x9d, 0xfd,
  0xff, 0xae, 0x00, 0x4d, 0xe5, 0xff, 0xff, 0xff, 0xff, 0xff, 0xff, 0xff,
  0xff, 0xf3, 0x09, 0x00, 0xb3, 0xaa, 0x69, 0x26, 0x00, 0x00, 0x3f, 0xfd,
  0xd3, 0x14, 0x00, 0x00, 0x09, 0x5c, 0x9d, 0xcf, 0xea, 0xf9, 0xff, 0xff,
  0xff, 0xb4, 0x00, 0x00, 0x00, 0x00, 0x00, 0x00, 0x00, 0x00, 0x00, 0x71,
  0x12, 0x00, 0x00, 0x00, 0x00, 0x00, 0x00, 0x00, 0x00, 0x00, 0x00, 0x00,
  0x00, 0x00, 0x00, 0x00, 0x00, 0x00, 0x00, 0x00, 0x75, 0x6d, 0x0d, 0x00,
  0x00, 0x00, 0x00, 0x00, 0x00, 0x00, 0x97, 0xb0, 0x73, 0x00, 0x00, 0x00,
  0x00, 0x00, 0x00, 0x00, 0x00, 0x00, 0x00, 0x31, 0xfc, 0xff, 0x84, 0x00,
  0x00, 0x21, 0x81, 0xc0, 0x0b, 0x00, 0xdc, 0xff, 0xa8, 0x00, 0x41, 0xc9,
  0x84, 0x17, 0x00, 0x00, 0x00, 0x00, 0x12, 0xdc, 0xff, 0xff, 0xc3, 0x26,
  0x00, 0x2f, 0xff, 0xff, 0x6e, 0x00, 0xdc, 0xff, 0xa8, 0x00, 0x9a, 0xff,
  0xf8, 0x0f, 0x00, 0x00, 0x00, 0x0a, 0xc1, 0xff, 0xff, 0xff, 0xff, 0xf7,
  0x72, 0x00, 0xc2, 0xff, 0xdd, 0x01, 0xdc, 0xff, 0xa8, 0x0a, 0xee, 0xff,
  0xae, 0x00, 0x00, 0x00, 0x0e, 0xc0, 0xff, 0xff, 0xb9, 0x94, 0xfe, 0xff,
  0xff, 0xa8, 0x69, 0xff, 0xff, 0x3e, 0xdc, 0xff, 0xa8, 0x71, 0xff, 0xff,
  0x44, 0x00, 0x00, 0x22, 0xd8, 0xff, 0xff, 0xe2, 0x15, 0x00, 0x46, 0xec,
  0xff, 0xe6, 0x1e, 0xee, 0xa5, 0x2f, 0xdc, 0xff, 0xa8, 0x40, 0xcd, 0xcb,
  0x00, 0x00, 0x00, 0x25, 0xfe, 0xff, 0xff, 0x88, 0x58, 0x58, 0x58, 0x79,
  0xed, 0x71, 0xf4, 0xff, 0xff, 0xff, 0xff, 0xff, 0xff, 0xff, 0xff, 0xff,
  0xc0, 0x00, 0x00, 0x00, 0xc7, 0xf5, 0xff, 0xff, 0xff, 0xff, 0xff, 0xff,
  0x6f, 0x0a, 0xf4, 0xff, 0xff, 0xff, 0xff, 0xff, 0xff, 0xff, 0xff, 0xff,
  0xc0, 0x00, 0x00, 0x00, 0x50, 0x36, 0xff, 0xff, 0xff, 0xff, 0xff, 0xff,
  0x64, 0x00, 0xf4, 0xff, 0x9e, 0x20, 0x20, 0x20, 0x20, 0x20, 0xe7, 0xff,
  0xc0, 0x00, 0x00, 0x00, 0x00, 0x00, 0x00, 0x34, 0xff, 0xff, 0x38, 0x00,
  0x00, 0x00, 0xf4, 0xff, 0xf5, 0xe8, 0xe8, 0xe8, 0xe8, 0xe8, 0xfd, 0xff,
  0xc0, 0x00, 0x00, 0x00, 0x33, 0x64, 0x64, 0x83, 0xff, 0xff, 0x86, 0x64,
  0x64, 0x14, 0xf4, 0xff, 0xff, 0xff, 0xff, 0xff, 0xff, 0xff, 0xff, 0xff,
  0xc0, 0x00, 0x00, 0x00, 0x84, 0xff, 0xff, 0xff, 0xff, 0xff, 0xff, 0xff,
  0xff, 0x34, 0xf4, 0xff, 0x90, 0x00, 0x00, 0x00, 0x00, 0x00, 0xe4, 0xff,
  0xc0, 0x00, 0x00, 0x00, 0x84, 0xff, 0xff, 0xff, 0xff, 0xff, 0xff, 0xff,
  0xff, 0x34, 0xf4, 0xff, 0xff, 0xff, 0xff, 0xff, 0xff, 0xff, 0xff, 0xff,
  0xc0, 0x00, 0x00, 0x00, 0x00, 0x08, 0x17, 0x34, 0xff, 0xff, 0x38, 0x40,
  0x19, 0x00, 0xf4, 0xff, 0xff, 0xff, 0xff, 0xff, 0xff, 0xff, 0xff, 0xff,
  0xc0, 0x00, 0x00, 0x00, 0x3c, 0xf7, 0xa3, 0x34, 0xff, 0xff, 0x38, 0xeb,
  0xff, 0x31, 0xf4, 0xff, 0x90, 0x00, 0x00, 0x00, 0x00, 0x00, 0xe4, 0xff,
  0xc0, 0x00, 0x00, 0x00, 0x15, 0xff, 0xe6, 0x34, 0xff, 0xff, 0x55, 0xff,
  0xe3, 0x01, 0xf4, 0xff, 0xff, 0xff, 0xff, 0xff, 0xff, 0xff, 0xff, 0xff,
  0xc0, 0x00, 0x00, 0x00, 0x00, 0xda, 0xff, 0x56, 0xff, 0xff, 0x93, 0xff,
  0x92, 0x00, 0xf4, 0xff, 0xff, 0xff, 0xff, 0xff, 0xff, 0xff, 0xff, 0xff,
  0xc0, 0x00, 0x00, 0x00, 0x00, 0xab, 0xff, 0x7b, 0xff, 0xff, 0x98, 0xe1,
  0x54, 0x08, 0x1e, 0x20, 0x76, 0x74, 0x24, 0x20, 0x20, 0x64, 0x35, 0x20,
  0x18, 0x00, 0x00, 0x00, 0x00, 0x30, 0x1e, 0x51, 0xff, 0xff, 0xc9, 0xe5,
  0xff, 0x35, 0x00, 0x59, 0xfb, 0xff, 0xd0, 0x06, 0xa1, 0xff, 0xe0, 0x2f,
  0x00, 0x00, 0x00, 0x00, 0x81, 0xcc, 0xf7, 0xff, 0xff, 0xff, 0xff, 0xff,
  0xff, 0x4c, 0x89, 0xff, 0xff, 0xf4, 0x39, 0x00, 0x44, 0xf3, 0xff, 0xf2,
  0x46, 0x00, 0x00, 0x00, 0x98, 0xff, 0xff, 0xff, 0xfd, 0xd0, 0x95, 0x5b,
  0x6e, 0xd7, 0xff, 0xff, 0xec, 0x38, 0x00, 0x00, 0x00, 0x36, 0xee, 0xff,
  0xfa, 0x58, 0x00, 0x00, 0x52, 0xb8, 0x7e, 0x45, 0x0d, 0x00, 0x00, 0x00,
  0x47, 0xf2, 0xff, 0xcb, 0x20, 0x00, 0x00, 0x00, 0x00, 0x00, 0x35, 0xf3,
  0xff, 0xe1, 0x1e, 0x00, 0x00, 0x00, 0x00, 0x00, 0x00, 0x00, 0x00, 0x00,
  0x00, 0x37, 0x77, 0x04, 0x00, 0x00, 0x00, 0x00, 0x00, 0x00, 0x00, 0x3f,
  0x46, 0x02, 0x00, 0x00, 0x00, 0x00, 0x00, 0x28, 0x8e, 0x18, 0x00, 0x00,
  0x00, 0x00, 0x00, 0x00, 0x00, 0x18, 0x5e, 0x9b, 0x46, 0x00, 0x00, 0x00,
  0x00, 0x00, 0x00, 0x00, 0x00, 0x00, 0x00, 0xaf, 0xff, 0xbf, 0x00, 0x00,
  0x00, 0x00, 0x00, 0x00, 0x00, 0x2a, 0xfc, 0xff, 0xdc, 0x02, 0x00, 0x00,
  0x00, 0x00, 0x00, 0x00, 0x00, 0x00, 0x56, 0xff, 0xff, 0xe7, 0x43, 0x00,
  0x00, 0xcc, 0xff, 0xff, 0xff, 0xff, 0xff, 0xff, 0xff, 0xff, 0xff, 0xff,
  0xff, 0xbc, 0x00, 0x00, 0x00, 0x27, 0xef, 0xff, 0xff, 0xff, 0xfd, 0x80,
  0x01, 0xcc, 0xff, 0xff, 0xff, 0xff, 0xff, 0xff, 0xff, 0xff, 0xff, 0xff,
  0xff, 0xbc, 0x00, 0x00, 0x1b, 0xdf, 0xff, 0xfd, 0x85, 0xf6, 0xff, 0xff,
  0xa2, 0x19, 0x20, 0xbb, 0xf9, 0xb3, 0x20, 0x20, 0x20, 0xd1, 0xf5, 0xc1,
  0x22, 0x17, 0x00, 0x23, 0xe1, 0xff, 0xff, 0x8a, 0x00, 0x2d, 0xe1, 0xff,
  0xc5, 0x28, 0x28, 0xaa, 0xff, 0xf7, 0x2e, 0x28, 0x3e, 0xfe, 0xff, 0x9d,
  0x28, 0x28, 0x0f, 0x2a, 0xff, 0xff, 0xf2, 0x5e, 0x58, 0x58, 0x72, 0xef,
  0xa0, 0xff, 0xff, 0xff, 0xff, 0xff, 0xff, 0xff, 0xff, 0xff, 0xff, 0xff,
  0xff, 0xff, 0x60, 0x00, 0xd6, 0xff, 0xff, 0xff, 0xff, 0xff, 0xff, 0x6f,
  0x5c, 0xff, 0xff, 0xff, 0xff, 0xff, 0xff, 0xff, 0xff, 0xff, 0xff, 0xff,
  0xff, 0xff, 0x60, 0x00, 0x60, 0x86, 0xff, 0xff, 0xff, 0xff, 0xff, 0x60,
  0x00, 0x00, 0x00, 0x00, 0x00, 0x00, 0x00, 0x00, 0x00, 0x00, 0x00, 0x00,
  0x00, 0x00, 0x00, 0x00, 0x00, 0x00, 0x00, 0xbc, 0xff, 0x70, 0x00, 0x00,
  0x00, 0x32, 0xc8, 0xc8, 0xc8, 0xc8, 0xc8, 0xc8, 0xc8, 0xc8, 0xc8, 0xc8,
  0xc8, 0x2b, 0x00, 0x00, 0x44, 0x64, 0x64, 0xd6, 0xff, 0xa8, 0x64, 0x64,
  0x0c, 0x40, 0xff, 0xff, 0xff, 0xff, 0xff, 0xff, 0xff, 0xff, 0xff, 0xff,
  0xff, 0x38, 0x00, 0x00, 0xb0, 0xff, 0xff, 0xff, 0xff, 0xff, 0xff, 0xff,
  0x20, 0x40, 0xff, 0xff, 0x2c, 0x00, 0xc8, 0xff, 0x98, 0x00, 0x4c, 0xff,
  0xff, 0x38, 0x00, 0x00, 0xb0, 0xff, 0xff, 0xff, 0xff, 0xff, 0xff, 0xff,
  0x20, 0x40, 0xff, 0xff, 0xff, 0xff, 0xff, 0xff, 0xff, 0xff, 0xff, 0xff,
  0xff, 0x38, 0x00, 0x00, 0x00, 0x1a, 0x08, 0xbc, 0xff, 0x70, 0x3c, 0x20,
  0x00, 0x40, 0xff, 0xff, 0x61, 0x40, 0xd6, 0xff, 0xb2, 0x40, 0x79, 0xff,
  0xff, 0x38, 0x00, 0x00, 0x61, 0xfe, 0x45, 0xbc, 0xff, 0x70, 0xc4, 0xff,
  0x21, 0x40, 0xff, 0xff, 0xff, 0xff, 0xff, 0xff, 0xff, 0xff, 0xff, 0xff,
  0xff, 0x38, 0x00, 0x00, 0x3e, 0xff, 0x80, 0xbc, 0xff, 0x70, 0xed, 0xda,
  0x00, 0x32, 0xc8, 0xc8, 0xc8, 0xc8, 0xfb, 0xff, 0xf2, 0xc8, 0xc8, 0xc8,
  0xc8, 0x2b, 0x00, 0x00, 0x0b, 0xfe, 0xb4, 0xbc, 0xff, 0x94, 0xff, 0x90,
  0x00, 0x02, 0x04, 0x04, 0x04, 0x04, 0xec, 0xff, 0xc4, 0x04, 0x04, 0x04,
  0x04, 0x01, 0x00, 0x00, 0x00, 0xe1, 0xc6, 0xbc, 0xff, 0xa2, 0xcf, 0x47,
  0x01, 0x88, 0xff, 0xff, 0xff, 0xff, 0xff, 0xff, 0xff, 0xff, 0xff, 0xff,
  0xff, 0x7c, 0x00, 0x00, 0x00, 0x27, 0x0e, 0xc7, 0xff, 0xc8, 0xc4, 0xf4,
  0x21, 0x88, 0xff, 0xff, 0xff, 0xff, 0xff, 0xff, 0xff, 0xff, 0xff, 0xff,
  0xff, 0x7c, 0x00, 0x00, 0xa5, 0xde, 0xfe, 0xff, 0xff, 0xff, 0xff, 0xff,
  0x33, 0x04, 0x04, 0x04, 0x04, 0x04, 0xec, 0xff, 0xc4, 0x04, 0x04, 0x04,
  0x04, 0x04, 0x01, 0x00, 0xc3, 0xff, 0xff, 0xff, 0xf4, 0xbe, 0x83, 0x47,
  0x74, 0xff, 0xff, 0xff, 0xff, 0xff, 0xff, 0xff, 0xff, 0xff, 0xff, 0xff,
  0xff, 0xff, 0x48, 0x00, 0x7b, 0xa8, 0x6b, 0x32, 0x04, 0x00, 0x00, 0x00,
  0x6c, 0xff, 0xff, 0xff, 0xff, 0xff, 0xff, 0xff, 0xff, 0xff, 0xff, 0xff,
  0xff, 0xff, 0x48, 0x00, 0x00, 0x00, 0x00, 0xd0, 0xff, 0xff, 0xff, 0xff,
  0xff, 0xff, 0xff, 0xff, 0xff, 0xff, 0xff, 0xff, 0xff, 0xff, 0x54, 0x00,
  0x00, 0x00, 0x00, 0x00, 0x00, 0x00, 0xd0, 0xff, 0xff, 0xff, 0xff, 0xff,
  0xff, 0xff, 0xff, 0xff, 0xff, 0xff, 0xff, 0xff, 0xff, 0x54, 0x00, 0x00,
  0x00, 0x00, 0x00, 0x00, 0x00, 0xd0, 0xff, 0xff, 0x75, 0x64, 0x64, 0x64,
  0x64, 0x64, 0x64, 0x64, 0x64, 0x64, 0x64, 0x64, 0x20, 0x00, 0x00, 0x00,
  0x00, 0x00, 0x00, 0x00, 0xd0, 0xff, 0xff, 0x4a, 0x34, 0x34, 0x34, 0x34,
  0x34, 0x34, 0x34, 0x34, 0x34, 0x34, 0x22, 0x00, 0x00, 0x00, 0x00, 0x00,
  0x00, 0x00, 0x00, 0xd0, 0xff, 0xff, 0xff, 0xff, 0xff, 0xff, 0xff, 0xff,
  0xff, 0xff, 0xff, 0xff, 0xff, 0xa8, 0x00, 0x00, 0x00, 0x00, 0x00, 0x00,
  0x00, 0x00, 0xd0, 0xff, 0xff, 0xff, 0xff, 0xff, 0xff, 0xff, 0xff, 0xff,
  0xff, 0xff, 0xff, 0xff, 0xa8, 0x00, 0x00, 0x00, 0x00, 0x00, 0x00, 0x00,
  0x00, 0xd0, 0xff, 0xff, 0x1c, 0x00, 0x00, 0x00, 0x00, 0x00, 0x00, 0x00,
  0x00, 0x00, 0x00, 0x00, 0x00, 0x00, 0x00, 0x00, 0x00, 0x00, 0x00, 0x00,
  0xd0, 0xff, 0xff, 0xff, 0xff, 0xff, 0xff, 0xff, 0xff, 0xff, 0xff, 0xff,
  0xff, 0xff, 0xa8, 0x00, 0x00, 0x00, 0x00, 0x00, 0x00, 0x00, 0x00, 0xd0,
  0xff, 0xff, 0xff, 0xff, 0xff, 0xff, 0xff, 0xff, 0xff, 0xff, 0xff, 0xff,
  0xff, 0xa8, 0x00, 0x00, 0x00, 0x00, 0x00, 0x00, 0x00, 0x00, 0xd0, 0xff,
  0xff, 0x46, 0x30, 0x30, 0x30, 0x30, 0x30, 0x30, 0x30, 0x30, 0x30, 0x30,
  0x1f, 0x00, 0x00, 0x00, 0x00, 0x5f, 0x78, 0x78, 0x78, 0xe6, 0xff, 0xff,
  0x86, 0x78, 0x78, 0x78, 0x78, 0x78, 0x78, 0x78, 0x78, 0x78, 0x78, 0x78,
  0x78, 0x78, 0x65, 0x00, 0xcc, 0xff, 0xff, 0xff, 0xff, 0xff, 0xff, 0xff,
  0xff, 0xff, 0xff, 0xff, 0xff, 0xff, 0xff, 0xff, 0xff, 0xff, 0xff, 0xff,
  0xff, 0xd8, 0x00, 0xcc, 0xff, 0xff, 0xff, 0xff, 0xff, 0xff, 0xff, 0xff,
  0xff, 0xff, 0xff, 0xff, 0xff, 0xff, 0xff, 0xff, 0xff, 0xff, 0xff, 0xff,
  0xd8, 0x00, 0x00, 0x00, 0x00, 0x4c, 0xff, 0xff, 0x84, 0x00, 0x00, 0x01,
  0xcd, 0xff, 0xff, 0x48, 0x00, 0x00, 0x00, 0x4e, 0xee, 0xcd, 0x29, 0x00,
  0x00, 0x00, 0x00, 0x00, 0x4c, 0xff, 0xff, 0x84, 0x00, 0x00, 0x00, 0x48,
  0xff, 0xff, 0xe6, 0x1e, 0x0c, 0x93, 0xff, 0xff, 0xff, 0xae, 0x02, 0x00,
  0x00, 0x00, 0x00, 0x4c, 0xff, 0xff, 0x84, 0x00, 0x00, 0x00, 0x00, 0xa7,
  0xff, 0xff, 0xda, 0xe0, 0xff, 0xff, 0xf2, 0x69, 0x00, 0x00, 0x00, 0x00,
  0x00, 0x00, 0x4c, 0xff, 0xff, 0x84, 0x00, 0x00, 0x00, 0x00, 0x11, 0xda,
  0xff, 0xff, 0xff, 0xfe, 0xa2, 0x19, 0x00, 0x00, 0x00, 0x00, 0x00, 0x00,
  0x00, 0x66, 0xff, 0xff, 0x84, 0x05, 0x30, 0x63, 0x96, 0x8a, 0x26, 0xe6,
  0xff, 0xff, 0xfe, 0xb3, 0x38, 0x00, 0x00, 0x00, 0x00, 0x00, 0x00, 0x2d,
  0xe5, 0xff, 0xff, 0xec, 0xf8, 0xff, 0xff, 0xff, 0x99, 0x00, 0x24, 0xd7,
  0xff, 0xff, 0xff, 0xff, 0xc8, 0x7e, 0x38, 0x03, 0x00, 0x00, 0x2f, 0xff,
  0xff, 0xff, 0xff, 0xff, 0xff, 0xff, 0xf3, 0x6e, 0x00, 0x00, 0x0b, 0x96,
  0xfc, 0xff, 0xff, 0xff, 0xff, 0xda, 0x13, 0x00, 0x00, 0x00, 0xc0, 0xff,
  0xff, 0xe0, 0xa4, 0x6a, 0x30, 0x03, 0x00, 0x00, 0x00, 0x00, 0x00, 0x28,
  0x9c, 0xf4, 0xff, 0xfe, 0x36, 0x00, 0x00, 0x00, 0x00, 0x4b, 0x66, 0x21,
  0x00, 0x00, 0x00, 0x00, 0x00, 0x00, 0x00, 0x00, 0x00, 0x00, 0x00, 0x00,
  0x0c, 0x50, 0x66, 0x00, 0x00, 0x10, 0xff, 0xff, 0xff, 0xff, 0xff, 0xff,
  0xff, 0xff, 0xff, 0x24, 0x34, 0xff, 0xff, 0xff, 0xff, 0xff, 0xff, 0xff,
  0xff, 0xff, 0x34, 0x10, 0xff, 0xff, 0xff, 0xff, 0xff, 0xff, 0xff, 0xff,
  0xff, 0x24, 0x34, 0xff, 0xff, 0xff, 0xff, 0xff, 0xff, 0xff, 0xff, 0xff,
  0x34, 0x10, 0xff, 0xff, 0xcb, 0x10, 0x10, 0x10, 0x8f, 0xff, 0xff, 0x24,
  0x34, 0xff, 0xff, 0x88, 0x10, 0x10, 0x10, 0xb5, 0xff, 0xff, 0x34, 0x10,
  0xff, 0xff, 0xf7, 0xd8, 0xd8, 0xd8, 0xed, 0xff, 0xff, 0x24, 0x34, 0xff,
  0xff, 0xec, 0xd8, 0xd8, 0xd8, 0xf3, 0xff, 0xff, 0x34, 0x10, 0xff, 0xff,
  0xff, 0xff, 0xff, 0xff, 0xff, 0xff, 0xff, 0x24, 0x34, 0xff, 0xff, 0xff,
  0xff, 0xff, 0xff, 0xff, 0xff, 0xff, 0x34, 0x10, 0xff, 0xff, 0xc8, 0x00,
  0x00, 0x00, 0x88, 0xff, 0xff, 0x24, 0x34, 0xff, 0xff, 0x80, 0x00, 0x00,
  0x00, 0xb0, 0xff, 0xff, 0x34, 0x10, 0xff, 0xff, 0xca, 0x0c, 0x0c, 0x0c,
  0x8d, 0xff, 0xff, 0x24, 0x34, 0xff, 0xff, 0x80, 0x00, 0x00, 0x00, 0xb0,
  0xff, 0xff, 0x34, 0x10, 0xff, 0xff, 0xff, 0xff, 0xff, 0xff, 0xff, 0xff,
  0xff, 0x24, 0x34, 0xff, 0xff, 0xff, 0xff, 0xff, 0xff, 0xff, 0xff, 0xff,
  0x34, 0x10, 0xff, 0xff, 0xff, 0xff, 0xff, 0xff, 0xff, 0xff, 0xff, 0x24,
  0x34, 0xff, 0xff, 0xff, 0xff, 0xff, 0xff, 0xff, 0xff, 0xff, 0x34, 0x10,
  0xff, 0xff, 0xc8, 0x00, 0x00, 0x00, 0x00, 0x00, 0x00, 0x00, 0x73, 0xa0,
  0x84, 0x0c, 0x0c, 0x0c, 0x0c, 0xb3, 0xff, 0xff, 0x34, 0x10, 0xff, 0xff,
  0xc8, 0x00, 0x00, 0x00, 0x00, 0x00, 0x00, 0x00, 0xc4, 0xff, 0xd0, 0x00,
  0x00, 0x00, 0x00, 0xb0, 0xff, 0xff, 0x34, 0x10, 0xff, 0xff, 0xc8, 0x00,
  0xe0, 0xff, 0xff, 0xff, 0xff, 0xff, 0xff, 0xff, 0xff, 0xff, 0xff, 0xf4,
  0x00, 0xb0, 0xff, 0xff, 0x34, 0x10, 0xff, 0xff, 0xc8, 0x00, 0xe0, 0xff,
  0xff, 0xff, 0xff, 0xff, 0xff, 0xff, 0xff, 0xff, 0xff, 0xf4, 0x00, 0xb0,
  0xff, 0xff, 0x34, 0x10, 0xff, 0xff, 0xc8, 0x00, 0x3f, 0x48, 0x48, 0x48,
  0x8d, 0xff, 0xff, 0xff, 0xdd, 0x48, 0x48, 0x44, 0x00, 0xb0, 0xff, 0xff,
  0x34, 0x10, 0xff, 0xff, 0xc8, 0x00, 0x00, 0x00, 0x00, 0x43, 0xf5, 0xff,
  0xff, 0xff, 0xd0, 0x00, 0x00, 0x00, 0x00, 0xb0, 0xff, 0xff, 0x34, 0x10,
  0xff, 0xff, 0xc8, 0x00, 0x00, 0x00, 0x69, 0xfa, 0xff, 0xe6, 0xdc, 0xff,
  0xd0, 0x00, 0x00, 0x00, 0x00, 0xb0, 0xff, 0xff, 0x34, 0x10, 0xff, 0xff,
  0xc8, 0x00, 0x1e, 0xb5, 0xff, 0xff, 0xeb, 0x2e, 0xc4, 0xff, 0xd0, 0x00,
  0x00, 0x00, 0x00, 0xb0, 0xff, 0xff, 0x34, 0x10, 0xff, 0xff, 0xc8, 0x57,
  0xf9, 0xff, 0xff, 0xdd, 0x26, 0x00, 0xc4, 0xff, 0xd0, 0x00, 0x00, 0x00,
  0x00, 0xb0, 0xff, 0xff, 0x34, 0x10, 0xff, 0xff, 0xc8, 0x05, 0xbf, 0xff,
  0xae, 0x1a, 0x41, 0x40, 0xda, 0xff, 0xcd, 0x0e, 0x0a, 0x08, 0x0e, 0xc6,
  0xff, 0xff, 0x30, 0x10, 0xff, 0xff, 0xc8, 0x00, 0x17, 0x53, 0x00, 0x02,
  0xdf, 0xff, 0xff, 0xff, 0xb2, 0x87, 0xff, 0xff, 0xff, 0xff, 0xff, 0xff,
  0x19, 0x10, 0xff, 0xff, 0xc8, 0x00, 0x00, 0x00, 0x00, 0x00, 0x8c, 0xff,
  0xfd, 0xc9, 0x32, 0x2c, 0xff, 0xff, 0xff, 0xff, 0xff, 0xbb, 0x00, 0x0a,
  0xa8, 0xa8, 0x83, 0x00, 0x00, 0x00, 0x00, 0x00, 0x0e, 0x1f, 0x0d, 0x00,
  0x00, 0x00, 0xc7, 0xd2, 0xc6, 0xab, 0x69, 0x07, 0x00, 0x10, 0xff, 0xff,
  0xff, 0xff, 0xff, 0xff, 0xff, 0xff, 0xff, 0x30, 0x3c, 0xff, 0xff, 0xff,
  0xff, 0xff, 0xff, 0xff, 0xff, 0xff, 0x2c, 0x10, 0xff, 0xff, 0xff, 0xff,
  0xff, 0xff, 0xff, 0xff, 0xff, 0x30, 0x3c, 0xff, 0xff, 0xff, 0xff, 0xff,
  0xff, 0xff, 0xff, 0xff, 0x2c, 0x10, 0xff, 0xff, 0xbf, 0x0c, 0x0c, 0x0c,
  0x86, 0xff, 0xff, 0x30, 0x3c, 0xff, 0xff, 0x82, 0x0c, 0x0c, 0x0c, 0xa4,
  0xff, 0xff, 0x2c, 0x10, 0xff, 0xff, 0xf3, 0xd0, 0xd0, 0xd0, 0xe8, 0xff,
  0xff, 0x30, 0x3c, 0xff, 0xff, 0xe7, 0xd0, 0xd0, 0xd0, 0xee, 0xff, 0xff,
  0x2c, 0x10, 0xff, 0xff, 0xff, 0xff, 0xff, 0xff, 0xff, 0xff, 0xff, 0x30,
  0x3c, 0xff, 0xff, 0xff, 0xff, 0xff, 0xff, 0xff, 0xff, 0xff, 0x2c, 0x10,
  0xff, 0xff, 0xbc, 0x00, 0x00, 0x00, 0x80, 0xff, 0xff, 0x30, 0x3c, 0xff,
  0xff, 0x7c, 0x00, 0x00, 0x00, 0xa0, 0xff, 0xff, 0x2c, 0x10, 0xff, 0xff,
  0xca, 0x38, 0x38, 0x38, 0x9c, 0xff, 0xff, 0x30, 0x3c, 0xff, 0xff, 0x92,
  0x2c, 0x2c, 0x2c, 0xb0, 0xff, 0xff, 0x2c, 0x10, 0xff, 0xff, 0xff, 0xff,
  0xff, 0xff, 0xff, 0xff, 0xff, 0x30, 0x3c, 0xff, 0xff, 0xff, 0xff, 0xff,
  0xff, 0xff, 0xff, 0xff, 0x2c, 0x10, 0xff, 0xff, 0xfc, 0xf4, 0xf4, 0xf4,
  0xf4, 0xf4, 0xf4, 0x2d, 0x3c, 0xff, 0xff, 0xff, 0xff, 0xff, 0xff, 0xff,
  0xff, 0xff, 0x2c, 0x10, 0xff, 0xff, 0xbc, 0x00, 0x00, 0x00, 0x00, 0x00,
  0x00, 0x00, 0x00, 0x00, 0x00, 0x00, 0x00, 0x00, 0x00, 0xa0, 0xff, 0xff,
  0x2c, 0x10, 0xff, 0xff, 0xbc, 0x00, 0xd0, 0xff, 0xff, 0xff, 0xff, 0xff,
  0xff, 0xff, 0xff, 0xff, 0xff, 0xc8, 0x00, 0xa0, 0xff, 0xff, 0x2c, 0x10,
  0xff, 0xff, 0xbc, 0x00, 0xd0, 0xff, 0xff, 0xff, 0xff, 0xff, 0xff, 0xff,
  0xff, 0xff, 0xff, 0xc8, 0x00, 0xa0, 0xff, 0xff, 0x2c, 0x10, 0xff, 0xff,
  0xbc, 0x00, 0x34, 0x40, 0xb8, 0xff, 0xd9, 0x40, 0x40, 0xfa, 0xff, 0xa6,
  0x40, 0x32, 0x00, 0xa0, 0xff, 0xff, 0x2c, 0x10, 0xff, 0xff, 0xbc, 0x00,
  0x00, 0x00, 0xa0, 0xff, 0xcc, 0x00, 0x00, 0xf8, 0xff, 0x88, 0x00, 0x00,
  0x00, 0xa0, 0xff, 0xff, 0x2c, 0x10, 0xff, 0xff, 0xbc, 0x24, 0xff, 0xff,
  0xff, 0xff, 0xff, 0xff, 0xff, 0xff, 0xff, 0xff, 0xff, 0xff, 0x2c, 0xa0,
  0xff, 0xff, 0x2c, 0x10, 0xff, 0xff, 0xbc, 0x24, 0xff, 0xff, 0xff, 0xff,
  0xff, 0xff, 0xff, 0xff, 0xff, 0xff, 0xff, 0xff, 0x2c, 0xa0, 0xff, 0xff,
  0x2c, 0x10, 0xff, 0xff, 0xbc, 0x0a, 0x4c, 0x4c, 0xdf, 0xff, 0xbf, 0x4c,
  0x4c, 0xfa, 0xff, 0xab, 0x4c, 0x4c, 0x0d, 0xa0, 0xff, 0xff, 0x2c, 0x10,
  0xff, 0xff, 0xbc, 0x00, 0x00, 0x1f, 0xfd, 0xff, 0x6b, 0x00, 0x00, 0xf8,
  0xff, 0x88, 0x00, 0x00, 0x00, 0xa0, 0xff, 0xff, 0x2c, 0x10, 0xff, 0xff,
  0xbc, 0x00, 0x00, 0xa5, 0xff, 0xfc, 0x1c, 0x00, 0x00, 0xf8, 0xff, 0x88,
  0x1f, 0x26, 0x25, 0xbd, 0xff, 0xff, 0x28, 0x10, 0xff, 0xff, 0xbc, 0x02,
  0x89, 0xff, 0xff, 0x9c, 0x00, 0x00, 0x00, 0xf8, 0xff, 0x88, 0x75, 0xff,
  0xff, 0xff, 0xff, 0xfe, 0x10, 0x10, 0xff, 0xff, 0xbc, 0x03, 0x8b, 0xff,
  0xd6, 0x10, 0x00, 0x00, 0x00, 0xf8, 0xff, 0x88, 0x25, 0xff, 0xff, 0xff,
  0xff, 0x9b, 0x00, 0x0a, 0xa8, 0xa8, 0x7b, 0x00, 0x00, 0x5d, 0x13, 0x00,
  0x00, 0x00, 0x00, 0x2e, 0x30, 0x19, 0x00, 0x8b, 0x8b, 0x76, 0x3c, 0x00,
  0x00, 0x10, 0xff, 0xff, 0xff, 0xff, 0xff, 0xff, 0xff, 0xff, 0xff, 0x24,
  0x34, 0xff, 0xff, 0xff, 0xff, 0xff, 0xff, 0xff, 0xff, 0xff, 0x34, 0x10,
  0xff, 0xff, 0xff, 0xff, 0xff, 0xff, 0xff, 0xff, 0xff, 0x24, 0x34, 0xff,
  0xff, 0xff, 0xff, 0xff, 0xff, 0xff, 0xff, 0xff, 0x34, 0x10, 0xff, 0xff,
  0xcb, 0x10, 0x10, 0x10, 0x8f, 0xff, 0xff, 0x24, 0x34, 0xff, 0xff, 0x88,
  0x10, 0x10, 0x10, 0xb5, 0xff, 0xff, 0x34, 0x10, 0xff, 0xff, 0xf7, 0xd8,
  0xd8, 0xd8, 0xed, 0xff, 0xff, 0x24, 0x34, 0xff, 0xff, 0xec, 0xd8, 0xd8,
  0xd8, 0xf3, 0xff, 0xff, 0x34, 0x10, 0xff, 0xff, 0xff, 0xff, 0xff, 0xff,
  0xff, 0xff, 0xff, 0x24, 0x34, 0xff, 0xff, 0xff, 0xff, 0xff, 0xff, 0xff,
  0xff, 0xff, 0x34, 0x10, 0xff, 0xff, 0xc8, 0x00, 0x00, 0x00, 0x88, 0xff,
  0xff, 0x24, 0x34, 0xff, 0xff, 0x80, 0x00, 0x00, 0x00, 0xb0, 0xff, 0xff,
  0x34, 0x10, 0xff, 0xff, 0xd3, 0x34, 0x34, 0x34, 0xa0, 0xff, 0xff, 0x24,
  0x34, 0xff, 0xff, 0x94, 0x28, 0x28, 0x28, 0xbc, 0xff, 0xff, 0x34, 0x10,
  0xff, 0xff, 0xff, 0xff, 0xff, 0xff, 0xff, 0xff, 0xff, 0x24, 0x34, 0xff,
  0xff, 0xff, 0xff, 0xff, 0xff, 0xff, 0xff, 0xff, 0x34, 0x10, 0xff, 0xff,
  0xfd, 0xf4, 0xf4, 0xf4, 0xf4, 0xf4, 0xf4, 0x22, 0x34, 0xff, 0xff, 0xff,
  0xff, 0xff, 0xff, 0xff, 0xff, 0xff, 0x34, 0x10, 0xff, 0xff, 0xc8, 0x00,
  0x00, 0x00, 0x00, 0x00, 0x00, 0x00, 0x00, 0x00, 0x00, 0x00, 0x00, 0x00,
  0x00, 0xb0, 0xff, 0xff, 0x34, 0x10, 0xff, 0xff, 0xc8, 0x00, 0x00, 0x1e,
  0x33, 0x36, 0x35, 0x34, 0x33, 0x32, 0x31, 0x30, 0x1d, 0x00, 0x00, 0xb0,
  0xff, 0xff, 0x34, 0x10, 0xff, 0xff, 0xc8, 0x00, 0x00, 0xa0, 0xff, 0xff,
  0xff, 0xff, 0xff, 0xff, 0xff, 0xff, 0x9c, 0x00, 0x00, 0xb0, 0xff, 0xff,
  0x34, 0x10, 0xff, 0xff, 0xc8, 0x00, 0x00, 0xa0, 0xff, 0xff, 0xff, 0xff,
  0xff, 0xff, 0xff, 0xff, 0x9c, 0x00, 0x00, 0xb0, 0xff, 0xff, 0x34, 0x10,
  0xff, 0xff, 0xc8, 0x00, 0x00, 0xa0, 0xff, 0xf4, 0x0c, 0x0c, 0x0c, 0x1f,
  0xff, 0xff, 0x9c, 0x00, 0x00, 0xb0, 0xff, 0xff, 0x34, 0x10, 0xff, 0xff,
  0xc8, 0x00, 0x00, 0xa0, 0xff, 0xff, 0xff, 0xff, 0xff, 0xff, 0xff, 0xff,
  0x9c, 0x00, 0x00, 0xb0, 0xff, 0xff, 0x34, 0x10, 0xff, 0xff, 0xc8, 0x00,
  0x00, 0xa0, 0xff, 0xff, 0xff, 0xff, 0xff, 0xff, 0xff, 0xff, 0x9c, 0x00,
  0x00, 0xb0, 0xff, 0xff, 0x34, 0x10, 0xff, 0xff, 0xc8, 0x00, 0x00, 0xa0,
  0xff, 0xf4, 0x00, 0x00, 0x00, 0x14, 0xff, 0xff, 0x9c, 0x00, 0x00, 0xb0,
  0xff, 0xff, 0x34, 0x10, 0xff, 0xff, 0xc8, 0x00, 0x00, 0xa0, 0xff, 0xf6,
  0x34, 0x34, 0x34, 0x43, 0xff, 0xff, 0x9c, 0x00, 0x00, 0xb0, 0xff, 0xff,
  0x34, 0x10, 0xff, 0xff, 0xc8, 0x00, 0x00, 0xa0, 0xff, 0xff, 0xff, 0xff,
  0xff, 0xff, 0xff, 0xff, 0x9c, 0x00, 0x00, 0xb2, 0xff, 0xff, 0x33, 0x10,
  0xff, 0xff, 0xc8, 0x00, 0x00, 0xa0, 0xff, 0xff, 0xff, 0xff, 0xff, 0xff,
  0xff, 0xff, 0xde, 0xa6, 0xaa, 0xf4, 0xff, 0xff, 0x27, 0x10, 0xff, 0xff,
  0xc8, 0x00, 0x00, 0xa0, 0xff, 0xf4, 0x00, 0x00, 0x00, 0x00, 0x00, 0x03,
  0xe9, 0xff, 0xff, 0xff, 0xff, 0xed, 0x04, 0x0a, 0xa8, 0xa8, 0x83, 0x00,
  0x00, 0x23, 0x38, 0x35, 0x00, 0x00, 0x00, 0x00, 0x00, 0x00, 0xa1, 0xff,
  0xff, 0xff, 0xd4, 0x41, 0x00, 0x00, 0x00, 0x00, 0x00, 0x00, 0x00, 0x00,
  0x00, 0x00, 0x00, 0x00, 0x00, 0x00, 0x00, 0x00, 0x1d, 0x38, 0x2e, 0x14,
  0x00, 0x00, 0x00, 0x14, 0xff, 0xff, 0xff, 0xff, 0xff, 0xff, 0xff, 0xff,
  0xff, 0x30, 0x3c, 0xff, 0xff, 0xff, 0xff, 0xff, 0xff, 0xff, 0xff, 0xff,
  0x34, 0x14, 0xff, 0xff, 0xf3, 0xdc, 0xdc, 0xdc, 0xee, 0xff, 0xff, 0x30,
  0x3c, 0xff, 0xff, 0xed, 0xdc, 0xdc, 0xdc, 0xf0, 0xff, 0xff, 0x34, 0x14,
  0xff, 0xff, 0xa8, 0x00, 0x00, 0x00, 0x80, 0xff, 0xff, 0x30, 0x3c, 0xff,
  0xff, 0x7c, 0x00, 0x00, 0x00, 0x90, 0xff, 0xff, 0x34, 0x14, 0xff, 0xff,
  0xff, 0xff, 0xff, 0xff, 0xff, 0xff, 0xff, 0x30, 0x3c, 0xff, 0xff, 0xff,
  0xff, 0xff, 0xff, 0xff, 0xff, 0xff, 0x34, 0x14, 0xff, 0xff, 0xef, 0xd0,
  0xd0, 0xd0, 0xe8, 0xff, 0xff, 0x30, 0x3c, 0xff, 0xff, 0xe7, 0xd0, 0xd0,
  0xd0, 0xeb, 0xff, 0xff, 0x34, 0x14, 0xff, 0xff, 0xa8, 0x00, 0x00, 0x00,
  0x80, 0xff, 0xff, 0x30, 0x3c, 0xff, 0xff, 0x7c, 0x00, 0x00, 0x00, 0x90,
  0xff, 0xff, 0x34, 0x14, 0xff, 0xff, 0xf3, 0xdc, 0xdc, 0xdc, 0xee, 0xff,
  0xff, 0x30, 0x3c, 0xff, 0xff, 0xed, 0xdc, 0xdc, 0xdc, 0xf0, 0xff, 0xff,
  0x34, 0x14, 0xff, 0xff, 0xff, 0xff, 0xff, 0xff, 0xff, 0xff, 0xff, 0x30,
  0x3c, 0xff, 0xff, 0xff, 0xff, 0xff, 0xff, 0xff, 0xff, 0xff, 0x34, 0x14,
  0xff, 0xff, 0xa8, 0x00, 0x00, 0x87, 0xfb, 0x54, 0x00, 0x00, 0x00, 0x2d,
  0xf6, 0xaf, 0x00, 0x00, 0x00, 0x90, 0xff, 0xff, 0x34, 0x14, 0xff, 0xff,
  0xa8, 0x00, 0x5e, 0xfd, 0xbb, 0x3e, 0xa0, 0x0f, 0x1e, 0xdd, 0xf1, 0x3e,
  0xb0, 0x4c, 0x00, 0x90, 0xff, 0xff, 0x34, 0x14, 0xff, 0xff, 0xa8, 0x35,
  0xff, 0xff, 0xc8, 0xed, 0xe9, 0x29, 0xcc, 0xff, 0xe5, 0xdd, 0xff, 0x75,
  0x00, 0x90, 0xff, 0xff, 0x34, 0x14, 0xff, 0xff, 0xa8, 0x01, 0xa5, 0xbe,
  0xff, 0xf0, 0x7a, 0x06, 0x5f, 0x97, 0xf6, 0xfd, 0xa9, 0x33, 0x00, 0x90,
  0xff, 0xff, 0x34, 0x14, 0xff, 0xff, 0xa8, 0x04, 0x61, 0xf4, 0xe0, 0x84,
  0xff, 0x58, 0x2c, 0xcc, 0xfe, 0x87, 0xe3, 0xc6, 0x00, 0x90, 0xff, 0xff,
  0x34, 0x14, 0xff, 0xff, 0xa8, 0x3a, 0xff, 0xff, 0xff, 0xff, 0xfc, 0xb9,
  0xce, 0xff, 0xff, 0xff, 0xf7, 0xff, 0x33, 0x90, 0xff, 0xff, 0x34, 0x14,
  0xff, 0xff, 0xa8, 0x02, 0x8b, 0x5d, 0x2c, 0x4d, 0xc6, 0x85, 0x87, 0xe1,
  0x75, 0x17, 0x23, 0x95, 0x1b, 0x90, 0xff, 0xff, 0x34, 0x14, 0xff, 0xff,
  0xa8, 0x00, 0xbc, 0xfc, 0x00, 0x90, 0xff, 0x60, 0x80, 0xff, 0x78, 0x18,
  0xff, 0xbc, 0x00, 0x90, 0xff, 0xff, 0x34, 0x14, 0xff, 0xff, 0xa8, 0x00,
  0xbc, 0xfc, 0x00, 0x90, 0xff, 0x5f, 0x80, 0xff, 0x78, 0x18, 0xff, 0xbc,
  0x00, 0x90, 0xff, 0xff, 0x34, 0x14, 0xff, 0xff, 0xa8, 0x00, 0xbc, 0xff,
  0xff, 0xff, 0xff, 0x47, 0x80, 0xff, 0xff, 0xff, 0xff, 0xbc, 0x00, 0x90,
  0xff, 0xff, 0x34, 0x14, 0xff, 0xff, 0xa8, 0x00, 0x63, 0x88, 0xa3, 0xff,
  0xff, 0x20, 0x80, 0xff, 0xc0, 0x93, 0xff, 0xcb, 0x37, 0xb5, 0xff, 0xff,
  0x30, 0x14, 0xff, 0xff, 0xa8, 0x00, 0x09, 0x5d, 0xe2, 0xff, 0xb5, 0x00,
  0x80, 0xff, 0x78, 0x04, 0x34, 0xda, 0xff, 0xff, 0xff, 0xff, 0x19, 0x14,
  0xff, 0xff, 0xa8, 0x00, 0x0e, 0xd2, 0xff, 0xb9, 0x12, 0x00, 0x80, 0xff,
  0x78, 0x00, 0x00, 0x8e, 0xff, 0xff, 0xff, 0xae, 0x00, 0x0d, 0xa8, 0xa8,
  0x6e, 0x00, 0x00, 0x28, 0x42, 0x00, 0x00, 0x00, 0x2c, 0x58, 0x29, 0x00,
  0x00, 0x35, 0x84, 0x76, 0x45, 0x02, 0x00, 0x00, 0x00, 0x00, 0x00, 0x00,
  0x00, 0x09, 0x00, 0x52, 0x88, 0x88, 0x19, 0x00, 0x00, 0x14, 0x94, 0x94,
  0x5e, 0x00, 0x00, 0x00, 0x00, 0x00, 0x60, 0xff, 0xff, 0xff, 0xff, 0xff,
  0xee, 0x69, 0x9e, 0xff, 0xff, 0x30, 0x00, 0x00, 0x24, 0xff, 0xff, 0xa4,
  0x00, 0x00, 0x00, 0x00, 0x00, 0x60, 0xff, 0xff, 0xff, 0xff, 0xff, 0xff,
  0xf6, 0xa8, 0xff, 0xff, 0x36, 0x08, 0x08, 0x25, 0xff, 0xff, 0xa4, 0x00,
  0x00, 0x00, 0x00, 0x00, 0x60, 0xff, 0xff, 0x90, 0x8f, 0xff, 0xff, 0xac,
  0x9c, 0xff, 0xff, 0xff, 0xff, 0xff, 0x50, 0xff, 0xff, 0xff, 0xff, 0xff,
  0xff, 0x90, 0x00, 0x60, 0xff, 0xff, 0x20, 0x53, 0xff, 0xff, 0x54, 0x9c,
  0xff, 0xff, 0xff, 0xff, 0xff, 0x50, 0xff, 0xff, 0xff, 0xff, 0xff, 0xff,
  0x90, 0x00, 0x60, 0xff, 0xff, 0x20, 0x99, 0xff, 0xf1, 0x09, 0x9c, 0xff,
  0xff, 0x71, 0x50, 0x50, 0x31, 0xff, 0xff, 0xc3, 0x58, 0x58, 0x58, 0x31,
  0x00, 0x60, 0xff, 0xff, 0x20, 0xe0, 0xff, 0x9d, 0x00, 0x9c, 0xff, 0xff,
  0x30, 0x00, 0x00, 0x24, 0xff, 0xff, 0xa4, 0x00, 0x1e, 0x64, 0x06, 0x00,
  0x60, 0xff, 0xff, 0x4f, 0xff, 0xff, 0x3b, 0x00, 0xa0, 0xff, 0xff, 0x54,
  0x5a, 0x8d, 0x3a, 0xff, 0xff, 0xa4, 0x00, 0x35, 0xff, 0xee, 0x27, 0x60,
  0xff, 0xff, 0x85, 0xff, 0xfe, 0x26, 0x2d, 0xea, 0xff, 0xff, 0xff, 0xff,
  0xff, 0x5c, 0xff, 0xff, 0xd3, 0x5c, 0x9a, 0xff, 0xff, 0x15, 0x60, 0xff,
  0xff, 0x24, 0xc8, 0xff, 0xca, 0x19, 0xfc, 0xff, 0xff, 0xff, 0xea, 0xb0,
  0x39, 0xf1, 0xff, 0xff, 0xff, 0xff, 0xff, 0xce, 0x00, 0x60, 0xff, 0xff,
  0x20, 0x3f, 0xff, 0xff, 0x4b, 0xc5, 0xba, 0x6f, 0x2b, 0x1c, 0xaf, 0x80,
  0xad, 0xe4, 0xfc, 0xff, 0xfd, 0xd7, 0x36, 0x00, 0x60, 0xff, 0xff, 0x20,
  0x00, 0xe3, 0xff, 0x9d, 0x0a, 0x00, 0x00, 0x00, 0x70, 0xff, 0xff, 0xa0,
  0x00, 0x00, 0x00, 0x00, 0x00, 0x00, 0x00, 0x60, 0xff, 0xff, 0x20, 0x00,
  0xb4, 0xff, 0xca, 0x1c, 0xff, 0xff, 0xff, 0xff, 0xff, 0xff, 0xff, 0xff,
  0xff, 0xff, 0xff, 0xd0, 0x00, 0x00, 0x60, 0xff, 0xff, 0x20, 0x00, 0xb8,
  0xff, 0xd6, 0x1c, 0xff, 0xff, 0xff, 0xff, 0xff, 0xff, 0xff, 0xff, 0xff,
  0xff, 0xff, 0xd0, 0x00, 0x00, 0x60, 0xff, 0xff, 0x61, 0x74, 0xf9, 0xff,
  0xbf, 0x1c, 0xff, 0xff, 0xd4, 0x50, 0x50, 0x50, 0x50, 0x50, 0x6b, 0xff,
  0xff, 0xd0, 0x00, 0x00, 0x60, 0xff, 0xff, 0x91, 0xff, 0xff, 0xff, 0x73,
  0x1c, 0xff, 0xff, 0xc0, 0x00, 0x00, 0x00, 0x00, 0x00, 0x28, 0xff, 0xff,
  0xd0, 0x00, 0x00, 0x60, 0xff, 0xff, 0x5c, 0xff, 0xf0, 0x92, 0x04, 0x1c,
  0xff, 0xff, 0xff, 0xff, 0xff, 0xff, 0xff, 0xff, 0xff, 0xff, 0xff, 0xd0,
  0x00, 0x00, 0x60, 0xff, 0xff, 0x21, 0x09, 0x00, 0x00, 0x00, 0x1c, 0xff,
  0xff, 0xff, 0xff, 0xff, 0xff, 0xff, 0xff, 0xff, 0xff, 0xff, 0xd0, 0x00,
  0x00, 0x60, 0xff, 0xff, 0x20, 0x00, 0x00, 0x00, 0x00, 0x1c, 0xff, 0xff,
  0xc0, 0x00, 0x00, 0x00, 0x00, 0x00, 0x28, 0xff, 0xff, 0xd0, 0x00, 0x00,
  0x60, 0xff, 0xff, 0x20, 0x00, 0x00, 0x00, 0x00, 0x1c, 0xff, 0xff, 0xd3,
  0x4c, 0x4c, 0x4c, 0x4c, 0x4c, 0x68, 0xff, 0xff, 0xd0, 0x00, 0x00, 0x60,
  0xff, 0xff, 0x20, 0x00, 0x00, 0x00, 0x00, 0x1c, 0xff, 0xff, 0xff, 0xff,
  0xff, 0xff, 0xff, 0xff, 0xff, 0xff, 0xff, 0xd0, 0x00, 0x00, 0x60, 0xff,
  0xff, 0x20, 0x00, 0x00, 0x00, 0x00, 0x1c, 0xff, 0xff, 0xff, 0xff, 0xff,
  0xff, 0xff, 0xff, 0xff, 0xff, 0xff, 0xd0, 0x00, 0x00, 0x3a, 0x9c, 0x9c,
  0x13, 0x00, 0x00, 0x00, 0x00, 0x13, 0xb4, 0xb4, 0x87, 0x00, 0x00, 0x00,
  0x00, 0x00, 0x18, 0x9c, 0x9c, 0x7e, 0x00, 0x00, 0x00, 0x74, 0xff, 0xff,
  0xff, 0xff, 0xff, 0xff, 0xff, 0xff, 0xff, 0xff, 0xff, 0xff, 0xff, 0xff,
  0xff, 0xff, 0xff, 0xff, 0x5c, 0x00, 0x00, 0x00, 0x6c, 0xf0, 0xf0, 0xf0,
  0xf0, 0xf0, 0xf0, 0xf0, 0xf7, 0xff, 0xff, 0xf5, 0xf0, 0xf0, 0xf0, 0xf0,
  0xf0, 0xf0, 0xf0, 0x56, 0x00, 0x00, 0x00, 0x00, 0x00, 0x00, 0x00, 0x00,
  0x00, 0x00, 0x00, 0x78, 0xff, 0xff, 0x50, 0x00, 0x00, 0x00, 0x00, 0x00,
  0x00, 0x00, 0x00, 0x00, 0x00, 0x7d, 0xec, 0xec, 0xec, 0xec, 0xec, 0xec,
  0xec, 0xec, 0xf5, 0xff, 0xff, 0xf2, 0xec, 0xec, 0xec, 0xec, 0xec, 0xec,
  0xec, 0xec, 0x88, 0x00, 0x88, 0xff, 0xff, 0xff, 0xff, 0xff, 0xff, 0xff,
  0xff, 0xff, 0xff, 0xff, 0xff, 0xff, 0xff, 0xff, 0xff, 0xff, 0xff, 0xff,
  0xff, 0x94, 0x00, 0x88, 0xff, 0xff, 0x2d, 0xcd, 0xe3, 0xb0, 0x77, 0x28,
  0x78, 0xff, 0xff, 0x50, 0x28, 0x6c, 0xb6, 0xf8, 0xcb, 0x4c, 0xff, 0xff,
  0x94, 0x00, 0x88, 0xff, 0xff, 0x34, 0x5b, 0x94, 0xd5, 0xff, 0x58, 0x78,
  0xff, 0xff, 0x50, 0x6f, 0xfd, 0xd6, 0x99, 0x52, 0x4d, 0xff, 0xff, 0x94,
  0x00, 0x88, 0xff, 0xff, 0x42, 0x33, 0x51, 0x72, 0xb3, 0x86, 0x78, 0xff,
  0xff, 0x50, 0xc4, 0xd2, 0x9f, 0x6e, 0x3a, 0x4a, 0xff, 0xff, 0x94, 0x00,
  0x14, 0x22, 0x1c, 0xc4, 0xff, 0xff, 0xff, 0xf7, 0xa2, 0x78, 0xff, 0xff,
  0x61, 0xa0, 0xcd, 0xfa, 0xff, 0xff, 0xb2, 0x18, 0x18, 0x0d, 0x00, 0x00,
  0x00, 0x00, 0x4e, 0x99, 0x66, 0x32, 0x05, 0x00, 0x38, 0x78, 0x78, 0x25,
  0x00, 0x00, 0x07, 0x37, 0x73, 0x46, 0x00, 0x00, 0x00, 0x00, 0x00, 0x00,
  0x54, 0xff, 0xff, 0xff, 0xff, 0xff, 0xff, 0xff, 0xff, 0xff, 0xff, 0xff,
  0xff, 0xff, 0xff, 0xff, 0xff, 0x4c, 0x00, 0x00, 0x00, 0x00, 0x00, 0x54,
  0xff, 0xff, 0xef, 0xe4, 0xe4, 0xe4, 0xf5, 0xff, 0xff, 0xe7, 0xe4, 0xe4,
  0xe4, 0xf2, 0xff, 0xff, 0x4c, 0x00, 0x00, 0x00, 0x00, 0x00, 0x54, 0xff,
  0xff, 0x68, 0x00, 0x00, 0x00, 0x9c, 0xff, 0xff, 0x20, 0x00, 0x00, 0x00,
  0x88, 0xff, 0xff, 0x4c, 0x00, 0x00, 0x00, 0x00, 0x00, 0x54, 0xff, 0xff,
  0xff, 0xff, 0xff, 0xff, 0xff, 0xff, 0xff, 0xff, 0xff, 0xff, 0xff, 0xff,
  0xff, 0xff, 0x4c, 0x00, 0x00, 0x00, 0x00, 0x00, 0x54, 0xff, 0xff, 0xde,
  0xc8, 0xc8, 0xc8, 0xea, 0xff, 0xff, 0xcf, 0xc8, 0xc8, 0xc8, 0xe5, 0xff,
  0xff, 0x4c, 0x00, 0x00, 0x00, 0x00, 0x00, 0x54, 0xff, 0xff, 0x68, 0x00,
  0x00, 0x00, 0x9c, 0xff, 0xff, 0x20, 0x00, 0x00, 0x00, 0x88, 0xff, 0xff,
  0x4c, 0x00, 0x00, 0x00, 0x00, 0x00, 0x54, 0xff, 0xff, 0xff, 0xff, 0xff,
  0xff, 0xff, 0xff, 0xff, 0xff, 0xff, 0xff, 0xff, 0xff, 0xff, 0xff, 0x50,
  0x4c, 0x01, 0x00, 0x00, 0x00, 0x54, 0xff, 0xff, 0xe8, 0xd8, 0xd8, 0xd8,
  0xf0, 0xff, 0xff, 0xdd, 0xd8, 0xd8, 0xd8, 0xd8, 0xd8, 0xd8, 0x61, 0xff,
  0xe9, 0x3b, 0x00, 0x00, 0x46, 0xd8, 0xd8, 0x57, 0x00, 0x00, 0x00, 0x8e,
  0xff, 0xff, 0x70, 0x28, 0x24, 0x24, 0x24, 0x24, 0x27, 0x92, 0xff, 0xff,
  0x28, 0x00, 0x00, 0x00, 0x00, 0x00, 0x00, 0x00, 0x00, 0x00, 0x53, 0xff,
  0xff, 0xff, 0xff, 0xff, 0xff, 0xff, 0xff, 0xff, 0xff, 0xff, 0xd2, 0x00,
  0x00, 0x00, 0x00, 0x00, 0x00, 0x00, 0x00, 0x00, 0x00, 0x00, 0x73, 0xd1,
  0xf3, 0xfe, 0xff, 0xff, 0xff, 0xff, 0xfe, 0xf0, 0xb9, 0x28, 0x00, 0x00,
  0x00, 0x00, 0x00, 0x00, 0x00, 0x00, 0x00, 0x01, 0x89, 0xb8, 0xdb, 0x2e,
  0x00, 0x00, 0x00, 0x00, 0x00, 0x00, 0x00, 0x00, 0x00, 0x00, 0x00, 0x00,
  0x00, 0x00, 0x00, 0x00, 0x00, 0x00, 0x8b, 0xff, 0xff, 0xb3, 0x00, 0x00,
  0x00, 0x00, 0x00, 0x00, 0x00, 0x00, 0x00, 0x00, 0x68, 0xff, 0xff, 0xff,
  0xff, 0xff, 0xff, 0xff, 0xff, 0xff, 0xff, 0xff, 0xff, 0xff, 0xff, 0xff,
  0xff, 0xff, 0xff, 0xa4, 0x00, 0x00, 0x68, 0xff, 0xff, 0xff, 0xff, 0xff,
  0xff, 0xff, 0xff, 0xff, 0xff, 0xff, 0xff, 0xff, 0xff, 0xff, 0xff, 0xff,
  0xff, 0xa4, 0x00, 0x00, 0x32, 0x7c, 0x7c, 0x7f, 0xad, 0xe8, 0xbf, 0x7c,
  0x7c, 0x7c, 0x7c, 0x7c, 0x7c, 0xb4, 0xfc, 0xc9, 0x8a, 0x7c, 0x7c, 0x4f,
  0x00, 0x00, 0x00, 0x00, 0x00, 0x46, 0xff, 0xff, 0xd4, 0x00, 0x00, 0x00,
  0x00, 0x00, 0x00, 0xa3, 0xff, 0xff, 0xb3, 0x00, 0x00, 0x00, 0x00, 0x00,
  0x00, 0x00, 0x00, 0x02, 0xe6, 0xff, 0xff, 0x36, 0x00, 0x00, 0x00, 0x00,
  0x03, 0xe9, 0xff, 0xff, 0x4c, 0x00, 0x00, 0x00, 0x00, 0x00, 0x00, 0x00,
  0x00, 0x00, 0xa2, 0xff, 0xff, 0x7d, 0x00, 0x00, 0x00, 0x00, 0x44, 0xff,
  0xff, 0xe1, 0x02, 0x00, 0x00, 0x00, 0x00, 0xc0, 0xff, 0xff, 0xff, 0xff,
  0xff, 0xff, 0xff, 0xff, 0xff, 0xff, 0xff, 0xff, 0xff, 0xff, 0xff, 0xff,
  0xff, 0xff, 0xff, 0xff, 0xc8, 0xc0, 0xff, 0xff, 0xff, 0xff, 0xff, 0xff,
  0xff, 0xff, 0xff, 0xff, 0xff, 0xff, 0xff, 0xff, 0xff, 0xff, 0xff, 0xff,
  0xff, 0xff, 0xc8, 0x60, 0x80, 0x80, 0x80, 0x80, 0x80, 0x80, 0x80, 0x80,
  0x80, 0x80, 0x80, 0x80, 0x80, 0x80, 0x80, 0x80, 0x80, 0x80, 0x80, 0x80,
  0x64, 0x00, 0x00, 0x00, 0x00, 0x00, 0x00, 0x00, 0x00, 0x00, 0x00, 0x00,
  0x00, 0x00, 0x00, 0x00, 0x00, 0x00, 0x00, 0x00, 0x00, 0x00, 0x00, 0x00,
  0x00, 0x00, 0xc8, 0xff, 0xff, 0xff, 0xff, 0xff, 0xff, 0xff, 0xff, 0xff,
  0xff, 0xff, 0xff, 0xff, 0xff, 0xff, 0x0c, 0x00, 0x00, 0x00, 0x00, 0x00,
  0xc8, 0xff, 0xff, 0xff, 0xff, 0xff, 0xff, 0xff, 0xff, 0xff, 0xff, 0xff,
  0xff, 0xff, 0xff, 0xff, 0x0c, 0x00, 0x00, 0x00, 0x00, 0x00, 0xc8, 0xff,
  0xff, 0x71, 0x60, 0x60, 0x60, 0x60, 0x60, 0x60, 0x60, 0x60, 0x60, 0xf8,
  0xff, 0xff, 0x0c, 0x00, 0x00, 0x00, 0x00, 0x00, 0xc8, 0xff, 0xff, 0x1c,
  0x00, 0x00, 0x00, 0x00, 0x00, 0x00, 0x00, 0x00, 0x00, 0xf4, 0xff, 0xff,
  0x0c, 0x00, 0x00, 0x00, 0x00, 0x00, 0xc8, 0xff, 0xff, 0xff, 0xff, 0xff,
  0xff, 0xff, 0xff, 0xff, 0xff, 0xff, 0xff, 0xff, 0xff, 0xff, 0x0c, 0x00,
  0x00, 0x00, 0x00, 0x00, 0xc8, 0xff, 0xff, 0xff, 0xff, 0xff, 0xff, 0xff,
  0xff, 0xff, 0xff, 0xff, 0xff, 0xff, 0xff, 0xff, 0x0c, 0x00, 0x00, 0x00,
  0x00, 0x00, 0xc8, 0xff, 0xff, 0x1c, 0x00, 0x00, 0x00, 0x00, 0x00, 0x00,
  0x00, 0x00, 0x00, 0xf4, 0xff, 0xff, 0x0c, 0x00, 0x00, 0x00, 0x00, 0x00,
  0xc8, 0xff, 0xff, 0x66, 0x54, 0x54, 0x54, 0x54, 0x54, 0x54, 0x54, 0x54,
  0x54, 0xf7, 0xff, 0xff, 0x0c, 0x00, 0x00, 0x00, 0x00, 0x00, 0xc8, 0xff,
  0xff, 0xff, 0xff, 0xff, 0xff, 0xff, 0xff, 0xff, 0xff, 0xff, 0xff, 0xff,
  0xff, 0xff, 0x0c, 0x00, 0x00, 0x00, 0x00, 0x00, 0xc8, 0xff, 0xff, 0xff,
  0xff, 0xff, 0xff, 0xff, 0xff, 0xff, 0xff, 0xff, 0xff, 0xff, 0xff, 0xff,
  0x0c, 0x00, 0x00, 0x00, 0x00, 0x00, 0xa8, 0xd8, 0xd8, 0x17, 0x00, 0x00,
  0x00, 0x00, 0x00, 0x00, 0x00, 0x00, 0x00, 0xa3, 0xac, 0xac, 0x08, 0x00,
  0x00, 0x00, 0x00, 0x00, 0x04, 0xa1, 0x45, 0x00, 0x00, 0x00, 0x00, 0x52,
  0xaf, 0x9c, 0x00, 0x00, 0x00, 0x00, 0x00, 0x00, 0x00, 0x00, 0x06, 0x00,
  0x00, 0x00, 0x00, 0x00, 0x98, 0xff, 0xbc, 0x0b, 0x00, 0x49, 0x81, 0xbb,
  0xff, 0xfc, 0x78, 0x74, 0x3f, 0xc8, 0xff, 0xff, 0xff, 0xff, 0xf8, 0x9d,
  0x02, 0x00, 0x05, 0x97, 0xff, 0xba, 0x24, 0xda, 0x9d, 0x90, 0xff, 0xf9,
  0xe0, 0xe0, 0xf4, 0xff, 0x8c, 0xc8, 0xff, 0xf9, 0xf4, 0xfd, 0xff, 0xaf,
  0x00, 0x00, 0x85, 0xff, 0xff, 0xce, 0xe9, 0xfd, 0x69, 0x8c, 0xff, 0xd7,
  0x48, 0x48, 0xbb, 0xff, 0x8c, 0xc8, 0xff, 0x7c, 0x0f, 0xf6, 0xff, 0x35,
  0x00, 0x00, 0x2d, 0xb1, 0xc0, 0xff, 0xf6, 0x5a, 0x00, 0x8c, 0xff, 0xff,
  0xff, 0xff, 0xff, 0xff, 0x8c, 0xc8, 0xff, 0x7c, 0x6a, 0xff, 0xb1, 0x00,
  0x00, 0x00, 0x0a, 0x7a, 0xf8, 0xde, 0x3c, 0x85, 0xc7, 0xbe, 0xff, 0xc8,
  0x00, 0x00, 0xa0, 0xff, 0x8c, 0xc8, 0xff, 0x7c, 0x8e, 0xff, 0xd8, 0x18,
  0x00, 0x00, 0x8f, 0xff, 0xff, 0xfe, 0xff, 0xff, 0xef, 0xa3, 0xff, 0xff,
  0xff, 0xff, 0xff, 0xff, 0x8c, 0xc8, 0xff, 0x7c, 0x00, 0x99, 0xff, 0xb2,
  0x00, 0x00, 0x30, 0x8e, 0x65, 0x7f, 0xfb, 0xff, 0x62, 0x97, 0xff, 0xda,
  0x54, 0x86, 0xff, 0xf0, 0x3d, 0xc8, 0xff, 0x7c, 0x00, 0x2b, 0xff, 0xff,
  0x0d, 0x00, 0x00, 0x11, 0x83, 0xf9, 0xff, 0x76, 0x30, 0xf0, 0xff, 0xef,
  0xd4, 0xfc, 0xff, 0xff, 0xc9, 0xd2, 0xff, 0x9e, 0xd0, 0xea, 0xff, 0xf0,
  0x05, 0x00, 0x90, 0xf5, 0xff, 0xee, 0x5a, 0x00, 0x13, 0xf6, 0xff, 0xf7,
  0xcc, 0xad, 0x76, 0xa3, 0xd3, 0xe3, 0xff, 0x7c, 0xd7, 0xff, 0xe0, 0x45,
  0x00, 0x00, 0x76, 0xf9, 0x9c, 0x1a, 0x00, 0x00, 0x00, 0x4d, 0x30, 0x5e,
  0xdd, 0xfe, 0x66, 0x08, 0x03, 0x80, 0xa4, 0x4f, 0x05, 0x07, 0x00, 0x00,
  0x00, 0x00, 0x08, 0x1c, 0x48, 0xff, 0xff, 0xff, 0xff, 0xff, 0xff, 0xff,
  0xff, 0xff, 0xff, 0xff, 0xff, 0xff, 0xff, 0xff, 0xff, 0xb8, 0x00, 0x00,
  0x00, 0x00, 0x00, 0x00, 0x31, 0xb0, 0xb0, 0xbe, 0xfa, 0xff, 0xcc, 0xb0,
  0xb0, 0xb0, 0xb0, 0xbe, 0xff, 0xff, 0xe7, 0xb0, 0xb0, 0x7e, 0x00, 0x00,
  0x00, 0x00, 0x00, 0x00, 0x00, 0x00, 0x00, 0x12, 0xec, 0xff, 0xae, 0x00,
  0x00, 0x00, 0x00, 0x91, 0xff, 0xf5, 0x30, 0x00, 0x00, 0x00, 0x00, 0x00,
  0x00, 0x00, 0xd4, 0xff, 0xff, 0xff, 0xff, 0xff, 0xff, 0xff, 0xff, 0xff,
  0xff, 0xff, 0xff, 0xff, 0xff, 0xff, 0xff, 0xff, 0xff, 0xff, 0xff, 0xe4,
  0x00, 0x00, 0xb9, 0xe0, 0xe0, 0xe0, 0xe0, 0xe0, 0xe0, 0xe0, 0xe0, 0xe0,
  0xe0, 0xe0, 0xe0, 0xe0, 0xe0, 0xe0, 0xe0, 0xe0, 0xe0, 0xe0, 0xe0, 0xc7,
  0x00, 0x00, 0x00, 0x00, 0x00, 0x19, 0x34, 0x34, 0x34, 0x34, 0x34, 0x34,
  0x34, 0x34, 0x34, 0x34, 0x34, 0x34, 0x34, 0x34, 0x32, 0x00, 0x00, 0x00,
  0x00, 0x00, 0x00, 0x00, 0x00, 0x7c, 0xff, 0xff, 0xff, 0xff, 0xff, 0xff,
  0xff, 0xff, 0xff, 0xff, 0xff, 0xff, 0xff, 0xff, 0xf8, 0x00, 0x00, 0x00,
  0x00, 0x00, 0x00, 0x00, 0x00, 0x7c, 0xff, 0xff, 0x4d, 0x34, 0x34, 0x34,
  0x34, 0x34, 0x34, 0x34, 0x34, 0x34, 0xd0, 0xff, 0xf8, 0x00, 0x00, 0x00,
  0x00, 0x00, 0x00, 0x00, 0x00, 0x7c, 0xff, 0xff, 0xff, 0xff, 0xff, 0xff,
  0xff, 0xff, 0xff, 0xff, 0xff, 0xff, 0xff, 0xff, 0xf8, 0x00, 0x00, 0x00,
  0x00, 0x00, 0x00, 0x00, 0x00, 0x7c, 0xff, 0xff, 0x4d, 0x34, 0x34, 0x34,
  0x34, 0x34, 0x34, 0x34, 0x34, 0x34, 0xd0, 0xff, 0xf8, 0x00, 0x00, 0x00,
  0x00, 0x00, 0x00, 0x00, 0x00, 0x7c, 0xff, 0xff, 0xff, 0xff, 0xff, 0xff,
  0xff, 0xff, 0xff, 0xff, 0xff, 0xff, 0xff, 0xff, 0xf8, 0x00, 0x00, 0x00,
  0x00, 0x00, 0x00, 0x00, 0x00, 0x43, 0x8c, 0x8c, 0x11, 0x00, 0x00, 0x00,
  0x00, 0x00, 0x00, 0x00, 0x00, 0x00, 0x80, 0xa8, 0xa2, 0x00, 0x00, 0x00,
  0x00, 0x00, 0x00, 0x00, 0x00, 0x00, 0x62, 0x42, 0x00, 0x00, 0x00, 0x00,
  0x00, 0x61, 0xff, 0xff, 0x99, 0x00, 0x00, 0x00, 0x2b, 0xf7, 0xff, 0xe2,
  0x17, 0x00, 0x00, 0x01, 0xcc, 0xff, 0xfe, 0x40, 0x00, 0x00, 0x00, 0x59,
  0xff, 0xff, 0x9a, 0x00, 0x00, 0x00, 0x00, 0xd2, 0xff, 0xf7, 0x1b, 0x00,
  0x00, 0x00, 0x33, 0xff, 0xff, 0xa4, 0x00, 0x00, 0x00, 0x00, 0x84, 0xff,
  0xff, 0x47, 0x00, 0x00, 0x00, 0x00, 0xbc, 0xff, 0xfb, 0x0a, 0x00, 0x00,
  0x00, 0x00, 0xed, 0xff, 0xd0, 0x00, 0x00, 0x00, 0x00, 0x02, 0xfe, 0xff,
  0xb6, 0x00, 0x00, 0x00, 0x00, 0x11, 0xff, 0xff, 0xa6, 0x00, 0x00, 0x00,
  0x00, 0x0e, 0xff, 0xff, 0xaa, 0x00, 0x00, 0x00, 0x00, 0x00, 0xfc, 0xff,
  0xba, 0x00, 0x00, 0x00, 0x00, 0x00, 0xe4, 0xff, 0xdc, 0x00, 0x00, 0x00,
  0x00, 0x00, 0xb0, 0xff, 0xff, 0x14, 0x00, 0x00, 0x00, 0x00, 0x75, 0xff,
  0xff, 0x5c, 0x00, 0x00, 0x00, 0x00, 0x1e, 0xfe, 0xff, 0xbc, 0x00, 0x00,
  0x00, 0x00, 0x00, 0xba, 0xff, 0xff, 0x34, 0x00, 0x00, 0x00, 0x00, 0x3a,
  0xff, 0xff, 0xbe, 0x00, 0x00, 0x00, 0x00, 0x00, 0xaa, 0xff, 0xff, 0x6a,
  0x00, 0x00, 0x00, 0x00, 0x13, 0xe5, 0xff, 0xf6, 0x35, 0x00, 0x00, 0x00,
  0x00, 0x36, 0xf5, 0xf4, 0x7c, 0x00, 0x00, 0x00, 0x00, 0x00, 0x31, 0x11,
  0x00, 0x00, 0x42, 0x62, 0x00, 0x00, 0x00, 0x00, 0x00, 0x99, 0xff, 0xff,
  0x61, 0x00, 0x00, 0x00, 0x00, 0x17, 0xe2, 0xff, 0xf7, 0x2b, 0x00, 0x00,
  0x00, 0x00, 0x40, 0xfe, 0xff, 0xcc, 0x01, 0x00, 0x00, 0x00, 0x00, 0x9b,
  0xff, 0xff, 0x59, 0x00, 0x00, 0x00, 0x00, 0x1b, 0xf7, 0xff, 0xd3, 0x00,
  0x00, 0x00, 0x00, 0x00, 0xa5, 0xff, 0xff, 0x32, 0x00, 0x00, 0x00, 0x00,
  0x48, 0xff, 0xff, 0x84, 0x00, 0x00, 0x00, 0x00, 0x0a, 0xfc, 0xff, 0xbb,
  0x00, 0x00, 0x00, 0x00, 0x00, 0xd1, 0xff, 0xec, 0x00, 0x00, 0x00, 0x00,
  0x00, 0xb7, 0xff, 0xfe, 0x02, 0x00, 0x00, 0x00, 0x00, 0xa6, 0xff, 0xff,
  0x11, 0x00, 0x00, 0x00, 0x00, 0xab, 0xff, 0xff, 0x0d, 0x00, 0x00, 0x00,
  0x00, 0xbb, 0xff, 0xfb, 0x00, 0x00, 0x00, 0x00, 0x00, 0xdc, 0xff, 0xe4,
  0x00, 0x00, 0x00, 0x00, 0x14, 0xff, 0xff, 0xaf, 0x00, 0x00, 0x00, 0x00,
  0x5c, 0xff, 0xff, 0x75, 0x00, 0x00, 0x00, 0x00, 0xbc, 0xff, 0xfe, 0x1f,
  0x00, 0x00, 0x00, 0x34, 0xff, 0xff, 0xbb, 0x00, 0x00, 0x00, 0x00, 0xbf,
  0xff, 0xff, 0x3a, 0x00, 0x00, 0x00, 0x6b, 0xff, 0xff, 0xa9, 0x00, 0x00,
  0x00, 0x36, 0xf6, 0xff, 0xe5, 0x13, 0x00, 0x00, 0x00, 0x7c, 0xf4, 0xf5,
  0x36, 0x00, 0x00, 0x00, 0x00, 0x00, 0x11, 0x31, 0x00, 0x00, 0x00, 0x00,
  0x00, 0x00, 0x00, 0x00, 0x00, 0x00, 0x00, 0x00, 0x00, 0x00, 0x00, 0x00,
  0x00, 0x00, 0x00, 0x00, 0x00, 0x00, 0x00, 0x00, 0x00, 0x00, 0x00, 0x34,
  0x00, 0x00, 0x00, 0x00, 0x00, 0x00, 0x00, 0x00, 0x00, 0x00, 0x00, 0x00,
  0x00, 0x00, 0x00, 0x00, 0x00, 0x00, 0x00, 0x00, 0x00, 0x00, 0x70, 0xf3,
  0x1b, 0x00, 0x00, 0x00, 0x00, 0x00, 0x00, 0x00, 0x00, 0x00, 0x00, 0x00,
  0x00, 0x00, 0x00, 0x00, 0x00, 0x00, 0x00, 0x00, 0x00, 0x70, 0xf4, 0x3e,
  0x00, 0x00, 0x00, 0x00, 0x00, 0x00, 0x00, 0x00, 0x00, 0x00, 0x00, 0x00,
  0x00, 0x00, 0x00, 0x00, 0x00, 0x00, 0x00, 0x00, 0x70, 0xf4, 0x3e, 0x00,
  0x00, 0x00, 0x00, 0x00, 0x00, 0x00, 0x00, 0x00, 0x00, 0x00, 0x00, 0x00,
  0x00, 0x00, 0x00, 0x00, 0x00, 0x00, 0x00, 0x70, 0xf4, 0x3e, 0x00, 0x00,
  0x00, 0x00, 0x00, 0x00, 0x00, 0x00, 0x00, 0x00, 0x00, 0x00, 0x00, 0x00,
  0x00, 0x00, 0x00, 0x00, 0x00, 0x00, 0x70, 0xf4, 0x3e, 0x00, 0x00, 0x00,
  0x00, 0x00, 0x00, 0x00, 0x00, 0x00, 0x00, 0x00, 0x00, 0x00, 0x00, 0x00,
  0x00, 0x00, 0x00, 0x00, 0x00, 0x70, 0xf3, 0x3e, 0x00, 0x00, 0x00, 0x00,
  0x00, 0x00, 0x00, 0x00, 0x00, 0x00, 0x00, 0x00, 0x00, 0x00, 0x00, 0x00,
  0x00, 0x00, 0x00, 0x00, 0x70, 0xf3, 0x3e, 0x00, 0x00, 0x00, 0x00, 0x00,
  0x00, 0x00, 0x00, 0x00, 0x00, 0x00, 0x00, 0x00, 0x00, 0x00, 0x00, 0x00,
  0x00, 0x00, 0x00, 0x70, 0xf3, 0x3e, 0x00, 0x00, 0x00, 0x00, 0x00, 0x00,
  0x00, 0x00, 0x00, 0x00, 0x00, 0x00, 0x00, 0x00, 0x00, 0x00, 0x00, 0x00,
  0x00, 0x00, 0x70, 0xf3, 0x3e, 0x00, 0x00, 0x00, 0x00, 0x00, 0x00, 0x00,
  0x00, 0x00, 0x00, 0x00, 0x00, 0x00, 0x00, 0x00, 0x00, 0x00, 0x00, 0x00,
  0x00, 0x70, 0xf3, 0x3e, 0x00, 0x00, 0x00, 0x00, 0x00, 0x00, 0x00, 0x00,
  0x00, 0x00, 0x00, 0x00, 0x00, 0x00, 0x00, 0x00, 0x00, 0x00, 0x00, 0x00,
  0x70, 0xf3, 0x3e, 0x00, 0x00, 0x00, 0x00, 0x00, 0x00, 0x00, 0x00, 0x00,
  0x00, 0x00, 0x00, 0x00, 0x00, 0x00, 0x00, 0x00, 0x00, 0x00, 0x00, 0x70,
  0xf3, 0x3d, 0x00, 0x00, 0x00, 0x00, 0x00, 0x00, 0x00, 0x00, 0x00, 0x00,
  0x00, 0x00, 0x00, 0x00, 0x00, 0x00, 0x00, 0x00, 0x00, 0x00, 0x70, 0xf3,
  0x3d, 0x00, 0x00, 0x00, 0x00, 0x00, 0x00, 0x00, 0x00, 0x00, 0x00, 0x00,
  0x00, 0x00, 0x00, 0x00, 0x00, 0x00, 0x00, 0x00, 0x00, 0x70, 0xf3, 0x3d,
  0x00, 0x00, 0x00, 0x00, 0x00, 0x00, 0x00, 0x00, 0x00, 0x00, 0x00, 0x00,
  0x00, 0x00, 0x00, 0x00, 0x00, 0x00, 0x00, 0x00, 0x70, 0xf3, 0x3d, 0x00,
  0x00, 0x00, 0x00, 0x00, 0x00, 0x00, 0x00, 0x00, 0x00, 0x00, 0x00, 0x00,
  0x00, 0x00, 0x00, 0x00, 0x00, 0x00, 0x00, 0x70, 0xf3, 0x3d, 0x00, 0x00,
  0x00, 0x00, 0x00, 0x00, 0x00, 0x00, 0x00, 0x00, 0x00, 0x00, 0x00, 0x00,
  0x00, 0x00, 0x00, 0x00, 0x00, 0x00, 0x70, 0xf3, 0x3d, 0x00, 0x00, 0x00,
  0x00, 0x00, 0x00, 0x00, 0x00, 0x00, 0x00, 0x00, 0x00, 0x00, 0x00, 0x00,
  0x00, 0x00, 0x00, 0x00, 0x00, 0x70, 0xf3, 0x3c, 0x00, 0x00, 0x00, 0x00,
  0x00, 0x00, 0x00, 0x00, 0x00, 0x00, 0x00, 0x00, 0x00, 0x00, 0x00, 0x00,
  0x00, 0x00, 0x00, 0x00, 0x70, 0xf3, 0x3c, 0x00, 0x00, 0x00, 0x00, 0x00,
  0x00, 0x00, 0x00, 0x00, 0x00, 0x00, 0x00, 0x00, 0x00, 0x00, 0x00, 0x00,
  0x00, 0x00, 0x00, 0x70, 0xf3, 0x3c, 0x00, 0x00, 0x00, 0x00, 0x00, 0x00,
  0x00, 0x00, 0x00, 0x00, 0x00, 0x00, 0x00, 0x00, 0x00, 0x00, 0x00, 0x00,
  0x00, 0x00, 0x70, 0xf3, 0x3c, 0x00, 0x00, 0x00, 0x00, 0x00, 0x00, 0x00,
  0x00, 0x00, 0x00, 0x00, 0x00, 0x00, 0x00, 0x00, 0x00, 0x00, 0x00, 0x00,
  0x00, 0x1b, 0xe9, 0x3c, 0x00, 0x00, 0x00, 0x00, 0x00, 0x00, 0x00, 0x00,
  0x00, 0x00, 0x00, 0x00, 0x00, 0x00, 0x00, 0x00, 0x00, 0x00, 0x00, 0x00,
  0x00, 0x00, 0x0a, 0x00, 0x00, 0x00, 0x00, 0x00, 0x00, 0x00, 0x00, 0x00,
  0x00, 0x00, 0x00, 0x00, 0x00, 0x00, 0x00, 0x00, 0x00, 0x00, 0x00, 0x00,
  0x00, 0x00, 0x00, 0x00, 0x09, 0x59, 0xa7, 0xc6, 0xcf, 0xb8, 0x7d, 0x23,
  0x00, 0x00, 0x00, 0x00, 0x00, 0x4d, 0xe4, 0xff, 0xff, 0xff, 0xff, 0xff,
  0xff, 0xfa, 0x7b, 0x00, 0x00, 0x00, 0x6e, 0xff, 0xff, 0xff, 0xff, 0xff,
  0xff, 0xff, 0xff, 0xff, 0xff, 0x64, 0x00, 0x01, 0xad, 0xff, 0xff, 0xab,
  0x36, 0x09, 0x18, 0x64, 0xf4, 0xff, 0xff, 0xdf, 0x00, 0x00, 0x03, 0xa2,
  0x6d, 0x00, 0x00, 0x00, 0x00, 0x00, 0x71, 0xff, 0xff, 0xff, 0x0f, 0x00,
  0x00, 0x00, 0x00, 0x00, 0x00, 0x00, 0x00, 0x00, 0x49, 0xff, 0xff, 0xff,
  0x18, 0x00, 0x00, 0x00, 0x00, 0x00, 0x00, 0x00, 0x00, 0x01, 0xac, 0xff,
  0xff, 0xcf, 0x00, 0x00, 0x00, 0x00, 0x00, 0x00, 0x00, 0x00, 0x05, 0xa5,
  0xff, 0xff, 0xf1, 0x29, 0x00, 0x00, 0x00, 0x00, 0x00, 0x00, 0x00, 0x11,
  0xbd, 0xff, 0xff, 0xe0, 0x2e, 0x00, 0x00, 0x00, 0x00, 0x00, 0x00, 0x00,
  0x0a, 0xcd, 0xff, 0xff, 0xc6, 0x16, 0x00, 0x00, 0x00, 0x00, 0x00, 0x00,
  0x00, 0x00, 0x7e, 0xff, 0xff, 0xdd, 0x0f, 0x00, 0x00, 0x00, 0x00, 0x00,
  0x00, 0x00, 0x00, 0x00, 0xcb, 0xff, 0xff, 0x5e, 0x00, 0x00, 0x00, 0x00,
  0x00, 0x00, 0x00, 0x00, 0x00, 0x00, 0x77, 0x90, 0x90, 0x26, 0x00, 0x00,
  0x00, 0x00, 0x00, 0x00, 0x00, 0x00, 0x00, 0x00, 0x00, 0x00, 0x00, 0x00,
  0x00, 0x00, 0x00, 0x00, 0x00, 0x00, 0x00, 0x00, 0x00, 0x00, 0x03, 0x2d,
  0x14, 0x00, 0x00, 0x00, 0x00, 0x00, 0x00, 0x00, 0x00, 0x00, 0x00, 0x07,
  0xc6, 0xff, 0xf7, 0x4e, 0x00, 0x00, 0x00, 0x00, 0x00, 0x00, 0x00, 0x00,
  0x00, 0x4d, 0xff, 0xff, 0xff, 0xc5, 0x00, 0x00, 0x00, 0x00, 0x00, 0x00,
  0x00, 0x00, 0x00, 0x41, 0xff, 0xff, 0xff, 0xb7, 0x00, 0x00, 0x00, 0x00,
  0x00, 0x00, 0x00, 0x00, 0x00, 0x00, 0x93, 0xf2, 0xd2, 0x2d, 0x00, 0x00,
  0x00, 0x00, 0x00, 0x8c, 0x8c, 0x8c, 0x8c, 0x8c, 0x8c, 0x8c, 0x8c, 0x8c,
  0x8c, 0x8c, 0x8c, 0x8c, 0x8c, 0x8c, 0x8c, 0x8c, 0x8c, 0x8c, 0x8c, 0x8c,
  0x8c, 0x8c, 0x8c, 0x8c, 0x8c, 0x8c, 0x8c, 0x8c, 0x8c, 0x8c, 0x8c, 0x8c,
  0x8c, 0x8c, 0x8c, 0x8c, 0x8c, 0x8c, 0x8c, 0x8c, 0x8c, 0x8c, 0x8c, 0x8c,
  0x8c, 0x8c, 0x8c
};
const uint32_t ems_zh_24_vlw_len = 91467;
